{
  "id": "GHSA-2w7w-2j92-44hx",
  "summary": "HTTP Request Smuggling in akka-http-core",
  "details": "A vulnerable Akka HTTP server will accept a malformed message and hand it over to the user. If the user application proxies this message to another server unchanged and that server also accepts that message but interprets it as two HTTP messages, the second message has reached the second server without having been inspected by the proxy.",
  "aliases": [
    "CVE-2021-23339"
  ],
  "modified": "2024-09-03T04:41:57.758778Z",
  "published": "2021-05-10T15:17:09Z",
  "database_specific": {
    "nvd_published_at": "2021-02-17T08:15:00Z",
    "github_reviewed_at": "2021-03-19T22:36:01Z",
    "severity": "MODERATE",
    "github_reviewed": true,
    "cwe_ids": [
      "CWE-444"
    ]
  },
  "references": [
    {
      "type": "ADVISORY",
      "url": "https://nvd.nist.gov/vuln/detail/CVE-2021-23339"
    },
    {
      "type": "WEB",
      "url": "https://github.com/akka/akka-http/pull/3754%23issuecomment-779265201"
    },
    {
      "type": "WEB",
      "url": "https://github.com/akka/akka-http/commit/e3a4935151c91cee28e65e6b894dd50839ef9d34"
    },
    {
      "type": "WEB",
      "url": "https://doc.akka.io/docs/akka-http/10.1/security/2021-02-24-incorrect-handling-of-Transfer-Encoding-header.html"
    },
    {
      "type": "WEB",
      "url": "https://snyk.io/vuln/SNYK-JAVA-COMTYPESAFEAKKA-1075043"
    }
  ],
  "affected": [
    {
      "package": {
        "name": "com.typesafe.akka:akka-http-core",
        "ecosystem": "Maven",
        "purl": "pkg:maven/com.typesafe.akka/akka-http-core"
      },
      "ranges": [
        {
          "type": "ECOSYSTEM",
          "events": [
            {
              "introduced": "10.2.0"
            },
            {
              "fixed": "10.2.4"
            }
          ]
        }
      ],
      "database_specific": {
        "source": "https://github.com/github/advisory-database/blob/main/advisories/github-reviewed/2021/05/GHSA-2w7w-2j92-44hx/GHSA-2w7w-2j92-44hx.json"
      },
      "versions": []
    },
    {
      "package": {
        "name": "com.typesafe.akka:akka-http-core",
        "ecosystem": "Maven",
        "purl": "pkg:maven/com.typesafe.akka/akka-http-core"
      },
      "ranges": [
        {
          "type": "ECOSYSTEM",
          "events": [
            {
              "introduced": "0"
            },
            {
              "fixed": "10.1.14"
            }
          ]
        }
      ],
      "versions": [
        "3.0.0-RC1"
      ],
      "database_specific": {
        "source": "https://github.com/github/advisory-database/blob/main/advisories/github-reviewed/2021/05/GHSA-2w7w-2j92-44hx/GHSA-2w7w-2j92-44hx.json"
      }
    }
  ],
  "schema_version": "1.6.0",
  "severity": [
    {
      "type": "CVSS_V3",
      "score": "CVSS:3.1/AV:N/AC:L/PR:N/UI:N/S:U/C:L/I:L/A:N"
    }
  ]
}