{
  "id": "GHSA-37m4-hqxv-w26g",
  "summary": "XWiki Platform CSRF remote code execution through scheduler job's document reference",
  "details": "### Impact\nBy creating a document with a special crafted documented reference and an `XWiki.SchedulerJobClass` XObject, it is possible to execute arbitrary code on the server whenever an admin visits the scheduler page or the scheduler page is referenced, e.g., via an image in a comment on a page in the wiki.\n\nTo reproduce on an XWiki installation, click on this link to create a new document : `<xwiki-host>/xwiki/bin/view/%22%3E%5D%5D%7B%7B%2Fhtml%7D%7D%7B%7Basync%20context%3D%22request/parameters%22%7D%7D%7B%7Bvelocity%7D%7D%23evaluate%28%24request/eval%29/`.\nThen, add to this document an object of type `XWiki.SchedulerJobClass`.\nFinally, as an admin, go to  `<xwiki-host>/xwiki/bin/view/Scheduler/?eval=$services.logging.getLogger(%22attacker%22).error(%22Hello%20from%20URL%20Parameter!%20I%20got%20programming:%20$services.security.authorization.hasAccess(%27programming%27)%22)`.\nIf the logs contain `ERROR attacker - Hello from URL Parameter! I got programming: true`, the installation is vulnerable.\n\n### Patches\nThe vulnerability has been fixed on XWiki 14.10.19, 15.5.5, and 15.9.\n\n### Workarounds\nModify the Scheduler.WebHome page following this [patch](https://github.com/xwiki/xwiki-platform/commit/f16ca4ef1513f84ce2e685d4a05d689bd3a2ab4c#diff-1e2995eacccbbbdcc4987ff64f46ac74837d166cf9e92920b4a4f8af0f10bd47).\n\n### References\n- https://jira.xwiki.org/browse/XWIKI-21416\n- https://github.com/xwiki/xwiki-platform/commit/f16ca4ef1513f84ce2e685d4a05d689bd3a2ab4c\n",
  "aliases": [
    "CVE-2024-31986"
  ],
  "modified": "2024-04-10T22:01:32Z",
  "published": "2024-04-10T17:14:35Z",
  "database_specific": {
    "nvd_published_at": "2024-04-10T21:15:06Z",
    "cwe_ids": [
      "CWE-352",
      "CWE-95"
    ],
    "severity": "CRITICAL",
    "github_reviewed": true,
    "github_reviewed_at": "2024-04-10T17:14:35Z"
  },
  "references": [
    {
      "type": "WEB",
      "url": "https://github.com/xwiki/xwiki-platform/security/advisories/GHSA-37m4-hqxv-w26g"
    },
    {
      "type": "ADVISORY",
      "url": "https://nvd.nist.gov/vuln/detail/CVE-2024-31986"
    },
    {
      "type": "WEB",
      "url": "https://github.com/xwiki/xwiki-platform/commit/8a92cb4bef7e5f244ae81eed3e64fe9be95827cf"
    },
    {
      "type": "WEB",
      "url": "https://github.com/xwiki/xwiki-platform/commit/efd3570f3e5e944ec0ad0899bf799bf9563aef87"
    },
    {
      "type": "WEB",
      "url": "https://github.com/xwiki/xwiki-platform/commit/f30d9c641750a3f034b5910c6a3a7724ae8f2269"
    },
    {
      "type": "PACKAGE",
      "url": "https://github.com/xwiki/xwiki-platform"
    },
    {
      "type": "WEB",
      "url": "https://jira.xwiki.org/browse/XWIKI-21416"
    }
  ],
  "affected": [
    {
      "package": {
        "name": "org.xwiki.platform:xwiki-platform-scheduler-ui",
        "ecosystem": "Maven",
        "purl": "pkg:maven/org.xwiki.platform/xwiki-platform-scheduler-ui"
      },
      "ranges": [
        {
          "type": "ECOSYSTEM",
          "events": [
            {
              "introduced": "3.1"
            },
            {
              "fixed": "14.10.19"
            }
          ]
        }
      ],
      "database_specific": {
        "source": "https://github.com/github/advisory-database/blob/main/advisories/github-reviewed/2024/04/GHSA-37m4-hqxv-w26g/GHSA-37m4-hqxv-w26g.json"
      },
      "versions": []
    },
    {
      "package": {
        "name": "org.xwiki.platform:xwiki-platform-scheduler-ui",
        "ecosystem": "Maven",
        "purl": "pkg:maven/org.xwiki.platform/xwiki-platform-scheduler-ui"
      },
      "ranges": [
        {
          "type": "ECOSYSTEM",
          "events": [
            {
              "introduced": "15.0-rc-1"
            },
            {
              "fixed": "15.5.4"
            }
          ]
        }
      ],
      "database_specific": {
        "source": "https://github.com/github/advisory-database/blob/main/advisories/github-reviewed/2024/04/GHSA-37m4-hqxv-w26g/GHSA-37m4-hqxv-w26g.json"
      },
      "versions": []
    },
    {
      "package": {
        "name": "org.xwiki.platform:xwiki-platform-scheduler-ui",
        "ecosystem": "Maven",
        "purl": "pkg:maven/org.xwiki.platform/xwiki-platform-scheduler-ui"
      },
      "ranges": [
        {
          "type": "ECOSYSTEM",
          "events": [
            {
              "introduced": "15.6-rc-1"
            },
            {
              "fixed": "15.9"
            }
          ]
        }
      ],
      "database_specific": {
        "source": "https://github.com/github/advisory-database/blob/main/advisories/github-reviewed/2024/04/GHSA-37m4-hqxv-w26g/GHSA-37m4-hqxv-w26g.json"
      },
      "versions": []
    }
  ],
  "schema_version": "1.6.0",
  "severity": [
    {
      "type": "CVSS_V3",
      "score": "CVSS:3.1/AV:N/AC:L/PR:L/UI:R/S:C/C:H/I:H/A:H"
    }
  ]
}