{
  "id": "GHSA-353m-jh2m-72v4",
  "summary": "Code injection in stanford-parser",
  "details": "stanford-parser v3.9.2 and below was discovered to contain a code injection vulnerability in the component edu.stanford.nlp.io.getBZip2PipedInputStream. This vulnerability is exploited via passing an unchecked argument.",
  "aliases": [
    "CVE-2023-39020"
  ],
  "modified": "2024-09-05T18:47:10.531400Z",
  "published": "2023-07-28T15:30:23Z",
  "database_specific": {
    "nvd_published_at": "2023-07-28T15:15:13Z",
    "cwe_ids": [
      "CWE-94"
    ],
    "severity": "CRITICAL",
    "github_reviewed": true,
    "github_reviewed_at": "2023-07-28T20:50:59Z"
  },
  "references": [
    {
      "type": "ADVISORY",
      "url": "https://nvd.nist.gov/vuln/detail/CVE-2023-39020"
    },
    {
      "type": "WEB",
      "url": "https://github.com/stanfordnlp/CoreNLP/commit/897231bed0efb24574c80c875c0b5f2225c145bc"
    },
    {
      "type": "WEB",
      "url": "https://github.com/LetianYuan/My-CVE-Public-References/tree/main/edu_stanford_nlp_stanford-parser"
    },
    {
      "type": "PACKAGE",
      "url": "https://github.com/stanfordnlp/CoreNLP"
    }
  ],
  "affected": [
    {
      "package": {
        "name": "edu.stanford.nlp:stanford-parser",
        "ecosystem": "Maven",
        "purl": "pkg:maven/edu.stanford.nlp/stanford-parser"
      },
      "ranges": [
        {
          "type": "ECOSYSTEM",
          "events": [
            {
              "introduced": "0"
            },
            {
              "fixed": "4.5.5"
            }
          ]
        }
      ],
      "versions": [
        "2.0.2",
        "2.0.3",
        "2.0.4",
        "2.0.5",
        "3.2.0",
        "3.3.0",
        "3.3.1",
        "3.4",
        "3.4.1",
        "3.5.0",
        "3.5.1",
        "3.5.2",
        "3.6.0",
        "3.7.0",
        "3.8.0",
        "3.9.1",
        "3.9.2"
      ],
      "database_specific": {
        "source": "https://github.com/github/advisory-database/blob/main/advisories/github-reviewed/2023/07/GHSA-353m-jh2m-72v4/GHSA-353m-jh2m-72v4.json"
      }
    }
  ],
  "schema_version": "1.6.0",
  "severity": [
    {
      "type": "CVSS_V3",
      "score": "CVSS:3.1/AV:N/AC:L/PR:N/UI:N/S:U/C:H/I:H/A:H"
    },
    {
      "type": "CVSS_V4",
      "score": "CVSS:4.0/AV:N/AC:L/AT:N/PR:N/UI:N/VC:H/VI:H/VA:H/SC:N/SI:N/SA:N"
    }
  ]
}