{
  "id": "GHSA-2fm6-mv57-p2qh",
  "summary": "Apache Dolphinscheduler Code Injection vulnerability",
  "details": "Exposure of Remote Code Execution in Apache Dolphinscheduler.\n\nThis issue affects Apache DolphinScheduler: before 3.2.2. \n\nWe recommend users to upgrade Apache DolphinScheduler to version 3.2.2, which fixes the issue.",
  "aliases": [
    "CVE-2024-43202"
  ],
  "modified": "2024-08-20T20:28:57.407034Z",
  "published": "2024-08-20T09:30:28Z",
  "database_specific": {
    "nvd_published_at": "2024-08-20T08:15:05Z",
    "cwe_ids": [
      "CWE-94"
    ],
    "severity": "CRITICAL",
    "github_reviewed": true,
    "github_reviewed_at": "2024-08-20T20:04:18Z"
  },
  "references": [
    {
      "type": "ADVISORY",
      "url": "https://nvd.nist.gov/vuln/detail/CVE-2024-43202"
    },
    {
      "type": "WEB",
      "url": "https://github.com/apache/dolphinscheduler/pull/15758"
    },
    {
      "type": "WEB",
      "url": "https://github.com/apache/dolphinscheduler/commit/dc306bfa1d3ed72eb7b72b177e33a46042d2a9c3"
    },
    {
      "type": "PACKAGE",
      "url": "https://github.com/apache/dolphinscheduler"
    },
    {
      "type": "WEB",
      "url": "https://lists.apache.org/thread/nlmdp7q7l7o3l27778vxc5px24ncr5r5"
    },
    {
      "type": "WEB",
      "url": "https://lists.apache.org/thread/qbhk9wqyxhrn4z7m4m343wqxpwg926nh"
    },
    {
      "type": "WEB",
      "url": "https://www.cve.org/CVERecord?id=CVE-2023-49109"
    }
  ],
  "affected": [
    {
      "package": {
        "name": "org.apache.dolphinscheduler:dolphinscheduler-task-api",
        "ecosystem": "Maven",
        "purl": "pkg:maven/org.apache.dolphinscheduler/dolphinscheduler-task-api"
      },
      "ranges": [
        {
          "type": "ECOSYSTEM",
          "events": [
            {
              "introduced": "0"
            },
            {
              "fixed": "3.2.2"
            }
          ]
        }
      ],
      "versions": [
        "2.0.0",
        "2.0.0-alpha",
        "2.0.1",
        "2.0.2",
        "2.0.3",
        "2.0.4",
        "2.0.5",
        "2.0.6",
        "2.0.7",
        "2.0.8",
        "2.0.9",
        "3.0.0",
        "3.0.0-alpha",
        "3.0.0-beta-1",
        "3.0.0-beta-2",
        "3.0.1",
        "3.0.2",
        "3.0.3",
        "3.0.4",
        "3.0.5",
        "3.0.6",
        "3.1.0",
        "3.1.1",
        "3.1.2",
        "3.1.3",
        "3.1.4",
        "3.1.5",
        "3.1.6",
        "3.1.7",
        "3.1.8",
        "3.1.9",
        "3.2.0",
        "3.2.1"
      ],
      "database_specific": {
        "source": "https://github.com/github/advisory-database/blob/main/advisories/github-reviewed/2024/08/GHSA-2fm6-mv57-p2qh/GHSA-2fm6-mv57-p2qh.json"
      }
    }
  ],
  "schema_version": "1.6.0",
  "severity": [
    {
      "type": "CVSS_V3",
      "score": "CVSS:3.1/AV:N/AC:L/PR:N/UI:N/S:U/C:H/I:H/A:H"
    },
    {
      "type": "CVSS_V4",
      "score": "CVSS:4.0/AV:N/AC:L/AT:N/PR:N/UI:N/VC:H/VI:H/VA:H/SC:N/SI:N/SA:N"
    }
  ]
}