{
  "id": "GHSA-2rwm-xv5j-777p",
  "summary": "Eclipse Parsson stack overflow when parsing deeply nested input",
  "details": "In Eclipse Parsson before 1.0.4 and 1.1.3, a document with a large depth of nested objects can allow an attacker to cause a Java stack overflow exception and denial of service. Eclipse Parsson allows processing (e.g. parse, generate, transform and query) JSON documents.",
  "aliases": [
    "CVE-2023-7272"
  ],
  "modified": "2024-07-17T19:56:53.179158Z",
  "published": "2024-07-17T15:30:50Z",
  "database_specific": {
    "nvd_published_at": "2024-07-17T15:15:10Z",
    "cwe_ids": [
      "CWE-787"
    ],
    "severity": "HIGH",
    "github_reviewed": true,
    "github_reviewed_at": "2024-07-17T19:29:06Z"
  },
  "references": [
    {
      "type": "ADVISORY",
      "url": "https://nvd.nist.gov/vuln/detail/CVE-2023-7272"
    },
    {
      "type": "WEB",
      "url": "https://github.com/eclipse-ee4j/parsson/issues/91"
    },
    {
      "type": "WEB",
      "url": "https://github.com/eclipse-ee4j/parsson/commit/755d2a86dff74fecc4114fbe7d21e071380c4e45"
    },
    {
      "type": "WEB",
      "url": "https://github.com/eclipse-ee4j/parsson/commit/d0ec79badd44a940c82842954430762a2199f4e1"
    },
    {
      "type": "PACKAGE",
      "url": "https://github.com/eclipse-ee4j/parsson"
    },
    {
      "type": "WEB",
      "url": "https://gitlab.eclipse.org/security/vulnerability-reports/-/issues/12"
    }
  ],
  "affected": [
    {
      "package": {
        "name": "org.eclipse.parsson:parsson",
        "ecosystem": "Maven",
        "purl": "pkg:maven/org.eclipse.parsson/parsson"
      },
      "ranges": [
        {
          "type": "ECOSYSTEM",
          "events": [
            {
              "introduced": "1.1.0"
            },
            {
              "fixed": "1.1.3"
            }
          ]
        }
      ],
      "versions": [
        "1.1.0",
        "1.1.1",
        "1.1.2"
      ],
      "database_specific": {
        "source": "https://github.com/github/advisory-database/blob/main/advisories/github-reviewed/2024/07/GHSA-2rwm-xv5j-777p/GHSA-2rwm-xv5j-777p.json"
      }
    },
    {
      "package": {
        "name": "org.eclipse.parsson:parsson",
        "ecosystem": "Maven",
        "purl": "pkg:maven/org.eclipse.parsson/parsson"
      },
      "ranges": [
        {
          "type": "ECOSYSTEM",
          "events": [
            {
              "introduced": "0"
            },
            {
              "fixed": "1.0.4"
            }
          ]
        }
      ],
      "versions": [
        "1.0.0",
        "1.0.1",
        "1.0.2",
        "1.0.3"
      ],
      "database_specific": {
        "source": "https://github.com/github/advisory-database/blob/main/advisories/github-reviewed/2024/07/GHSA-2rwm-xv5j-777p/GHSA-2rwm-xv5j-777p.json"
      }
    }
  ],
  "schema_version": "1.6.0",
  "severity": [
    {
      "type": "CVSS_V3",
      "score": "CVSS:3.1/AV:N/AC:L/PR:N/UI:N/S:C/C:N/I:N/A:H"
    },
    {
      "type": "CVSS_V4",
      "score": "CVSS:4.0/AV:N/AC:L/AT:N/PR:N/UI:N/VC:N/VI:N/VA:H/SC:N/SI:N/SA:H"
    }
  ]
}