{
  "id": "GHSA-33gp-gmg3-hfpq",
  "summary": "XWiki Platform vulnerable to document deletion and overwrite from edit",
  "details": "### Impact\n\nWhen a user has edit but not view right on a page in XWiki, that user can delete the page and replace it by a page with new content without having delete right. The previous version of the page is moved into the recycle bin and can be restored from there by an admin. As the user is recorded as deleter, the user would in theory also be able to view the deleted content, but this is not directly possible as rights of the previous version are transferred to the new page and thus the user still doesn't have view right on the page. From all we examined, it therefore doesn't seem to be possible to exploit this to gain any rights.\n\nTo reproduce, just replace `view` by `edit` in the URL of a page that you cannot view but edit and save. This should send the page to the recycle bin and replace it by an empty one if the XWiki installation is vulnerable. After the fix, an error is displayed when saving.\n\n### Patches\nThis has been patched in XWiki 14.10.21, 15.5.5 and 15.10.6 by cancelling save operations by users when a new document shall be saved despite the document's existing already.\n\n### Workarounds\nWe're not aware of any workarounds.\n\n### References\n* https://jira.xwiki.org/browse/XWIKI-21553\n* https://github.com/xwiki/xwiki-platform/commit/c5efc1e519e710afdf3c5f40c0fcc300ad77149f\n",
  "aliases": [
    "CVE-2024-37898"
  ],
  "modified": "2024-07-31T20:20:25Z",
  "published": "2024-07-31T15:20:02Z",
  "database_specific": {
    "nvd_published_at": "2024-07-31T16:15:03Z",
    "cwe_ids": [
      "CWE-862"
    ],
    "severity": "MODERATE",
    "github_reviewed": true,
    "github_reviewed_at": "2024-07-31T15:20:02Z"
  },
  "references": [
    {
      "type": "WEB",
      "url": "https://github.com/xwiki/xwiki-platform/security/advisories/GHSA-33gp-gmg3-hfpq"
    },
    {
      "type": "ADVISORY",
      "url": "https://nvd.nist.gov/vuln/detail/CVE-2024-37898"
    },
    {
      "type": "WEB",
      "url": "https://github.com/xwiki/xwiki-platform/commit/0bc27d6ec63c8a505ff950e2d1792cb4f773c22e"
    },
    {
      "type": "WEB",
      "url": "https://github.com/xwiki/xwiki-platform/commit/56f5d8aab7371d5ba891168f73890806551322c5"
    },
    {
      "type": "WEB",
      "url": "https://github.com/xwiki/xwiki-platform/commit/c5efc1e519e710afdf3c5f40c0fcc300ad77149f"
    },
    {
      "type": "WEB",
      "url": "https://github.com/xwiki/xwiki-platform/commit/e4968fe268e5644ffd9bfa4ef6257d2796446009"
    },
    {
      "type": "PACKAGE",
      "url": "https://github.com/xwiki/xwiki-platform"
    },
    {
      "type": "WEB",
      "url": "https://jira.xwiki.org/browse/XWIKI-21553"
    }
  ],
  "affected": [
    {
      "package": {
        "name": "org.xwiki.platform:xwiki-platform-oldcore",
        "ecosystem": "Maven",
        "purl": "pkg:maven/org.xwiki.platform/xwiki-platform-oldcore"
      },
      "ranges": [
        {
          "type": "ECOSYSTEM",
          "events": [
            {
              "introduced": "13.10.4"
            },
            {
              "fixed": "14.10.21"
            }
          ]
        }
      ],
      "database_specific": {
        "last_known_affected_version_range": "< 14.0-rc-1",
        "source": "https://github.com/github/advisory-database/blob/main/advisories/github-reviewed/2024/07/GHSA-33gp-gmg3-hfpq/GHSA-33gp-gmg3-hfpq.json"
      },
      "versions": []
    },
    {
      "package": {
        "name": "org.xwiki.platform:xwiki-platform-oldcore",
        "ecosystem": "Maven",
        "purl": "pkg:maven/org.xwiki.platform/xwiki-platform-oldcore"
      },
      "ranges": [
        {
          "type": "ECOSYSTEM",
          "events": [
            {
              "introduced": "14.2"
            },
            {
              "fixed": "14.10.21"
            }
          ]
        }
      ],
      "database_specific": {
        "source": "https://github.com/github/advisory-database/blob/main/advisories/github-reviewed/2024/07/GHSA-33gp-gmg3-hfpq/GHSA-33gp-gmg3-hfpq.json"
      },
      "versions": []
    },
    {
      "package": {
        "name": "org.xwiki.platform:xwiki-platform-oldcore",
        "ecosystem": "Maven",
        "purl": "pkg:maven/org.xwiki.platform/xwiki-platform-oldcore"
      },
      "ranges": [
        {
          "type": "ECOSYSTEM",
          "events": [
            {
              "introduced": "15.0"
            },
            {
              "fixed": "15.5.5"
            }
          ]
        }
      ],
      "database_specific": {
        "source": "https://github.com/github/advisory-database/blob/main/advisories/github-reviewed/2024/07/GHSA-33gp-gmg3-hfpq/GHSA-33gp-gmg3-hfpq.json"
      },
      "versions": []
    },
    {
      "package": {
        "name": "org.xwiki.platform:xwiki-platform-oldcore",
        "ecosystem": "Maven",
        "purl": "pkg:maven/org.xwiki.platform/xwiki-platform-oldcore"
      },
      "ranges": [
        {
          "type": "ECOSYSTEM",
          "events": [
            {
              "introduced": "15.6-rc-1"
            },
            {
              "fixed": "15.10.6"
            }
          ]
        }
      ],
      "database_specific": {
        "source": "https://github.com/github/advisory-database/blob/main/advisories/github-reviewed/2024/07/GHSA-33gp-gmg3-hfpq/GHSA-33gp-gmg3-hfpq.json"
      },
      "versions": []
    }
  ],
  "schema_version": "1.6.0",
  "severity": [
    {
      "type": "CVSS_V3",
      "score": "CVSS:3.1/AV:N/AC:L/PR:L/UI:N/S:U/C:N/I:L/A:N"
    },
    {
      "type": "CVSS_V4",
      "score": "CVSS:4.0/AV:N/AC:L/AT:N/PR:L/UI:N/VC:N/VI:L/VA:N/SC:N/SI:N/SA:N"
    }
  ]
}