{
  "id": "GHSA-2w4p-2hf7-gh8x",
  "summary": "Alpine allows URL access filter bypass",
  "details": "Alpine is a scaffolding library in Java. Alpine prior to version 1.10.4 allows URL access filter bypass. This issue has been fixed in version 1.10.4. There are no known workarounds.",
  "aliases": [
    "CVE-2022-23553"
  ],
  "modified": "2024-08-05T21:41:56.444935Z",
  "published": "2024-08-05T21:18:58Z",
  "database_specific": {
    "nvd_published_at": "2022-12-28T19:15:09Z",
    "cwe_ids": [
      "CWE-863"
    ],
    "severity": "HIGH",
    "github_reviewed": true,
    "github_reviewed_at": "2024-08-05T21:18:58Z"
  },
  "references": [
    {
      "type": "ADVISORY",
      "url": "https://nvd.nist.gov/vuln/detail/CVE-2022-23553"
    },
    {
      "type": "WEB",
      "url": "https://github.com/stevespringett/Alpine/commit/a7432184b9137ea095799a77f9ced370553acbd7"
    },
    {
      "type": "PACKAGE",
      "url": "https://github.com/stevespringett/Alpine"
    },
    {
      "type": "WEB",
      "url": "https://github.com/stevespringett/Alpine/blob/alpine-parent-1.10.2/alpine/src/main/java/alpine/filters/BlacklistUrlFilter.java#L107-L121"
    },
    {
      "type": "WEB",
      "url": "https://github.com/stevespringett/Alpine/blob/alpine-parent-1.10.2/alpine/src/main/java/alpine/filters/WhitelistUrlFilter.java#L115-L127"
    },
    {
      "type": "WEB",
      "url": "https://github.com/stevespringett/Alpine/releases/tag/alpine-parent-1.10.4"
    },
    {
      "type": "WEB",
      "url": "https://securitylab.github.com/advisories"
    },
    {
      "type": "ADVISORY",
      "url": "https://securitylab.github.com/advisories/GHSL-2021-1009-Alpine"
    }
  ],
  "affected": [
    {
      "package": {
        "name": "us.springett:alpine",
        "ecosystem": "Maven",
        "purl": "pkg:maven/us.springett/alpine"
      },
      "ranges": [
        {
          "type": "ECOSYSTEM",
          "events": [
            {
              "introduced": "0"
            },
            {
              "fixed": "1.10.4"
            }
          ]
        }
      ],
      "versions": [
        "1.0.0",
        "1.1.0",
        "1.1.1",
        "1.1.2",
        "1.10.0",
        "1.10.1",
        "1.10.2",
        "1.10.3",
        "1.2.0",
        "1.3.0",
        "1.4.0",
        "1.4.1",
        "1.4.2",
        "1.4.3",
        "1.5.0",
        "1.6.0",
        "1.6.1",
        "1.6.2",
        "1.6.3",
        "1.7.0",
        "1.7.1",
        "1.7.2",
        "1.8.0",
        "1.9.0",
        "1.9.1",
        "1.9.2"
      ],
      "database_specific": {
        "source": "https://github.com/github/advisory-database/blob/main/advisories/github-reviewed/2024/08/GHSA-2w4p-2hf7-gh8x/GHSA-2w4p-2hf7-gh8x.json"
      }
    }
  ],
  "schema_version": "1.6.0",
  "severity": [
    {
      "type": "CVSS_V3",
      "score": "CVSS:3.1/AV:N/AC:L/PR:N/UI:N/S:U/C:H/I:N/A:N"
    },
    {
      "type": "CVSS_V4",
      "score": "CVSS:4.0/AV:N/AC:L/AT:N/PR:N/UI:N/VC:H/VI:N/VA:N/SC:N/SI:N/SA:N"
    }
  ]
}