{
  "id": "GHSA-24rp-q3w6-vc56",
  "summary": "org.postgresql:postgresql vulnerable to SQL Injection via line comment generation",
  "details": "# Impact\nSQL injection is possible when using the non-default connection property `preferQueryMode=simple` in combination with application code that has a vulnerable SQL that negates a parameter value.\n\nThere is no vulnerability in the driver when using the default query mode. Users that do not override the query mode are not impacted.\n\n# Exploitation\n\nTo exploit this behavior the following conditions must be met:\n\n1. A placeholder for a numeric value must be immediately preceded by a minus (i.e. `-`)\n1. There must be a second placeholder for a string value after the first placeholder on the same line. \n1. Both parameters must be user controlled.\n\nThe prior behavior of the driver when operating in simple query mode would inline the negative value of the first parameter and cause the resulting line to be treated as a `--` SQL comment. That would extend to the beginning of the next parameter and cause the quoting of that parameter to be consumed by the comment line. If that string parameter includes a newline, the resulting text would appear unescaped in the resulting SQL.\n\nWhen operating in the default extended query mode this would not be an issue as the parameter values are sent separately to the server. Only in simple query mode the parameter values are inlined into the executed SQL causing this issue.\n\n# Example\n\n```java\nPreparedStatement stmt = conn.prepareStatement(\"SELECT -?, ?\");\nstmt.setInt(1, -1);\nstmt.setString(2, \"\\nWHERE false --\");\nResultSet rs = stmt.executeQuery();\n```\n\nThe resulting SQL when operating in simple query mode would be:\n\n```sql\nSELECT --1,'\nWHERE false --'\n```\n\nThe contents of the second parameter get injected into the command. Note how both the number of result columns and the WHERE clause of the command have changed. A more elaborate example could execute arbitrary other SQL commands.\n\n# Patch\nProblem will be patched upgrade to 42.7.2, 42.6.1, 42.5.5, 42.4.4, 42.3.9, 42.2.28, 42.2.28.jre7\n\nThe patch fixes the inlining of parameters by forcing them all to be serialized as wrapped literals. The SQL in the prior example would be transformed into:\n\n```sql\nSELECT -('-1'::int4), ('\nWHERE false --')\n```\n\n# Workarounds\nDo not use the connection property`preferQueryMode=simple`. (*NOTE: If you do not explicitly specify a query mode then you are using the default of `extended` and are not impacted by this issue.*)",
  "aliases": [
    "BIT-postgresql-jdbc-driver-2024-1597",
    "CVE-2024-1597",
    "CVE-2024-32888",
    "GHSA-x3wm-hffr-chwm"
  ],
  "modified": "2024-05-23T01:28:36.684416Z",
  "published": "2024-02-21T23:33:43Z",
  "related": [
    "CGA-2jc3-3rhh-rc7v",
    "CGA-2q5v-2cg8-99xh",
    "CGA-fjg5-9m84-p3v7",
    "CGA-qqm5-r7fc-q5q9",
    "CGA-x53v-hg6v-7rvv"
  ],
  "database_specific": {
    "nvd_published_at": null,
    "cwe_ids": [
      "CWE-89"
    ],
    "severity": "CRITICAL",
    "github_reviewed": true,
    "github_reviewed_at": "2024-02-21T23:33:43Z"
  },
  "references": [
    {
      "type": "WEB",
      "url": "https://github.com/pgjdbc/pgjdbc/security/advisories/GHSA-24rp-q3w6-vc56"
    },
    {
      "type": "ADVISORY",
      "url": "https://nvd.nist.gov/vuln/detail/CVE-2024-1597"
    },
    {
      "type": "WEB",
      "url": "https://github.com/pgjdbc/pgjdbc/commit/06abfb78a627277a580d4df825f210e96a4e14ee"
    },
    {
      "type": "WEB",
      "url": "https://github.com/pgjdbc/pgjdbc/commit/93b0fcb2711d9c1e3a2a03134369738a02a58b40"
    },
    {
      "type": "PACKAGE",
      "url": "https://github.com/pgjdbc/pgjdbc"
    }
  ],
  "affected": [
    {
      "package": {
        "name": "org.postgresql:postgresql",
        "ecosystem": "Maven",
        "purl": "pkg:maven/org.postgresql/postgresql"
      },
      "ranges": [
        {
          "type": "ECOSYSTEM",
          "events": [
            {
              "introduced": "0"
            },
            {
              "fixed": "42.2.28"
            }
          ]
        }
      ],
      "versions": [
        "42.0.0",
        "42.0.0.jre6",
        "42.0.0.jre7",
        "42.1.0",
        "42.1.0.jre7",
        "42.1.1",
        "42.1.1.jre6",
        "42.1.1.jre7",
        "42.1.2",
        "42.1.2.jre6",
        "42.1.2.jre7",
        "42.1.3",
        "42.1.3.jre6",
        "42.1.3.jre7",
        "42.1.4",
        "42.1.4.jre6",
        "42.1.4.jre7",
        "42.2.0",
        "42.2.0.jre6",
        "42.2.0.jre7",
        "42.2.1",
        "42.2.1.jre6",
        "42.2.1.jre7",
        "42.2.10",
        "42.2.10.jre6",
        "42.2.10.jre7",
        "42.2.11",
        "42.2.11.jre6",
        "42.2.11.jre7",
        "42.2.12",
        "42.2.12.jre6",
        "42.2.12.jre7",
        "42.2.13",
        "42.2.13.jre6",
        "42.2.13.jre7",
        "42.2.14",
        "42.2.14.jre6",
        "42.2.14.jre7",
        "42.2.15",
        "42.2.15.jre6",
        "42.2.15.jre7",
        "42.2.16",
        "42.2.16.jre6",
        "42.2.16.jre7",
        "42.2.17",
        "42.2.17.jre6",
        "42.2.17.jre7",
        "42.2.18",
        "42.2.18.jre6",
        "42.2.18.jre7",
        "42.2.19",
        "42.2.19.jre6",
        "42.2.19.jre7",
        "42.2.2",
        "42.2.2.jre6",
        "42.2.2.jre7",
        "42.2.20",
        "42.2.20.jre6",
        "42.2.20.jre7",
        "42.2.21",
        "42.2.21.jre6",
        "42.2.21.jre7",
        "42.2.22",
        "42.2.22.jre6",
        "42.2.22.jre7",
        "42.2.23",
        "42.2.23.jre6",
        "42.2.23.jre7",
        "42.2.24",
        "42.2.24.jre6",
        "42.2.24.jre7",
        "42.2.25",
        "42.2.25.jre6",
        "42.2.25.jre7",
        "42.2.26",
        "42.2.26.jre6",
        "42.2.26.jre7",
        "42.2.27",
        "42.2.27.jre6",
        "42.2.27.jre7",
        "42.2.3",
        "42.2.3.jre6",
        "42.2.3.jre7",
        "42.2.4",
        "42.2.4.jre6",
        "42.2.4.jre7",
        "42.2.5",
        "42.2.5.jre6",
        "42.2.5.jre7",
        "42.2.6",
        "42.2.6.jre6",
        "42.2.6.jre7",
        "42.2.7",
        "42.2.7.jre6",
        "42.2.7.jre7",
        "42.2.8",
        "42.2.8.jre6",
        "42.2.8.jre7",
        "42.2.9",
        "42.2.9.jre6",
        "42.2.9.jre7",
        "9.2-1002-jdbc4",
        "9.2-1003-jdbc3",
        "9.2-1003-jdbc4",
        "9.2-1004-jdbc3",
        "9.2-1004-jdbc4",
        "9.2-1004-jdbc41",
        "9.3-1100-jdbc3",
        "9.3-1100-jdbc4",
        "9.3-1100-jdbc41",
        "9.3-1101-jdbc3",
        "9.3-1101-jdbc4",
        "9.3-1101-jdbc41",
        "9.3-1102-jdbc3",
        "9.3-1102-jdbc4",
        "9.3-1102-jdbc41",
        "9.3-1103-jdbc3",
        "9.3-1103-jdbc4",
        "9.3-1103-jdbc41",
        "9.3-1104-jdbc4",
        "9.3-1104-jdbc41",
        "9.4-1200-jdbc4",
        "9.4-1200-jdbc41",
        "9.4-1201-jdbc4",
        "9.4-1201-jdbc41",
        "9.4-1202-jdbc4",
        "9.4-1202-jdbc41",
        "9.4-1202-jdbc42",
        "9.4-1203-jdbc4",
        "9.4-1203-jdbc41",
        "9.4-1203-jdbc42",
        "9.4-1204-jdbc4",
        "9.4-1204-jdbc41",
        "9.4-1204-jdbc42",
        "9.4-1205-jdbc4",
        "9.4-1205-jdbc41",
        "9.4-1205-jdbc42",
        "9.4-1206-jdbc4",
        "9.4-1206-jdbc41",
        "9.4-1206-jdbc42",
        "9.4.1207",
        "9.4.1207.jre6",
        "9.4.1207.jre7",
        "9.4.1208",
        "9.4.1208.jre6",
        "9.4.1208.jre7",
        "9.4.1209",
        "9.4.1209.jre6",
        "9.4.1209.jre7",
        "9.4.1210",
        "9.4.1210.jre6",
        "9.4.1210.jre7",
        "9.4.1211",
        "9.4.1211.jre6",
        "9.4.1211.jre7",
        "9.4.1212",
        "9.4.1212.jre6",
        "9.4.1212.jre7"
      ],
      "database_specific": {
        "source": "https://github.com/github/advisory-database/blob/main/advisories/github-reviewed/2024/02/GHSA-24rp-q3w6-vc56/GHSA-24rp-q3w6-vc56.json"
      }
    },
    {
      "package": {
        "name": "org.postgresql:postgresql",
        "ecosystem": "Maven",
        "purl": "pkg:maven/org.postgresql/postgresql"
      },
      "ranges": [
        {
          "type": "ECOSYSTEM",
          "events": [
            {
              "introduced": "42.3.0"
            },
            {
              "fixed": "42.3.9"
            }
          ]
        }
      ],
      "versions": [
        "42.3.0",
        "42.3.1",
        "42.3.2",
        "42.3.3",
        "42.3.4",
        "42.3.5",
        "42.3.6",
        "42.3.7",
        "42.3.8"
      ],
      "database_specific": {
        "source": "https://github.com/github/advisory-database/blob/main/advisories/github-reviewed/2024/02/GHSA-24rp-q3w6-vc56/GHSA-24rp-q3w6-vc56.json"
      }
    },
    {
      "package": {
        "name": "org.postgresql:postgresql",
        "ecosystem": "Maven",
        "purl": "pkg:maven/org.postgresql/postgresql"
      },
      "ranges": [
        {
          "type": "ECOSYSTEM",
          "events": [
            {
              "introduced": "42.4.0"
            },
            {
              "fixed": "42.4.4"
            }
          ]
        }
      ],
      "versions": [
        "42.4.0",
        "42.4.1",
        "42.4.2",
        "42.4.3"
      ],
      "database_specific": {
        "source": "https://github.com/github/advisory-database/blob/main/advisories/github-reviewed/2024/02/GHSA-24rp-q3w6-vc56/GHSA-24rp-q3w6-vc56.json"
      }
    },
    {
      "package": {
        "name": "org.postgresql:postgresql",
        "ecosystem": "Maven",
        "purl": "pkg:maven/org.postgresql/postgresql"
      },
      "ranges": [
        {
          "type": "ECOSYSTEM",
          "events": [
            {
              "introduced": "42.5.0"
            },
            {
              "fixed": "42.5.5"
            }
          ]
        }
      ],
      "versions": [
        "42.5.0",
        "42.5.1",
        "42.5.2",
        "42.5.3",
        "42.5.4"
      ],
      "database_specific": {
        "source": "https://github.com/github/advisory-database/blob/main/advisories/github-reviewed/2024/02/GHSA-24rp-q3w6-vc56/GHSA-24rp-q3w6-vc56.json"
      }
    },
    {
      "package": {
        "name": "org.postgresql:postgresql",
        "ecosystem": "Maven",
        "purl": "pkg:maven/org.postgresql/postgresql"
      },
      "ranges": [
        {
          "type": "ECOSYSTEM",
          "events": [
            {
              "introduced": "42.6.0"
            },
            {
              "fixed": "42.6.1"
            }
          ]
        }
      ],
      "versions": [
        "42.6.0"
      ],
      "database_specific": {
        "source": "https://github.com/github/advisory-database/blob/main/advisories/github-reviewed/2024/02/GHSA-24rp-q3w6-vc56/GHSA-24rp-q3w6-vc56.json"
      }
    },
    {
      "package": {
        "name": "org.postgresql:postgresql",
        "ecosystem": "Maven",
        "purl": "pkg:maven/org.postgresql/postgresql"
      },
      "ranges": [
        {
          "type": "ECOSYSTEM",
          "events": [
            {
              "introduced": "42.7.0"
            },
            {
              "fixed": "42.7.2"
            }
          ]
        }
      ],
      "versions": [
        "42.7.0",
        "42.7.1"
      ],
      "database_specific": {
        "source": "https://github.com/github/advisory-database/blob/main/advisories/github-reviewed/2024/02/GHSA-24rp-q3w6-vc56/GHSA-24rp-q3w6-vc56.json"
      }
    }
  ],
  "schema_version": "1.6.0",
  "severity": [
    {
      "type": "CVSS_V3",
      "score": "CVSS:3.1/AV:N/AC:L/PR:N/UI:N/S:C/C:H/I:H/A:H"
    }
  ]
}