{
  "id": "GHSA-37vr-vmg4-jwpw",
  "summary": "Apache Solr: Backup/Restore APIs allow for  deployment of executables in malicious ConfigSets ",
  "details": "Improper Control of Dynamically-Managed Code Resources, Unrestricted Upload of File with Dangerous Type, Inclusion of Functionality from Untrusted Control Sphere vulnerability in Apache Solr.This issue affects Apache Solr from 6.0.0 through 8.11.2, from 9.0.0 before 9.4.1.\n\nIn the affected versions, Solr ConfigSets accepted Java jar and class files to be uploaded through the ConfigSets API.\nWhen backing up Solr Collections, these configSet files would be saved to disk when using the LocalFileSystemRepository (the default for backups).\nIf the backup was saved to a directory that Solr uses in its ClassPath/ClassLoaders, then the jar and class files would be available to use with any ConfigSet, trusted or untrusted.\n\nWhen Solr is run in a secure way (Authorization enabled), as is strongly suggested, this vulnerability is limited to extending the Backup permissions with the ability to add libraries.\nUsers are recommended to upgrade to version 8.11.3 or 9.4.1, which fix the issue.\nIn these versions, the following protections have been added:\n\n  *  Users are no longer able to upload files to a configSet that could be executed via a Java ClassLoader.\n  *  The Backup API restricts saving backups to directories that are used in the ClassLoader.",
  "aliases": [
    "BIT-solr-2023-50386",
    "CVE-2023-50386"
  ],
  "modified": "2024-02-16T08:26:27.890797Z",
  "published": "2024-02-09T18:31:07Z",
  "related": [
    "CGA-6rj7-2h6h-rvff"
  ],
  "database_specific": {
    "nvd_published_at": "2024-02-09T18:15:08Z",
    "cwe_ids": [
      "CWE-434"
    ],
    "severity": "MODERATE",
    "github_reviewed": true,
    "github_reviewed_at": "2024-02-09T21:53:13Z"
  },
  "references": [
    {
      "type": "ADVISORY",
      "url": "https://nvd.nist.gov/vuln/detail/CVE-2023-50386"
    },
    {
      "type": "WEB",
      "url": "https://github.com/apache/lucene-solr/commit/6c8f24eb9e3fe1cb19058173f2e221de3febfeda"
    },
    {
      "type": "WEB",
      "url": "https://github.com/apache/lucene-solr/commit/7e9a2e67f812032a049836c3aa0b18bf5cd717f9"
    },
    {
      "type": "WEB",
      "url": "https://github.com/apache/solr/commit/644dd3a6d6780d71030f7070754d2f3adce22859"
    },
    {
      "type": "WEB",
      "url": "https://github.com/apache/solr/commit/c79011e81dada2f9bc4b4df32ffb32152ef81152"
    },
    {
      "type": "WEB",
      "url": "https://issues.apache.org/jira/browse/SOLR-16949"
    },
    {
      "type": "WEB",
      "url": "https://solr.apache.org/security.html#cve-2023-50386-apache-solr-backuprestore-apis-allow-for-deployment-of-executables-in-malicious-configsets"
    },
    {
      "type": "WEB",
      "url": "http://www.openwall.com/lists/oss-security/2024/02/09/1"
    }
  ],
  "affected": [
    {
      "package": {
        "name": "org.apache.solr:solr-core",
        "ecosystem": "Maven",
        "purl": "pkg:maven/org.apache.solr/solr-core"
      },
      "ranges": [
        {
          "type": "ECOSYSTEM",
          "events": [
            {
              "introduced": "6.0.0"
            },
            {
              "fixed": "8.11.3"
            }
          ]
        }
      ],
      "versions": [
        "6.0.0",
        "6.0.1",
        "6.1.0",
        "6.2.0",
        "6.2.1",
        "6.3.0",
        "6.4.0",
        "6.4.1",
        "6.4.2",
        "6.5.0",
        "6.5.1",
        "6.6.0",
        "6.6.1",
        "6.6.2",
        "6.6.3",
        "6.6.4",
        "6.6.5",
        "6.6.6",
        "7.0.0",
        "7.0.1",
        "7.1.0",
        "7.2.0",
        "7.2.1",
        "7.3.0",
        "7.3.1",
        "7.4.0",
        "7.5.0",
        "7.6.0",
        "7.7.0",
        "7.7.1",
        "7.7.2",
        "7.7.3",
        "8.0.0",
        "8.1.0",
        "8.1.1",
        "8.10.0",
        "8.10.1",
        "8.11.0",
        "8.11.1",
        "8.11.2",
        "8.2.0",
        "8.3.0",
        "8.3.1",
        "8.4.0",
        "8.4.1",
        "8.5.0",
        "8.5.1",
        "8.5.2",
        "8.6.0",
        "8.6.1",
        "8.6.2",
        "8.6.3",
        "8.7.0",
        "8.8.0",
        "8.8.1",
        "8.8.2",
        "8.9.0"
      ],
      "database_specific": {
        "source": "https://github.com/github/advisory-database/blob/main/advisories/github-reviewed/2024/02/GHSA-37vr-vmg4-jwpw/GHSA-37vr-vmg4-jwpw.json"
      }
    },
    {
      "package": {
        "name": "org.apache.solr:solr-core",
        "ecosystem": "Maven",
        "purl": "pkg:maven/org.apache.solr/solr-core"
      },
      "ranges": [
        {
          "type": "ECOSYSTEM",
          "events": [
            {
              "introduced": "9.0.0"
            },
            {
              "fixed": "9.4.1"
            }
          ]
        }
      ],
      "versions": [
        "9.0.0",
        "9.1.0",
        "9.1.1",
        "9.2.0",
        "9.2.1",
        "9.3.0",
        "9.4.0"
      ],
      "database_specific": {
        "source": "https://github.com/github/advisory-database/blob/main/advisories/github-reviewed/2024/02/GHSA-37vr-vmg4-jwpw/GHSA-37vr-vmg4-jwpw.json"
      }
    }
  ],
  "schema_version": "1.6.0"
}