{
  "id": "GHSA-34fj-r5gq-7395",
  "summary": "XWiki Platform: Remote code execution from account via SearchSuggestSourceSheet",
  "details": "### Impact\nAny user with edit right on any page can execute any code on the server by adding an object of type `XWiki.SearchSuggestSourceClass` to their user profile or any other page. This compromises the confidentiality, integrity and availability of the whole XWiki installation.\n\nTo reproduce on an instance, as a user without script nor programming rights, add an object of type `XWiki.SearchSuggestSourceClass` to your profile page. On this object, set every possible property to `}}}{{async}}{{groovy}}println(\"Hello from Groovy!\"){{/groovy}}{{/async}}` (i.e., name, engine, service, query, limit and icon). Save and display the page, then append `?sheet=XWiki.SearchSuggestSourceSheet` to the URL. If any property displays as `Hello from Groovy!}}}`, then the instance is vulnerable.\n\n### Patches\nThis vulnerability has been patched in XWiki 14.10.20, 15.5.4 and 15.10 RC1.\n\n### Workarounds\n[This patch](https://github.com/xwiki/xwiki-platform/commit/6a7f19f6424036fce3d703413137adde950ae809#diff-67b473d2b6397d65b7726c6a13555850b11b10128321adf9e627e656e1d130a5) can be manually applied to the document `XWiki.SearchSuggestSourceSheet`.\n\n### References\n* https://jira.xwiki.org/browse/XWIKI-21474\n* https://github.com/xwiki/xwiki-platform/commit/6a7f19f6424036fce3d703413137adde950ae809\n",
  "aliases": [
    "CVE-2024-31465"
  ],
  "modified": "2024-04-10T22:00:40Z",
  "published": "2024-04-10T17:11:32Z",
  "database_specific": {
    "nvd_published_at": "2024-04-10T20:15:07Z",
    "cwe_ids": [
      "CWE-95"
    ],
    "severity": "CRITICAL",
    "github_reviewed": true,
    "github_reviewed_at": "2024-04-10T17:11:32Z"
  },
  "references": [
    {
      "type": "WEB",
      "url": "https://github.com/xwiki/xwiki-platform/security/advisories/GHSA-34fj-r5gq-7395"
    },
    {
      "type": "ADVISORY",
      "url": "https://nvd.nist.gov/vuln/detail/CVE-2024-31465"
    },
    {
      "type": "WEB",
      "url": "https://github.com/xwiki/xwiki-platform/commit/0317a3aa78065e66c86fc725976b06bf7f9b446e"
    },
    {
      "type": "WEB",
      "url": "https://github.com/xwiki/xwiki-platform/commit/2740974c32dbb7cc565546d0f04e2374b32b36f7"
    },
    {
      "type": "WEB",
      "url": "https://github.com/xwiki/xwiki-platform/commit/6a7f19f6424036fce3d703413137adde950ae809"
    },
    {
      "type": "WEB",
      "url": "https://github.com/xwiki/xwiki-platform/commit/6a7f19f6424036fce3d703413137adde950ae809#diff-67b473d2b6397d65b7726c6a13555850b11b10128321adf9e627e656e1d130a5"
    },
    {
      "type": "PACKAGE",
      "url": "https://github.com/xwiki/xwiki-platform"
    },
    {
      "type": "WEB",
      "url": "https://jira.xwiki.org/browse/XWIKI-21474"
    }
  ],
  "affected": [
    {
      "package": {
        "name": "org.xwiki.platform:xwiki-platform-search-ui",
        "ecosystem": "Maven",
        "purl": "pkg:maven/org.xwiki.platform/xwiki-platform-search-ui"
      },
      "ranges": [
        {
          "type": "ECOSYSTEM",
          "events": [
            {
              "introduced": "5.2-milestone-2"
            },
            {
              "fixed": "14.10.20"
            }
          ]
        }
      ],
      "database_specific": {
        "source": "https://github.com/github/advisory-database/blob/main/advisories/github-reviewed/2024/04/GHSA-34fj-r5gq-7395/GHSA-34fj-r5gq-7395.json"
      },
      "versions": []
    },
    {
      "package": {
        "name": "org.xwiki.platform:xwiki-platform-search-ui",
        "ecosystem": "Maven",
        "purl": "pkg:maven/org.xwiki.platform/xwiki-platform-search-ui"
      },
      "ranges": [
        {
          "type": "ECOSYSTEM",
          "events": [
            {
              "introduced": "15.0-rc-1"
            },
            {
              "fixed": "15.5.4"
            }
          ]
        }
      ],
      "database_specific": {
        "source": "https://github.com/github/advisory-database/blob/main/advisories/github-reviewed/2024/04/GHSA-34fj-r5gq-7395/GHSA-34fj-r5gq-7395.json"
      },
      "versions": []
    },
    {
      "package": {
        "name": "org.xwiki.platform:xwiki-platform-search-ui",
        "ecosystem": "Maven",
        "purl": "pkg:maven/org.xwiki.platform/xwiki-platform-search-ui"
      },
      "ranges": [
        {
          "type": "ECOSYSTEM",
          "events": [
            {
              "introduced": "15.6-rc-1"
            },
            {
              "fixed": "15.10-rc-1"
            }
          ]
        }
      ],
      "database_specific": {
        "source": "https://github.com/github/advisory-database/blob/main/advisories/github-reviewed/2024/04/GHSA-34fj-r5gq-7395/GHSA-34fj-r5gq-7395.json"
      },
      "versions": []
    }
  ],
  "schema_version": "1.6.0",
  "severity": [
    {
      "type": "CVSS_V3",
      "score": "CVSS:3.1/AV:N/AC:L/PR:L/UI:N/S:C/C:H/I:H/A:H"
    }
  ]
}