{
  "id": "GHSA-mvvp-gwgc-5hrp",
  "summary": "Path Traversal in elFinder.Net.Core",
  "details": "This affects the package elFinder.Net.Core from 0 and before 1.2.4. The user-controlled file name is not properly sanitized before it is used to create a file system path.",
  "aliases": [
    "CVE-2021-23407",
    "SNYK-DOTNET-ELFINDERNETCORE-1315152"
  ],
  "modified": "2023-11-08T04:05:07.879631Z",
  "published": "2021-08-02T17:30:27Z",
  "database_specific": {
    "nvd_published_at": "2021-07-14T17:15:00Z",
    "github_reviewed_at": "2021-07-15T18:45:24Z",
    "severity": "HIGH",
    "github_reviewed": true,
    "cwe_ids": [
      "CWE-22"
    ]
  },
  "references": [
    {
      "type": "ADVISORY",
      "url": "https://nvd.nist.gov/vuln/detail/CVE-2021-23407"
    },
    {
      "type": "WEB",
      "url": "https://github.com/trannamtrung1st/elFinder.Net.Core/commit/5498c8a86b76ef089cfbd7ef8be014b61fa11c73"
    },
    {
      "type": "PACKAGE",
      "url": "https://github.com/trannamtrung1st/elFinder.Net.Core"
    },
    {
      "type": "WEB",
      "url": "https://github.com/trannamtrung1st/elFinder.Net.Core/releases/tag/all-1.2.4"
    },
    {
      "type": "WEB",
      "url": "https://snyk.io/vuln/SNYK-DOTNET-ELFINDERNETCORE-1315152"
    }
  ],
  "affected": [
    {
      "package": {
        "name": "elFinder.Net.Core",
        "ecosystem": "NuGet",
        "purl": "pkg:nuget/elFinder.Net.Core"
      },
      "ranges": [
        {
          "type": "ECOSYSTEM",
          "events": [
            {
              "introduced": "0"
            },
            {
              "fixed": "1.2.4"
            }
          ]
        }
      ],
      "versions": [
        "1.0.0",
        "1.0.1",
        "1.0.2",
        "1.0.3",
        "1.0.4",
        "1.1.0",
        "1.1.1",
        "1.1.2",
        "1.2.0",
        "1.2.1",
        "1.2.2",
        "1.2.3"
      ],
      "database_specific": {
        "source": "https://github.com/github/advisory-database/blob/main/advisories/github-reviewed/2021/08/GHSA-mvvp-gwgc-5hrp/GHSA-mvvp-gwgc-5hrp.json"
      }
    }
  ],
  "schema_version": "1.6.0",
  "severity": [
    {
      "type": "CVSS_V3",
      "score": "CVSS:3.1/AV:N/AC:L/PR:N/UI:N/S:U/C:H/I:N/A:N"
    }
  ]
}