{
  "id": "GHSA-hx93-gc73-5rpr",
  "summary": "Exposure of Sensitive Information in Elastic APM .NET Agent",
  "details": "The Elastic APM .NET Agent can leak sensitive HTTP header information when logging the details during an application error. Normally, the APM agent will sanitize sensitive HTTP header details before sending the information to the APM server. During an application error it is possible the headers will not be sanitized before being sent.",
  "aliases": [
    "CVE-2021-22143"
  ],
  "modified": "2024-02-16T07:56:44.662292Z",
  "published": "2023-11-22T03:30:19Z",
  "database_specific": {
    "nvd_published_at": "2023-11-22T02:15:41Z",
    "cwe_ids": [
      "CWE-200",
      "CWE-532"
    ],
    "severity": "LOW",
    "github_reviewed": true,
    "github_reviewed_at": "2023-11-22T20:56:15Z"
  },
  "references": [
    {
      "type": "ADVISORY",
      "url": "https://nvd.nist.gov/vuln/detail/CVE-2021-22143"
    },
    {
      "type": "WEB",
      "url": "https://github.com/elastic/apm-agent-dotnet/pull/1286"
    },
    {
      "type": "WEB",
      "url": "https://github.com/elastic/apm-agent-dotnet/commit/c2b519aaa0fe5e5044b736cfec695342f124bf30"
    },
    {
      "type": "WEB",
      "url": "https://discuss.elastic.co/t/elastic-apm-net-agent-1-10-0-security-update/274668"
    },
    {
      "type": "PACKAGE",
      "url": "https://github.com/elastic/apm-agent-dotnet"
    },
    {
      "type": "WEB",
      "url": "https://www.elastic.co/community/security"
    }
  ],
  "affected": [
    {
      "package": {
        "name": "Elastic.Apm",
        "ecosystem": "NuGet",
        "purl": "pkg:nuget/Elastic.Apm"
      },
      "ranges": [
        {
          "type": "ECOSYSTEM",
          "events": [
            {
              "introduced": "0"
            },
            {
              "fixed": "1.10.0"
            }
          ]
        }
      ],
      "versions": [
        "0.0.1",
        "0.0.1-alpha",
        "0.0.2-alpha",
        "1.0.0",
        "1.0.0-beta1",
        "1.0.1",
        "1.1.0",
        "1.1.1",
        "1.1.2",
        "1.2.0",
        "1.3.0",
        "1.3.1",
        "1.4.0",
        "1.5.0",
        "1.5.1",
        "1.6.0",
        "1.6.1",
        "1.7.0",
        "1.7.1",
        "1.8.0",
        "1.8.1",
        "1.9.0"
      ],
      "database_specific": {
        "source": "https://github.com/github/advisory-database/blob/main/advisories/github-reviewed/2023/11/GHSA-hx93-gc73-5rpr/GHSA-hx93-gc73-5rpr.json"
      }
    }
  ],
  "schema_version": "1.6.0",
  "severity": [
    {
      "type": "CVSS_V3",
      "score": "CVSS:3.1/AV:A/AC:L/PR:H/UI:R/S:U/C:L/I:N/A:N"
    }
  ]
}