{
  "id": "GHSA-ff4q-64jc-gx98",
  "summary": "IdentityServer Open Redirect vulnerability",
  "details": "### Impact\nIt is possible for an attacker to craft malicious Urls that certain functions in IdentityServer will incorrectly treat as local and trusted. If such a Url is returned as a redirect, some browsers will follow it to a third-party, untrusted site.\n\n_Note: by itself, this vulnerability does **not** allow an attacker to obtain user credentials, authorization codes, access tokens, refresh tokens, or identity tokens. An attacker could however exploit this vulnerability as part of a phishing attack designed to steal user credentials._\n\n### Affected Methods\n- In the `DefaultIdentityServerInteractionService`, the `GetAuthorizationContextAsync` method may return non-null and the `IsValidReturnUrl` method may return true for malicious Urls, indicating incorrectly that they can be safely redirected to.\n\n   _UI code calling these two methods is the most commonly used code path that will expose the vulnerability. The default UI templates rely on this behavior in the Login, Challenge, Consent, and Account Creation pages. Customized user interface code might also rely on this behavior. The following uncommonly used APIs are also vulnerable:_\n\n- The `ServerUrlExtensions.GetIdentityServerRelativeUrl`, `ReturnUrlParser.ParseAsync` and `OidcReturnUrlParser.ParseAsync`  methods may incorrectly return non-null, and the `ReturnUrlParser.IsValidReturnUrl` and `OidcReturnUrlParser.IsValidReturnUrl` methods may incorrectly return true for malicious Urls.\n\n### Patches\nThis vulnerability is fixed in the following versions of Duende.IdentityServer:\n- 7.0.6\n- 6.3.10\n- 6.2.5\n- 6.1.8\n- 6.0.5\n\nDuende.IdentityServer 5.1 and earlier and all versions of IdentityServer4 are no longer supported and will not be receiving updates. \n\n### Workarounds\n\nIf upgrading is not possible, use `IUrlHelper.IsLocalUrl` from ASP.NET Core 5.0 or later to validate return Urls in user interface code in the IdentityServer host. ",
  "aliases": [
    "CVE-2024-39694"
  ],
  "modified": "2024-07-31T20:13:36.853973Z",
  "published": "2024-07-31T15:28:54Z",
  "database_specific": {
    "nvd_published_at": "2024-07-31T16:15:04Z",
    "cwe_ids": [
      "CWE-601"
    ],
    "severity": "MODERATE",
    "github_reviewed": true,
    "github_reviewed_at": "2024-07-31T15:28:54Z"
  },
  "references": [
    {
      "type": "WEB",
      "url": "https://github.com/DuendeSoftware/IdentityServer/security/advisories/GHSA-ff4q-64jc-gx98"
    },
    {
      "type": "WEB",
      "url": "https://github.com/IdentityServer/IdentityServer4/security/advisories/GHSA-55p7-v223-x366"
    },
    {
      "type": "ADVISORY",
      "url": "https://nvd.nist.gov/vuln/detail/CVE-2024-39694"
    },
    {
      "type": "WEB",
      "url": "https://github.com/DuendeSoftware/IdentityServer/commit/269ca2171fe1e901c87f2f0797bbc7c230db87c6"
    },
    {
      "type": "WEB",
      "url": "https://github.com/DuendeSoftware/IdentityServer/commit/765116a2d4fb0671b6eba015e698533900c61c8e"
    },
    {
      "type": "WEB",
      "url": "https://github.com/DuendeSoftware/IdentityServer/commit/d0d8eab35ad9183b14925496803ed8b36658d0a1"
    },
    {
      "type": "WEB",
      "url": "https://github.com/DuendeSoftware/IdentityServer/commit/f04cf0be859b93f43563f8f812eb92206ad94011"
    },
    {
      "type": "WEB",
      "url": "https://github.com/DuendeSoftware/IdentityServer/commit/fe817b499933d6ed6141b153492d7335c28b184a"
    },
    {
      "type": "PACKAGE",
      "url": "https://github.com/DuendeSoftware/IdentityServer"
    }
  ],
  "affected": [
    {
      "package": {
        "name": "Duende.IdentityServer",
        "ecosystem": "NuGet",
        "purl": "pkg:nuget/Duende.IdentityServer"
      },
      "ranges": [
        {
          "type": "ECOSYSTEM",
          "events": [
            {
              "introduced": "7.0.0-preview.1"
            },
            {
              "fixed": "7.0.6"
            }
          ]
        }
      ],
      "versions": [
        "7.0.0",
        "7.0.1",
        "7.0.2",
        "7.0.3",
        "7.0.4",
        "7.0.5"
      ],
      "database_specific": {
        "last_known_affected_version_range": "<= 7.0.5",
        "source": "https://github.com/github/advisory-database/blob/main/advisories/github-reviewed/2024/07/GHSA-ff4q-64jc-gx98/GHSA-ff4q-64jc-gx98.json"
      }
    },
    {
      "package": {
        "name": "Duende.IdentityServer",
        "ecosystem": "NuGet",
        "purl": "pkg:nuget/Duende.IdentityServer"
      },
      "ranges": [
        {
          "type": "ECOSYSTEM",
          "events": [
            {
              "introduced": "6.3.0-preview.1"
            },
            {
              "fixed": "6.3.10"
            }
          ]
        }
      ],
      "versions": [
        "6.3.0",
        "6.3.1",
        "6.3.2",
        "6.3.3",
        "6.3.4",
        "6.3.5",
        "6.3.6",
        "6.3.7",
        "6.3.8",
        "6.3.9"
      ],
      "database_specific": {
        "last_known_affected_version_range": "<= 6.3.9",
        "source": "https://github.com/github/advisory-database/blob/main/advisories/github-reviewed/2024/07/GHSA-ff4q-64jc-gx98/GHSA-ff4q-64jc-gx98.json"
      }
    },
    {
      "package": {
        "name": "Duende.IdentityServer",
        "ecosystem": "NuGet",
        "purl": "pkg:nuget/Duende.IdentityServer"
      },
      "ranges": [
        {
          "type": "ECOSYSTEM",
          "events": [
            {
              "introduced": "6.2.0-preview.1"
            },
            {
              "fixed": "6.2.5"
            }
          ]
        }
      ],
      "versions": [
        "6.2.0",
        "6.2.1",
        "6.2.2",
        "6.2.3",
        "6.2.4"
      ],
      "database_specific": {
        "last_known_affected_version_range": "<= 6.2.4",
        "source": "https://github.com/github/advisory-database/blob/main/advisories/github-reviewed/2024/07/GHSA-ff4q-64jc-gx98/GHSA-ff4q-64jc-gx98.json"
      }
    },
    {
      "package": {
        "name": "Duende.IdentityServer",
        "ecosystem": "NuGet",
        "purl": "pkg:nuget/Duende.IdentityServer"
      },
      "ranges": [
        {
          "type": "ECOSYSTEM",
          "events": [
            {
              "introduced": "6.1.0-preview.1"
            },
            {
              "fixed": "6.1.8"
            }
          ]
        }
      ],
      "versions": [
        "6.1.0",
        "6.1.1",
        "6.1.2",
        "6.1.3",
        "6.1.4",
        "6.1.5",
        "6.1.6",
        "6.1.7"
      ],
      "database_specific": {
        "last_known_affected_version_range": "<= 6.1.7",
        "source": "https://github.com/github/advisory-database/blob/main/advisories/github-reviewed/2024/07/GHSA-ff4q-64jc-gx98/GHSA-ff4q-64jc-gx98.json"
      }
    },
    {
      "package": {
        "name": "Duende.IdentityServer",
        "ecosystem": "NuGet",
        "purl": "pkg:nuget/Duende.IdentityServer"
      },
      "ranges": [
        {
          "type": "ECOSYSTEM",
          "events": [
            {
              "introduced": "6.0.0-preview.1"
            },
            {
              "fixed": "6.0.5"
            }
          ]
        }
      ],
      "versions": [
        "6.0.0",
        "6.0.1",
        "6.0.2",
        "6.0.3",
        "6.0.4"
      ],
      "database_specific": {
        "last_known_affected_version_range": "<= 6.0.4",
        "source": "https://github.com/github/advisory-database/blob/main/advisories/github-reviewed/2024/07/GHSA-ff4q-64jc-gx98/GHSA-ff4q-64jc-gx98.json"
      }
    },
    {
      "package": {
        "name": "IdentityServer4",
        "ecosystem": "NuGet",
        "purl": "pkg:nuget/IdentityServer4"
      },
      "ranges": [
        {
          "type": "ECOSYSTEM",
          "events": [
            {
              "introduced": "0"
            },
            {
              "last_affected": "4.1.2"
            }
          ]
        }
      ],
      "versions": [
        "1.0.0",
        "1.0.0-beta1",
        "1.0.0-beta1-update1",
        "1.0.0-beta2",
        "1.0.0-beta2-update1",
        "1.0.0-beta2-update2",
        "1.0.0-beta3",
        "1.0.0-beta4",
        "1.0.0-beta4-update1",
        "1.0.0-beta4-update2",
        "1.0.0-beta5",
        "1.0.0-rc1",
        "1.0.0-rc1-update1",
        "1.0.0-rc1-update2",
        "1.0.0-rc2",
        "1.0.0-rc3",
        "1.0.0-rc4",
        "1.0.0-rc4-update1",
        "1.0.0-rc5",
        "1.0.1",
        "1.0.2",
        "1.1.0",
        "1.1.1",
        "1.2.0",
        "1.2.1",
        "1.3.0",
        "1.3.1",
        "1.4.0",
        "1.4.1",
        "1.4.2",
        "1.5.0",
        "1.5.1",
        "1.5.2",
        "1.5.3",
        "2.0.0",
        "2.0.0-preview2",
        "2.0.0-preview3",
        "2.0.0-preview4",
        "2.0.0-rc1",
        "2.0.0-rc1-update1",
        "2.0.1",
        "2.0.2",
        "2.0.3",
        "2.0.4",
        "2.0.5",
        "2.0.6",
        "2.0.6-preview1",
        "2.1.0",
        "2.1.1",
        "2.1.2",
        "2.1.3",
        "2.2.0",
        "2.3.0",
        "2.3.0-preview1",
        "2.3.0-preview1-update1",
        "2.3.0-preview1-update2",
        "2.3.0-preview2",
        "2.3.1",
        "2.3.2",
        "2.4.0",
        "2.4.0-preview1",
        "2.5.0",
        "2.5.1",
        "2.5.2",
        "2.5.3",
        "2.5.4",
        "3.0.1",
        "3.0.2",
        "3.1.0",
        "3.1.1",
        "3.1.2",
        "3.1.3",
        "3.1.4",
        "4.0.0",
        "4.0.1",
        "4.0.2",
        "4.0.3",
        "4.0.4",
        "4.1.0",
        "4.1.1",
        "4.1.2"
      ],
      "database_specific": {
        "source": "https://github.com/github/advisory-database/blob/main/advisories/github-reviewed/2024/07/GHSA-ff4q-64jc-gx98/GHSA-ff4q-64jc-gx98.json"
      }
    }
  ],
  "schema_version": "1.6.0",
  "severity": [
    {
      "type": "CVSS_V3",
      "score": "CVSS:3.1/AV:N/AC:L/PR:N/UI:R/S:C/C:L/I:N/A:N"
    },
    {
      "type": "CVSS_V4",
      "score": "CVSS:4.0/AV:N/AC:L/AT:N/PR:N/UI:A/VC:L/VI:N/VA:N/SC:L/SI:N/SA:N"
    }
  ]
}