{
  "id": "GHSA-3rp6-rjw4-cq39",
  "summary": "Cross-origin Resource Sharing bypass in ASP.NET Core",
  "details": "ASP.NET Core 1.0, 1.1, and 2.0 allow an attacker to bypass Cross-origin Resource Sharing (CORS) configurations and retrieve normally restricted content from a web application, aka \"ASP.NET Core Information Disclosure Vulnerability\".",
  "aliases": [
    "CVE-2017-8700"
  ],
  "modified": "2023-11-08T03:59:28.349425Z",
  "published": "2022-05-13T01:47:40Z",
  "database_specific": {
    "nvd_published_at": "2017-11-15T03:29:00Z",
    "github_reviewed_at": "2022-07-08T19:22:46Z",
    "severity": "HIGH",
    "github_reviewed": true,
    "cwe_ids": []
  },
  "references": [
    {
      "type": "ADVISORY",
      "url": "https://nvd.nist.gov/vuln/detail/CVE-2017-8700"
    },
    {
      "type": "WEB",
      "url": "https://github.com/aspnet/Announcements/issues/279"
    },
    {
      "type": "WEB",
      "url": "https://github.com/github/advisory-database/issues/302"
    },
    {
      "type": "WEB",
      "url": "https://portal.msrc.microsoft.com/en-US/security-guidance/advisory/CVE-2017-8700"
    }
  ],
  "affected": [
    {
      "package": {
        "name": "Microsoft.AspNetCore.Mvc.Core",
        "ecosystem": "NuGet",
        "purl": "pkg:nuget/Microsoft.AspNetCore.Mvc.Core"
      },
      "ranges": [
        {
          "type": "ECOSYSTEM",
          "events": [
            {
              "introduced": "1.0.0"
            },
            {
              "fixed": "1.0.6"
            }
          ]
        }
      ],
      "versions": [
        "1.0.0",
        "1.0.1",
        "1.0.2",
        "1.0.3",
        "1.0.4",
        "1.0.5"
      ],
      "database_specific": {
        "source": "https://github.com/github/advisory-database/blob/main/advisories/github-reviewed/2022/05/GHSA-3rp6-rjw4-cq39/GHSA-3rp6-rjw4-cq39.json"
      }
    },
    {
      "package": {
        "name": "Microsoft.AspNetCore.Mvc.Core",
        "ecosystem": "NuGet",
        "purl": "pkg:nuget/Microsoft.AspNetCore.Mvc.Core"
      },
      "ranges": [
        {
          "type": "ECOSYSTEM",
          "events": [
            {
              "introduced": "1.1.0"
            },
            {
              "fixed": "1.1.6"
            }
          ]
        }
      ],
      "versions": [
        "1.1.0",
        "1.1.1",
        "1.1.2",
        "1.1.3",
        "1.1.4",
        "1.1.5"
      ],
      "database_specific": {
        "source": "https://github.com/github/advisory-database/blob/main/advisories/github-reviewed/2022/05/GHSA-3rp6-rjw4-cq39/GHSA-3rp6-rjw4-cq39.json"
      }
    },
    {
      "package": {
        "name": "Microsoft.AspNetCore.Mvc.Cors",
        "ecosystem": "NuGet",
        "purl": "pkg:nuget/Microsoft.AspNetCore.Mvc.Cors"
      },
      "ranges": [
        {
          "type": "ECOSYSTEM",
          "events": [
            {
              "introduced": "1.0.0"
            },
            {
              "fixed": "1.0.6"
            }
          ]
        }
      ],
      "versions": [
        "1.0.0",
        "1.0.1",
        "1.0.2",
        "1.0.3",
        "1.0.4",
        "1.0.5"
      ],
      "database_specific": {
        "source": "https://github.com/github/advisory-database/blob/main/advisories/github-reviewed/2022/05/GHSA-3rp6-rjw4-cq39/GHSA-3rp6-rjw4-cq39.json"
      }
    },
    {
      "package": {
        "name": "Microsoft.AspNetCore.Mvc.Cors",
        "ecosystem": "NuGet",
        "purl": "pkg:nuget/Microsoft.AspNetCore.Mvc.Cors"
      },
      "ranges": [
        {
          "type": "ECOSYSTEM",
          "events": [
            {
              "introduced": "1.1.0"
            },
            {
              "fixed": "1.1.6"
            }
          ]
        }
      ],
      "versions": [
        "1.1.0",
        "1.1.1",
        "1.1.2",
        "1.1.3",
        "1.1.4",
        "1.1.5"
      ],
      "database_specific": {
        "source": "https://github.com/github/advisory-database/blob/main/advisories/github-reviewed/2022/05/GHSA-3rp6-rjw4-cq39/GHSA-3rp6-rjw4-cq39.json"
      }
    }
  ],
  "schema_version": "1.6.0",
  "severity": [
    {
      "type": "CVSS_V3",
      "score": "CVSS:3.0/AV:N/AC:L/PR:N/UI:N/S:U/C:H/I:N/A:N"
    }
  ]
}