{
  "id": "GHSA-4f79-fxh8-vgq2",
  "summary": "ChakraCore RCE Vulnerability",
  "details": "A remote code execution vulnerability exists in the way the scripting engine handles objects in memory in Microsoft browsers, aka \"Scripting Engine Memory Corruption Vulnerability.\" This affects ChakraCore, Internet Explorer 11, Microsoft Edge. This CVE ID is unique from CVE-2018-8242, CVE-2018-8283, CVE-2018-8287, CVE-2018-8291, CVE-2018-8296, CVE-2018-8298.",
  "aliases": [
    "CVE-2018-8288"
  ],
  "modified": "2024-02-16T08:10:16.704809Z",
  "published": "2022-05-13T01:20:46Z",
  "database_specific": {
    "nvd_published_at": "2018-07-11T00:29:00Z",
    "cwe_ids": [
      "CWE-787"
    ],
    "severity": "HIGH",
    "github_reviewed": true,
    "github_reviewed_at": "2023-07-21T20:18:10Z"
  },
  "references": [
    {
      "type": "ADVISORY",
      "url": "https://nvd.nist.gov/vuln/detail/CVE-2018-8288"
    },
    {
      "type": "WEB",
      "url": "https://github.com/chakra-core/ChakraCore/pull/5444"
    },
    {
      "type": "WEB",
      "url": "https://github.com/chakra-core/ChakraCore/commit/f9b1cded66314c52ab2de8e4e68efb854bd6b9aa"
    },
    {
      "type": "PACKAGE",
      "url": "https://github.com/chakra-core/ChakraCore"
    },
    {
      "type": "WEB",
      "url": "https://portal.msrc.microsoft.com/en-US/security-guidance/advisory/CVE-2018-8288"
    },
    {
      "type": "WEB",
      "url": "https://web.archive.org/web/20210124183729/http://www.securityfocus.com/bid/104636"
    },
    {
      "type": "WEB",
      "url": "https://web.archive.org/web/20211202002348/http://www.securitytracker.com/id/1041256"
    },
    {
      "type": "WEB",
      "url": "https://web.archive.org/web/20220120050525/http://www.securitytracker.com/id/1041258"
    },
    {
      "type": "WEB",
      "url": "https://www.exploit-db.com/exploits/45213"
    }
  ],
  "affected": [
    {
      "package": {
        "name": "Microsoft.ChakraCore",
        "ecosystem": "NuGet",
        "purl": "pkg:nuget/Microsoft.ChakraCore"
      },
      "ranges": [
        {
          "type": "ECOSYSTEM",
          "events": [
            {
              "introduced": "0"
            },
            {
              "fixed": "1.10.1"
            }
          ]
        }
      ],
      "versions": [
        "1.10.0",
        "1.2.0",
        "1.2.1",
        "1.2.2",
        "1.2.3",
        "1.2.6.62716-preview",
        "1.3.0",
        "1.3.1",
        "1.3.2",
        "1.4.0",
        "1.4.1",
        "1.4.2",
        "1.4.3",
        "1.4.4",
        "1.4.5",
        "1.5.0",
        "1.5.1",
        "1.5.2",
        "1.5.3",
        "1.6.0",
        "1.6.2",
        "1.7.0",
        "1.7.1",
        "1.7.2",
        "1.7.3",
        "1.7.4",
        "1.7.5",
        "1.7.6",
        "1.8.0",
        "1.8.1",
        "1.8.2",
        "1.8.3",
        "1.8.4",
        "1.8.5"
      ],
      "database_specific": {
        "source": "https://github.com/github/advisory-database/blob/main/advisories/github-reviewed/2022/05/GHSA-4f79-fxh8-vgq2/GHSA-4f79-fxh8-vgq2.json"
      }
    }
  ],
  "schema_version": "1.6.0",
  "severity": [
    {
      "type": "CVSS_V3",
      "score": "CVSS:3.0/AV:N/AC:H/PR:N/UI:R/S:U/C:H/I:H/A:H"
    }
  ]
}