{
  "id": "GHSA-25vh-gq6v-hrx5",
  "summary": "ChakraCore RCE Vulnerability",
  "details": "A remote code execution vulnerability exists in the way that the Chakra scripting engine handles objects in memory in Microsoft Edge, aka \"Chakra Scripting Engine Memory Corruption Vulnerability.\" This affects Microsoft Edge, ChakraCore. This CVE ID is unique from CVE-2018-0980, CVE-2018-0990, CVE-2018-0993, CVE-2018-0994, CVE-2018-0995, CVE-2018-1019.",
  "aliases": [
    "CVE-2018-0979"
  ],
  "modified": "2024-02-16T08:23:37.299372Z",
  "published": "2022-05-13T01:18:41Z",
  "database_specific": {
    "nvd_published_at": "2018-04-12T01:29:00Z",
    "cwe_ids": [
      "CWE-787"
    ],
    "severity": "HIGH",
    "github_reviewed": true,
    "github_reviewed_at": "2023-07-21T17:45:26Z"
  },
  "references": [
    {
      "type": "ADVISORY",
      "url": "https://nvd.nist.gov/vuln/detail/CVE-2018-0979"
    },
    {
      "type": "WEB",
      "url": "https://github.com/chakra-core/ChakraCore/commit/26371402f106e81797122f5b4bbd9f5e54bd2553"
    },
    {
      "type": "PACKAGE",
      "url": "https://github.com/chakra-core/ChakraCore"
    },
    {
      "type": "WEB",
      "url": "https://portal.msrc.microsoft.com/en-US/security-guidance/advisory/CVE-2018-0979"
    },
    {
      "type": "WEB",
      "url": "https://web.archive.org/web/20210126222855/http://www.securityfocus.com/bid/103625"
    },
    {
      "type": "WEB",
      "url": "https://web.archive.org/web/20211207123630/http://www.securitytracker.com/id/1040650"
    }
  ],
  "affected": [
    {
      "package": {
        "name": "Microsoft.ChakraCore",
        "ecosystem": "NuGet",
        "purl": "pkg:nuget/Microsoft.ChakraCore"
      },
      "ranges": [
        {
          "type": "ECOSYSTEM",
          "events": [
            {
              "introduced": "0"
            },
            {
              "fixed": "1.8.3"
            }
          ]
        }
      ],
      "versions": [
        "1.2.0",
        "1.2.1",
        "1.2.2",
        "1.2.3",
        "1.2.6.62716-preview",
        "1.3.0",
        "1.3.1",
        "1.3.2",
        "1.4.0",
        "1.4.1",
        "1.4.2",
        "1.4.3",
        "1.4.4",
        "1.4.5",
        "1.5.0",
        "1.5.1",
        "1.5.2",
        "1.5.3",
        "1.6.0",
        "1.6.2",
        "1.7.0",
        "1.7.1",
        "1.7.2",
        "1.7.3",
        "1.7.4",
        "1.7.5",
        "1.7.6",
        "1.8.0",
        "1.8.1",
        "1.8.2"
      ],
      "database_specific": {
        "source": "https://github.com/github/advisory-database/blob/main/advisories/github-reviewed/2022/05/GHSA-25vh-gq6v-hrx5/GHSA-25vh-gq6v-hrx5.json"
      }
    }
  ],
  "schema_version": "1.6.0",
  "severity": [
    {
      "type": "CVSS_V3",
      "score": "CVSS:3.0/AV:N/AC:H/PR:N/UI:R/S:U/C:H/I:H/A:H"
    }
  ]
}