{
  "id": "GHSA-fv8m-p45w-gf38",
  "summary": "ChakraCore RCE Vulnerability",
  "details": "Microsoft ChakraCore allows an attacker to bypass Control Flow Guard (CFG) in conjunction with another vulnerability to run arbitrary code on a target system, due to how the Chakra scripting engine handles accessing memory, aka \"Scripting Engine Security Feature Bypass\".",
  "aliases": [
    "CVE-2018-0818"
  ],
  "modified": "2024-02-16T08:25:02.861783Z",
  "published": "2022-05-13T01:48:24Z",
  "database_specific": {
    "nvd_published_at": "2018-01-10T01:29:00Z",
    "cwe_ids": [],
    "severity": "HIGH",
    "github_reviewed": true,
    "github_reviewed_at": "2023-07-21T22:45:26Z"
  },
  "references": [
    {
      "type": "ADVISORY",
      "url": "https://nvd.nist.gov/vuln/detail/CVE-2018-0818"
    },
    {
      "type": "WEB",
      "url": "https://github.com/chakra-core/ChakraCore/pull/4427"
    },
    {
      "type": "WEB",
      "url": "https://github.com/chakra-core/ChakraCore/pull/4427/commits/84368681cf5cf1d33364638e2cd463ad1b13eba6"
    },
    {
      "type": "PACKAGE",
      "url": "https://github.com/chakra-core/ChakraCore"
    },
    {
      "type": "WEB",
      "url": "https://portal.msrc.microsoft.com/en-US/security-guidance/advisory/CVE-2018-0818"
    },
    {
      "type": "WEB",
      "url": "https://web.archive.org/web/20210124130147/http://www.securityfocus.com/bid/102412"
    }
  ],
  "affected": [
    {
      "package": {
        "name": "Microsoft.ChakraCore",
        "ecosystem": "NuGet",
        "purl": "pkg:nuget/Microsoft.ChakraCore"
      },
      "ranges": [
        {
          "type": "ECOSYSTEM",
          "events": [
            {
              "introduced": "0"
            },
            {
              "fixed": "1.8.0"
            }
          ]
        }
      ],
      "versions": [
        "1.2.0",
        "1.2.1",
        "1.2.2",
        "1.2.3",
        "1.2.6.62716-preview",
        "1.3.0",
        "1.3.1",
        "1.3.2",
        "1.4.0",
        "1.4.1",
        "1.4.2",
        "1.4.3",
        "1.4.4",
        "1.4.5",
        "1.5.0",
        "1.5.1",
        "1.5.2",
        "1.5.3",
        "1.6.0",
        "1.6.2",
        "1.7.0",
        "1.7.1",
        "1.7.2",
        "1.7.3",
        "1.7.4",
        "1.7.5",
        "1.7.6"
      ],
      "database_specific": {
        "source": "https://github.com/github/advisory-database/blob/main/advisories/github-reviewed/2022/05/GHSA-fv8m-p45w-gf38/GHSA-fv8m-p45w-gf38.json"
      }
    }
  ],
  "schema_version": "1.6.0",
  "severity": [
    {
      "type": "CVSS_V3",
      "score": "CVSS:3.0/AV:N/AC:H/PR:N/UI:R/S:U/C:H/I:H/A:H"
    }
  ]
}