{
  "id": "GHSA-63p8-c4ww-9cg7",
  "summary": "SixLabors ImageSharp Out-of-bounds Write",
  "details": "### Impact\nAn Out-of-bounds Write vulnerability has been found in the ImageSharp gif decoder, allowing attackers to cause a crash using a specially crafted gif. This can potentially lead to denial of service.\n\n### Patches\nThe problem has been patched. All users are advised to upgrade to v3.1.5 or v2.1.9.\n\n### Workarounds\nNone.\n\n### References\nhttps://github.com/SixLabors/ImageSharp/pull/2754\nhttps://github.com/SixLabors/ImageSharp/pull/2756\n",
  "aliases": [
    "CVE-2024-41131"
  ],
  "modified": "2024-07-22T17:58:12.642382Z",
  "published": "2024-07-22T17:42:07Z",
  "database_specific": {
    "nvd_published_at": "2024-07-22T15:15:03Z",
    "cwe_ids": [
      "CWE-787"
    ],
    "severity": "HIGH",
    "github_reviewed": true,
    "github_reviewed_at": "2024-07-22T17:42:07Z"
  },
  "references": [
    {
      "type": "WEB",
      "url": "https://github.com/SixLabors/ImageSharp/security/advisories/GHSA-63p8-c4ww-9cg7"
    },
    {
      "type": "ADVISORY",
      "url": "https://nvd.nist.gov/vuln/detail/CVE-2024-41131"
    },
    {
      "type": "WEB",
      "url": "https://github.com/SixLabors/ImageSharp/pull/2754"
    },
    {
      "type": "WEB",
      "url": "https://github.com/SixLabors/ImageSharp/pull/2756"
    },
    {
      "type": "WEB",
      "url": "https://github.com/SixLabors/ImageSharp/commit/9dda64a8186af67baf06b6d9c1ab599c3608b693"
    },
    {
      "type": "WEB",
      "url": "https://github.com/SixLabors/ImageSharp/commit/a1f287977139109a987065643b8172c748abdadb"
    },
    {
      "type": "PACKAGE",
      "url": "https://github.com/SixLabors/ImageSharp"
    }
  ],
  "affected": [
    {
      "package": {
        "name": "SixLabors.ImageSharp",
        "ecosystem": "NuGet",
        "purl": "pkg:nuget/SixLabors.ImageSharp"
      },
      "ranges": [
        {
          "type": "ECOSYSTEM",
          "events": [
            {
              "introduced": "0"
            },
            {
              "fixed": "2.1.9"
            }
          ]
        }
      ],
      "versions": [
        "1.0.0",
        "1.0.0-beta0001",
        "1.0.0-beta0002",
        "1.0.0-beta0003",
        "1.0.0-beta0004",
        "1.0.0-beta0005",
        "1.0.0-beta0006",
        "1.0.0-beta0007",
        "1.0.0-rc0001",
        "1.0.0-rc0002",
        "1.0.0-rc0003",
        "1.0.1",
        "1.0.2",
        "1.0.3",
        "1.0.4",
        "2.0.0",
        "2.1.0",
        "2.1.1",
        "2.1.2",
        "2.1.3",
        "2.1.4",
        "2.1.5",
        "2.1.6",
        "2.1.7",
        "2.1.8"
      ],
      "database_specific": {
        "source": "https://github.com/github/advisory-database/blob/main/advisories/github-reviewed/2024/07/GHSA-63p8-c4ww-9cg7/GHSA-63p8-c4ww-9cg7.json"
      }
    },
    {
      "package": {
        "name": "SixLabors.ImageSharp",
        "ecosystem": "NuGet",
        "purl": "pkg:nuget/SixLabors.ImageSharp"
      },
      "ranges": [
        {
          "type": "ECOSYSTEM",
          "events": [
            {
              "introduced": "3.0.0"
            },
            {
              "fixed": "3.1.5"
            }
          ]
        }
      ],
      "versions": [
        "3.0.0",
        "3.0.1",
        "3.0.2",
        "3.1.0",
        "3.1.1",
        "3.1.2",
        "3.1.3",
        "3.1.4"
      ],
      "database_specific": {
        "source": "https://github.com/github/advisory-database/blob/main/advisories/github-reviewed/2024/07/GHSA-63p8-c4ww-9cg7/GHSA-63p8-c4ww-9cg7.json"
      }
    }
  ],
  "schema_version": "1.6.0",
  "severity": [
    {
      "type": "CVSS_V3",
      "score": "CVSS:3.1/AV:N/AC:L/PR:N/UI:N/S:U/C:N/I:N/A:H"
    },
    {
      "type": "CVSS_V4",
      "score": "CVSS:4.0/AV:N/AC:L/AT:N/PR:N/UI:N/VC:N/VI:N/VA:H/SC:N/SI:N/SA:N"
    }
  ]
}