{
  "id": "GHSA-6w5m-jgc5-8cgc",
  "summary": "orchardcore is vulnerable to Cross-site Scripting",
  "details": "orchardcore is vulnerable to Improper Neutralization of Input During Web Page Generation ('Cross-site Scripting')",
  "aliases": [
    "CVE-2022-0159"
  ],
  "modified": "2023-11-08T04:07:29.292109Z",
  "published": "2022-01-21T23:57:49Z",
  "database_specific": {
    "nvd_published_at": "2022-01-12T03:15:00Z",
    "github_reviewed_at": "2022-01-20T14:53:33Z",
    "severity": "MODERATE",
    "github_reviewed": true,
    "cwe_ids": [
      "CWE-79"
    ]
  },
  "references": [
    {
      "type": "ADVISORY",
      "url": "https://nvd.nist.gov/vuln/detail/CVE-2022-0159"
    },
    {
      "type": "WEB",
      "url": "https://github.com/orchardcms/orchardcore/commit/4da927d39a49138527c30db09c962ff706f95202"
    },
    {
      "type": "PACKAGE",
      "url": "https://github.com/orchardcms/orchardcore"
    },
    {
      "type": "WEB",
      "url": "https://huntr.dev/bounties/00937280-e2ab-49fe-8d43-8235b3c3db4b"
    }
  ],
  "affected": [
    {
      "package": {
        "name": "OrchardCore",
        "ecosystem": "NuGet",
        "purl": "pkg:nuget/OrchardCore"
      },
      "ranges": [
        {
          "type": "ECOSYSTEM",
          "events": [
            {
              "introduced": "0"
            },
            {
              "fixed": "1.2.1"
            }
          ]
        }
      ],
      "versions": [
        "1.0.0",
        "1.0.0-beta3-71075",
        "1.0.0-beta3-71077",
        "1.0.0-rc1-10004",
        "1.0.0-rc2-13450",
        "1.1.0",
        "1.2.0"
      ],
      "database_specific": {
        "source": "https://github.com/github/advisory-database/blob/main/advisories/github-reviewed/2022/01/GHSA-6w5m-jgc5-8cgc/GHSA-6w5m-jgc5-8cgc.json"
      }
    }
  ],
  "schema_version": "1.6.0",
  "severity": [
    {
      "type": "CVSS_V3",
      "score": "CVSS:3.1/AV:N/AC:L/PR:L/UI:R/S:C/C:L/I:L/A:N"
    }
  ]
}