{
  "id": "GHSA-5gg9-gwj4-mqmj",
  "summary": "OrchardCore vulnerable to HTML injection",
  "details": "OrchardCore versions starting with 1.0.0-rc1-11259 and prior to 1.4.0 are vulnerable to HTML injection. The vulnerability allows an authenticated user with an editor security role to inject a persistent HTML modal dialog component into the dashboard that will affect admin users. Version 1.4.0 contains a patch.",
  "aliases": [
    "CVE-2022-32173"
  ],
  "modified": "2023-11-08T04:09:34.901163Z",
  "published": "2022-10-04T00:00:20Z",
  "database_specific": {
    "nvd_published_at": "2022-10-03T13:15:00Z",
    "github_reviewed_at": "2022-10-04T21:53:28Z",
    "severity": "MODERATE",
    "github_reviewed": true,
    "cwe_ids": [
      "CWE-79"
    ]
  },
  "references": [
    {
      "type": "ADVISORY",
      "url": "https://nvd.nist.gov/vuln/detail/CVE-2022-32173"
    },
    {
      "type": "WEB",
      "url": "https://github.com/OrchardCMS/OrchardCore/pull/11729"
    },
    {
      "type": "WEB",
      "url": "https://github.com/OrchardCMS/OrchardCore/commit/0163c88ddeaca39815d7e6e5ea1c8391085cc136"
    },
    {
      "type": "PACKAGE",
      "url": "https://github.com/OrchardCMS/OrchardCore"
    },
    {
      "type": "WEB",
      "url": "https://www.mend.io/vulnerability-database/CVE-2022-32173"
    }
  ],
  "affected": [
    {
      "package": {
        "name": "OrchardCore",
        "ecosystem": "NuGet",
        "purl": "pkg:nuget/OrchardCore"
      },
      "ranges": [
        {
          "type": "ECOSYSTEM",
          "events": [
            {
              "introduced": "1.0.0-rc1-11259"
            },
            {
              "fixed": "1.4.0"
            }
          ]
        }
      ],
      "versions": [
        "1.0.0",
        "1.0.0-rc2-13450",
        "1.1.0",
        "1.2.0",
        "1.2.1",
        "1.2.2",
        "1.3.0"
      ],
      "database_specific": {
        "source": "https://github.com/github/advisory-database/blob/main/advisories/github-reviewed/2022/10/GHSA-5gg9-gwj4-mqmj/GHSA-5gg9-gwj4-mqmj.json"
      }
    }
  ],
  "schema_version": "1.6.0",
  "severity": [
    {
      "type": "CVSS_V3",
      "score": "CVSS:3.1/AV:N/AC:L/PR:L/UI:R/S:C/C:L/I:L/A:N"
    }
  ]
}