{
  "id": "GHSA-g3wc-xv93-445q",
  "summary": "DNS NuGet package uses insufficiently random values",
  "details": "A vulnerability was found in kapetan dns up to 6.1.0. It has been rated as problematic. Affected by this issue is some unknown functionality of the file DNS/Protocol/Request.cs. The manipulation leads to insufficient entropy in prng. The attack may be launched remotely. Upgrading to version 7.0.0 can address this issue. The name of the patch is cf7105aa2aae90d6656088fe5a8ee1d5730773b6. It is recommended to upgrade the affected component. The identifier of this vulnerability is VDB-216188.",
  "aliases": [
    "CVE-2021-4248"
  ],
  "modified": "2023-11-08T04:07:06.393334Z",
  "published": "2022-12-18T12:30:20Z",
  "database_specific": {
    "nvd_published_at": "2022-12-18T11:15:00Z",
    "github_reviewed_at": "2022-12-22T23:06:24Z",
    "severity": "CRITICAL",
    "github_reviewed": true,
    "cwe_ids": [
      "CWE-330"
    ]
  },
  "references": [
    {
      "type": "ADVISORY",
      "url": "https://nvd.nist.gov/vuln/detail/CVE-2021-4248"
    },
    {
      "type": "WEB",
      "url": "https://github.com/kapetan/dns/pull/88"
    },
    {
      "type": "WEB",
      "url": "https://github.com/kapetan/dns/commit/cf7105aa2aae90d6656088fe5a8ee1d5730773b6"
    },
    {
      "type": "PACKAGE",
      "url": "https://github.com/kapetan/dns"
    },
    {
      "type": "WEB",
      "url": "https://github.com/kapetan/dns/releases/tag/v7.0.0"
    },
    {
      "type": "WEB",
      "url": "https://vuldb.com/?id.216188"
    }
  ],
  "affected": [
    {
      "package": {
        "name": "DNS",
        "ecosystem": "NuGet",
        "purl": "pkg:nuget/DNS"
      },
      "ranges": [
        {
          "type": "ECOSYSTEM",
          "events": [
            {
              "introduced": "0"
            },
            {
              "fixed": "7.0.0"
            }
          ]
        }
      ],
      "versions": [
        "1.0.0",
        "1.0.1",
        "1.2.0",
        "1.2.1",
        "1.2.2",
        "1.2.3",
        "2.0.0",
        "2.0.1",
        "2.1.0",
        "3.0.0",
        "4.0.0",
        "4.1.0",
        "5.0.0",
        "6.0.0",
        "6.0.1",
        "6.1.0"
      ],
      "database_specific": {
        "source": "https://github.com/github/advisory-database/blob/main/advisories/github-reviewed/2022/12/GHSA-g3wc-xv93-445q/GHSA-g3wc-xv93-445q.json"
      }
    }
  ],
  "schema_version": "1.6.0",
  "severity": [
    {
      "type": "CVSS_V3",
      "score": "CVSS:3.1/AV:N/AC:L/PR:N/UI:N/S:U/C:H/I:H/A:H"
    }
  ]
}