{
  "id": "GHSA-3c78-m682-8wp9",
  "summary": "ChakraCore RCE Vulnerability",
  "details": "ChakraCore and Microsoft Edge in Windows 10 1703 allows an attacker to execute arbitrary code in the context of the current user, due to how the scripting engine handles objects in memory, aka \"Scripting Engine Memory Corruption Vulnerability\". This CVE ID is unique from CVE-2017-11792, CVE-2017-11793, CVE-2017-11797, CVE-2017-11798, CVE-2017-11799, CVE-2017-11800, CVE-2017-11801, CVE-2017-11802, CVE-2017-11804, CVE-2017-11805, CVE-2017-11806, CVE-2017-11807, CVE-2017-11808, CVE-2017-11809, CVE-2017-11810, CVE-2017-11811, CVE-2017-11812, and CVE-2017-11821.",
  "aliases": [
    "CVE-2017-11796"
  ],
  "modified": "2024-02-16T08:24:53.566960Z",
  "published": "2022-05-17T00:32:03Z",
  "database_specific": {
    "nvd_published_at": "2017-10-13T13:29:00Z",
    "cwe_ids": [
      "CWE-119"
    ],
    "severity": "HIGH",
    "github_reviewed": true,
    "github_reviewed_at": "2023-07-26T23:34:18Z"
  },
  "references": [
    {
      "type": "ADVISORY",
      "url": "https://nvd.nist.gov/vuln/detail/CVE-2017-11796"
    },
    {
      "type": "WEB",
      "url": "https://github.com/chakra-core/ChakraCore/pull/3917"
    },
    {
      "type": "WEB",
      "url": "https://github.com/chakra-core/ChakraCore/commit/6eba63d1851b4ece1e334ea1e07b3af44ef1e480"
    },
    {
      "type": "PACKAGE",
      "url": "https://github.com/chakra-core/ChakraCore"
    },
    {
      "type": "WEB",
      "url": "https://portal.msrc.microsoft.com/en-US/security-guidance/advisory/CVE-2017-11796"
    },
    {
      "type": "WEB",
      "url": "https://web.archive.org/web/20210124105229/http://www.securityfocus.com/bid/101080"
    },
    {
      "type": "WEB",
      "url": "https://web.archive.org/web/20210723180751/http://www.securitytracker.com/id/1039529"
    }
  ],
  "affected": [
    {
      "package": {
        "name": "Microsoft.ChakraCore",
        "ecosystem": "NuGet",
        "purl": "pkg:nuget/Microsoft.ChakraCore"
      },
      "ranges": [
        {
          "type": "ECOSYSTEM",
          "events": [
            {
              "introduced": "0"
            },
            {
              "fixed": "1.7.3"
            }
          ]
        }
      ],
      "versions": [
        "1.2.0",
        "1.2.1",
        "1.2.2",
        "1.2.3",
        "1.2.6.62716-preview",
        "1.3.0",
        "1.3.1",
        "1.3.2",
        "1.4.0",
        "1.4.1",
        "1.4.2",
        "1.4.3",
        "1.4.4",
        "1.4.5",
        "1.5.0",
        "1.5.1",
        "1.5.2",
        "1.5.3",
        "1.6.0",
        "1.6.2",
        "1.7.0",
        "1.7.1",
        "1.7.2"
      ],
      "database_specific": {
        "source": "https://github.com/github/advisory-database/blob/main/advisories/github-reviewed/2022/05/GHSA-3c78-m682-8wp9/GHSA-3c78-m682-8wp9.json"
      }
    }
  ],
  "schema_version": "1.6.0",
  "severity": [
    {
      "type": "CVSS_V3",
      "score": "CVSS:3.0/AV:N/AC:H/PR:N/UI:R/S:U/C:H/I:H/A:H"
    }
  ]
}