{
  "id": "GHSA-67m4-qxp3-j6hh",
  "summary": "TrueLayer.Client SSRF when fetching payment or payment provider",
  "details": "### Impact\nThe vulnerability could potentially allow a malicious actor to gain control over the destination URL of the HttpClient used in the API classes. For applications using the SDK, requests to unexpected resources on local networks or to the internet could be made which could lead to information disclosure.\n\n### Patches\nVersions of TrueLayer.Client `v1.6.0` and later are not affected.\n\n### Workarounds\nThe issue can be mitigated by having strict egress rules limiting the destinations to which requests can be made, and applying strict validation to any user input passed to the TrueLayer.Client library.",
  "aliases": [
    "CVE-2024-23838"
  ],
  "modified": "2024-02-16T08:10:28.651858Z",
  "published": "2024-01-30T20:57:59Z",
  "database_specific": {
    "nvd_published_at": "2024-01-30T17:15:11Z",
    "cwe_ids": [
      "CWE-918"
    ],
    "severity": "HIGH",
    "github_reviewed": true,
    "github_reviewed_at": "2024-01-30T20:57:59Z"
  },
  "references": [
    {
      "type": "WEB",
      "url": "https://github.com/TrueLayer/truelayer-dotnet/security/advisories/GHSA-67m4-qxp3-j6hh"
    },
    {
      "type": "ADVISORY",
      "url": "https://nvd.nist.gov/vuln/detail/CVE-2024-23838"
    },
    {
      "type": "WEB",
      "url": "https://github.com/TrueLayer/truelayer-dotnet/commit/75e436ed5360faa73d6e7ce3a9903a3c49505e3e"
    },
    {
      "type": "PACKAGE",
      "url": "https://github.com/TrueLayer/truelayer-dotnet"
    }
  ],
  "affected": [
    {
      "package": {
        "name": "TrueLayer.Client",
        "ecosystem": "NuGet",
        "purl": "pkg:nuget/TrueLayer.Client"
      },
      "ranges": [
        {
          "type": "ECOSYSTEM",
          "events": [
            {
              "introduced": "0"
            },
            {
              "fixed": "1.6.0"
            }
          ]
        }
      ],
      "versions": [
        "0.1.0",
        "0.1.1",
        "0.2.0",
        "0.2.1",
        "0.2.1-beta1",
        "0.2.1-beta2",
        "0.2.1-beta3",
        "0.2.2",
        "0.2.2-beta2",
        "0.2.2-beta3",
        "0.2.3",
        "0.3.0",
        "0.3.0-alpha0",
        "0.3.1",
        "0.3.1-beta1",
        "0.3.2",
        "0.3.3",
        "1.0.0",
        "1.1.0",
        "1.1.0-beta1",
        "1.2.0",
        "1.2.0-beta1",
        "1.2.1",
        "1.3.0",
        "1.3.1",
        "1.3.2",
        "1.4.0",
        "1.4.0-beta1",
        "1.4.0-beta2",
        "1.4.0-beta3",
        "1.5.0",
        "1.5.0-beta1"
      ],
      "database_specific": {
        "source": "https://github.com/github/advisory-database/blob/main/advisories/github-reviewed/2024/01/GHSA-67m4-qxp3-j6hh/GHSA-67m4-qxp3-j6hh.json"
      }
    }
  ],
  "schema_version": "1.6.0",
  "severity": [
    {
      "type": "CVSS_V3",
      "score": "CVSS:3.0/AV:N/AC:L/PR:N/UI:N/S:C/C:H/I:N/A:N"
    }
  ]
}