{
  "id": "GHSA-98g6-xh36-x2p7",
  "summary": "Microsoft.Data.SqlClient and System.Data.SqlClient vulnerable to SQL Data Provider Security Feature Bypass ",
  "details": "Microsoft.Data.SqlClient and System.Data.SqlClient SQL Data Provider Security Feature Bypass Vulnerability",
  "aliases": [
    "BIT-dotnet-2024-0056",
    "BIT-dotnet-sdk-2024-0056",
    "CVE-2024-0056"
  ],
  "modified": "2024-05-31T20:48:39.831563Z",
  "published": "2024-01-09T18:30:27Z",
  "database_specific": {
    "nvd_published_at": "2024-01-09T18:15:46Z",
    "cwe_ids": [
      "CWE-319"
    ],
    "severity": "HIGH",
    "github_reviewed": true,
    "github_reviewed_at": "2024-01-16T19:13:48Z"
  },
  "references": [
    {
      "type": "ADVISORY",
      "url": "https://nvd.nist.gov/vuln/detail/CVE-2024-0056"
    },
    {
      "type": "WEB",
      "url": "https://github.com/dotnet/announcements/issues/292"
    },
    {
      "type": "WEB",
      "url": "https://msrc.microsoft.com/update-guide/vulnerability/CVE-2024-0056"
    }
  ],
  "affected": [
    {
      "package": {
        "name": "Microsoft.Data.SqlClient",
        "ecosystem": "NuGet",
        "purl": "pkg:nuget/Microsoft.Data.SqlClient"
      },
      "ranges": [
        {
          "type": "ECOSYSTEM",
          "events": [
            {
              "introduced": "0"
            },
            {
              "fixed": "2.1.7"
            }
          ]
        }
      ],
      "versions": [
        "1.0.19123.2-Preview",
        "1.0.19128.1-Preview",
        "1.0.19189.1-Preview",
        "1.0.19221.1-Preview",
        "1.0.19239.1",
        "1.0.19249.1",
        "1.0.19269.1",
        "1.1.0",
        "1.1.1",
        "1.1.2",
        "1.1.3",
        "1.1.4",
        "2.0.0",
        "2.0.1",
        "2.1.0",
        "2.1.1",
        "2.1.2",
        "2.1.3",
        "2.1.4",
        "2.1.5",
        "2.1.6"
      ],
      "database_specific": {
        "source": "https://github.com/github/advisory-database/blob/main/advisories/github-reviewed/2024/01/GHSA-98g6-xh36-x2p7/GHSA-98g6-xh36-x2p7.json"
      }
    },
    {
      "package": {
        "name": "System.Data.SqlClient",
        "ecosystem": "NuGet",
        "purl": "pkg:nuget/System.Data.SqlClient"
      },
      "ranges": [
        {
          "type": "ECOSYSTEM",
          "events": [
            {
              "introduced": "0"
            },
            {
              "fixed": "4.8.6"
            }
          ]
        }
      ],
      "versions": [
        "1.0.0-beta1",
        "1.0.0-beta2",
        "4.0.0-beta-22605",
        "4.0.0-beta-22816",
        "4.0.0-beta-23019",
        "4.0.0-beta-23109",
        "4.0.0-beta-23123",
        "4.0.0-beta-23225",
        "4.0.0-beta-23409",
        "4.0.0-beta-23516",
        "4.1.0",
        "4.1.0-rc2-24027",
        "4.3.0",
        "4.3.0-preview1-24530-04",
        "4.3.1",
        "4.4.0",
        "4.4.0-preview1-25305-02",
        "4.4.0-preview2-25405-01",
        "4.4.1",
        "4.4.2",
        "4.4.3",
        "4.5.0",
        "4.5.0-preview1-26216-02",
        "4.5.0-preview2-26406-04",
        "4.5.0-rc1",
        "4.5.1",
        "4.5.3",
        "4.6.0",
        "4.6.0-preview2-26905-02",
        "4.6.0-preview3-27014-02",
        "4.6.1",
        "4.7.0",
        "4.8.0",
        "4.8.1",
        "4.8.2",
        "4.8.3",
        "4.8.4",
        "4.8.5"
      ],
      "database_specific": {
        "source": "https://github.com/github/advisory-database/blob/main/advisories/github-reviewed/2024/01/GHSA-98g6-xh36-x2p7/GHSA-98g6-xh36-x2p7.json"
      }
    },
    {
      "package": {
        "name": "Microsoft.Data.SqlClient",
        "ecosystem": "NuGet",
        "purl": "pkg:nuget/Microsoft.Data.SqlClient"
      },
      "ranges": [
        {
          "type": "ECOSYSTEM",
          "events": [
            {
              "introduced": "3.0.0"
            },
            {
              "fixed": "3.1.5"
            }
          ]
        }
      ],
      "versions": [
        "3.0.0",
        "3.0.1",
        "3.1.0",
        "3.1.1",
        "3.1.2",
        "3.1.3",
        "3.1.4"
      ],
      "database_specific": {
        "source": "https://github.com/github/advisory-database/blob/main/advisories/github-reviewed/2024/01/GHSA-98g6-xh36-x2p7/GHSA-98g6-xh36-x2p7.json"
      }
    },
    {
      "package": {
        "name": "Microsoft.Data.SqlClient",
        "ecosystem": "NuGet",
        "purl": "pkg:nuget/Microsoft.Data.SqlClient"
      },
      "ranges": [
        {
          "type": "ECOSYSTEM",
          "events": [
            {
              "introduced": "4.0.0"
            },
            {
              "fixed": "4.0.5"
            }
          ]
        }
      ],
      "versions": [
        "4.0.0",
        "4.0.1",
        "4.0.2",
        "4.0.3",
        "4.0.4"
      ],
      "database_specific": {
        "source": "https://github.com/github/advisory-database/blob/main/advisories/github-reviewed/2024/01/GHSA-98g6-xh36-x2p7/GHSA-98g6-xh36-x2p7.json"
      }
    },
    {
      "package": {
        "name": "Microsoft.Data.SqlClient",
        "ecosystem": "NuGet",
        "purl": "pkg:nuget/Microsoft.Data.SqlClient"
      },
      "ranges": [
        {
          "type": "ECOSYSTEM",
          "events": [
            {
              "introduced": "5.0.0"
            },
            {
              "fixed": "5.1.3"
            }
          ]
        }
      ],
      "versions": [
        "5.0.0",
        "5.0.1",
        "5.0.2",
        "5.1.0",
        "5.1.1",
        "5.1.2"
      ],
      "database_specific": {
        "source": "https://github.com/github/advisory-database/blob/main/advisories/github-reviewed/2024/01/GHSA-98g6-xh36-x2p7/GHSA-98g6-xh36-x2p7.json"
      }
    }
  ],
  "schema_version": "1.6.0",
  "severity": [
    {
      "type": "CVSS_V3",
      "score": "CVSS:3.1/AV:N/AC:H/PR:N/UI:N/S:C/C:H/I:H/A:N"
    }
  ]
}