{
  "id": "GHSA-g85r-6x2q-45w7",
  "summary": "SixLabors.ImageSharp vulnerable to Memory Allocation with Excessive Size Value",
  "details": "### Impact\n\nA vulnerability discovered in the ImageSharp library, where the processing of specially crafted files can lead to excessive memory usage in image decoders. The vulnerability is triggered when ImageSharp attempts to process image files that are designed to exploit this flaw. \n\nThis flaw can be exploited to cause a denial of service (DoS) by depleting process memory, thereby affecting applications and services that rely on ImageSharp for image processing tasks. Users and administrators are advised to update to the latest version of ImageSharp that addresses this vulnerability to mitigate the risk of exploitation.\n\n### Patches\n\nThe problem has been patched. All users are advised to upgrade to v3.1.4 or v2.1.8.\n\n### Workarounds\n\nBefore calling `Image.Decode(Async)`, use `Image.Identify` to determine the image dimensions in order to enforce a limit.\n\n### References\n\n- ImageSharp: [Security Considerations](https://docs.sixlabors.com/articles/imagesharp/security.html)\n- ImageSharp.Web: [Securing Processing Commands](https://docs.sixlabors.com/articles/imagesharp.web/processingcommands.html#securing-processing-commands)",
  "aliases": [
    "CVE-2024-32035"
  ],
  "modified": "2024-04-15T21:46:40.459647Z",
  "published": "2024-04-15T20:22:54Z",
  "database_specific": {
    "nvd_published_at": "2024-04-15T20:15:11Z",
    "cwe_ids": [
      "CWE-789"
    ],
    "severity": "MODERATE",
    "github_reviewed": true,
    "github_reviewed_at": "2024-04-15T20:22:54Z"
  },
  "references": [
    {
      "type": "WEB",
      "url": "https://github.com/SixLabors/ImageSharp/security/advisories/GHSA-g85r-6x2q-45w7"
    },
    {
      "type": "ADVISORY",
      "url": "https://nvd.nist.gov/vuln/detail/CVE-2024-32035"
    },
    {
      "type": "WEB",
      "url": "https://github.com/SixLabors/ImageSharp/commit/b6b08ac3e7cea8da5ac1e90f7c0b67dd254535c3"
    },
    {
      "type": "WEB",
      "url": "https://github.com/SixLabors/ImageSharp/commit/f21d64188e59ae9464ff462056a5e29d8e618b27"
    },
    {
      "type": "WEB",
      "url": "https://docs.sixlabors.com/articles/imagesharp.web/processingcommands.html#securing-processing-commands"
    },
    {
      "type": "WEB",
      "url": "https://docs.sixlabors.com/articles/imagesharp/security.html"
    },
    {
      "type": "PACKAGE",
      "url": "https://github.com/SixLabors/ImageSharp"
    }
  ],
  "affected": [
    {
      "package": {
        "name": "SixLabors.ImageSharp",
        "ecosystem": "NuGet",
        "purl": "pkg:nuget/SixLabors.ImageSharp"
      },
      "ranges": [
        {
          "type": "ECOSYSTEM",
          "events": [
            {
              "introduced": "0"
            },
            {
              "fixed": "2.1.8"
            }
          ]
        }
      ],
      "versions": [
        "1.0.0",
        "1.0.0-beta0001",
        "1.0.0-beta0002",
        "1.0.0-beta0003",
        "1.0.0-beta0004",
        "1.0.0-beta0005",
        "1.0.0-beta0006",
        "1.0.0-beta0007",
        "1.0.0-rc0001",
        "1.0.0-rc0002",
        "1.0.0-rc0003",
        "1.0.1",
        "1.0.2",
        "1.0.3",
        "1.0.4",
        "2.0.0",
        "2.1.0",
        "2.1.1",
        "2.1.2",
        "2.1.3",
        "2.1.4",
        "2.1.5",
        "2.1.6",
        "2.1.7"
      ],
      "database_specific": {
        "source": "https://github.com/github/advisory-database/blob/main/advisories/github-reviewed/2024/04/GHSA-g85r-6x2q-45w7/GHSA-g85r-6x2q-45w7.json"
      }
    },
    {
      "package": {
        "name": "SixLabors.ImageSharp",
        "ecosystem": "NuGet",
        "purl": "pkg:nuget/SixLabors.ImageSharp"
      },
      "ranges": [
        {
          "type": "ECOSYSTEM",
          "events": [
            {
              "introduced": "3.0.0"
            },
            {
              "fixed": "3.1.4"
            }
          ]
        }
      ],
      "versions": [
        "3.0.0",
        "3.0.1",
        "3.0.2",
        "3.1.0",
        "3.1.1",
        "3.1.2",
        "3.1.3"
      ],
      "database_specific": {
        "source": "https://github.com/github/advisory-database/blob/main/advisories/github-reviewed/2024/04/GHSA-g85r-6x2q-45w7/GHSA-g85r-6x2q-45w7.json"
      }
    }
  ],
  "schema_version": "1.6.0",
  "severity": [
    {
      "type": "CVSS_V3",
      "score": "CVSS:3.1/AV:N/AC:L/PR:N/UI:N/S:U/C:N/I:N/A:L"
    }
  ]
}