{
  "id": "GHSA-jrmq-rv9w-63rv",
  "summary": "Umbraco ApplicationURL Overwrite",
  "details": "Within the Umbraco CMS, a configuration element named \"UmbracoApplicationUrl\" (or just \"ApplicationUrl\") is used whenever application code needs to build a URL pointing back to the site. For example, when a user resets their password and the application builds a password reset URL or when the administrator invites users to the site. For Umbraco versions less than 9.2.0, if the Application URL is not specifically configured, the attacker can manipulate this value and store it persistently affecting all users for components where the \"UmbracoApplicationUrl\" is used. For example, the attacker is able to change the URL users receive when resetting their password so that it points to the attackers server, when the user follows this link the reset token can be intercepted by the attacker resulting in account takeover.",
  "aliases": [
    "CVE-2022-22690"
  ],
  "modified": "2024-02-19T05:20:35.102437Z",
  "published": "2022-01-21T23:34:24Z",
  "database_specific": {
    "nvd_published_at": "2022-01-18T17:15:00Z",
    "cwe_ids": [
      "CWE-444"
    ],
    "severity": "HIGH",
    "github_reviewed": true,
    "github_reviewed_at": "2022-01-19T22:24:06Z"
  },
  "references": [
    {
      "type": "ADVISORY",
      "url": "https://nvd.nist.gov/vuln/detail/CVE-2022-22690"
    },
    {
      "type": "WEB",
      "url": "https://appcheck-ng.com/umbraco-applicationurl-overwrite-persistent-password-reset-poison-cve-2022-22690-cve-2022-22691"
    },
    {
      "type": "PACKAGE",
      "url": "https://github.com/umbraco/Umbraco-CMS"
    }
  ],
  "affected": [
    {
      "package": {
        "name": "Umbraco.Cms.Core",
        "ecosystem": "NuGet",
        "purl": "pkg:nuget/Umbraco.Cms.Core"
      },
      "ranges": [
        {
          "type": "ECOSYSTEM",
          "events": [
            {
              "introduced": "0"
            },
            {
              "fixed": "9.2.0"
            }
          ]
        }
      ],
      "versions": [
        "9.0.0",
        "9.0.0-rc001",
        "9.0.0-rc002",
        "9.0.0-rc003",
        "9.0.0-rc004",
        "9.0.1",
        "9.1.0",
        "9.1.0-rc",
        "9.1.1",
        "9.1.2",
        "9.2.0-rc"
      ],
      "database_specific": {
        "source": "https://github.com/github/advisory-database/blob/main/advisories/github-reviewed/2022/01/GHSA-jrmq-rv9w-63rv/GHSA-jrmq-rv9w-63rv.json"
      }
    }
  ],
  "schema_version": "1.6.0",
  "severity": [
    {
      "type": "CVSS_V3",
      "score": "CVSS:3.1/AV:N/AC:L/PR:N/UI:N/S:C/C:H/I:N/A:N"
    }
  ]
}