{
  "id": "GHSA-2rvx-cvfc-mcp2",
  "summary": "New Relic .NET Agent contains SQL Injection",
  "details": "New Relic .NET Agent before 6.3.123.0 adds SQL injection flaws to safe applications via vectors involving failure to escape quotes during use of the Slow Queries feature, as demonstrated by a mishandled quote in a VALUES clause of an INSERT statement, after bypassing a SET SHOWPLAN_ALL ON protection mechanism.",
  "aliases": [
    "CVE-2017-9246"
  ],
  "modified": "2023-11-08T03:59:28.775696Z",
  "published": "2022-05-17T02:35:57Z",
  "database_specific": {
    "nvd_published_at": "2017-06-13T18:29:00Z",
    "cwe_ids": [
      "CWE-89"
    ],
    "severity": "CRITICAL",
    "github_reviewed": true,
    "github_reviewed_at": "2023-07-27T20:37:50Z"
  },
  "references": [
    {
      "type": "ADVISORY",
      "url": "https://nvd.nist.gov/vuln/detail/CVE-2017-9246"
    },
    {
      "type": "PACKAGE",
      "url": "https://github.com/newrelic/newrelic-dotnet-agent"
    },
    {
      "type": "WEB",
      "url": "https://web.archive.org/web/20221202191459/https://blog.seanmcelroy.com/2017/05/26/sql-injection-with-new-relic-patched"
    }
  ],
  "affected": [
    {
      "package": {
        "name": "NewRelic.Agent",
        "ecosystem": "NuGet",
        "purl": "pkg:nuget/NewRelic.Agent"
      },
      "ranges": [
        {
          "type": "ECOSYSTEM",
          "events": [
            {
              "introduced": "0"
            },
            {
              "fixed": "6.3.123.0"
            }
          ]
        }
      ],
      "database_specific": {
        "source": "https://github.com/github/advisory-database/blob/main/advisories/github-reviewed/2022/05/GHSA-2rvx-cvfc-mcp2/GHSA-2rvx-cvfc-mcp2.json"
      },
      "versions": []
    }
  ],
  "schema_version": "1.6.0",
  "severity": [
    {
      "type": "CVSS_V3",
      "score": "CVSS:3.0/AV:N/AC:L/PR:N/UI:N/S:U/C:H/I:H/A:H"
    }
  ]
}