{
  "id": "GHSA-g5c6-w479-93xm",
  "summary": "Mono ASP.NET View State Cross-Site Scripting (XSS) vulnerability",
  "details": "The default configuration of ASP.NET in Mono before 2.6.4 has a value of FALSE for the EnableViewStateMac property, which allows remote attackers to conduct cross-site scripting (XSS) attacks, as demonstrated by the __VIEWSTATE parameter to 2.0/menu/menu1.aspx in the XSP sample project.",
  "aliases": [
    "CVE-2010-1459"
  ],
  "modified": "2024-01-19T21:11:33.738479Z",
  "published": "2022-05-02T06:22:59Z",
  "database_specific": {
    "nvd_published_at": "2010-05-27T19:00:00Z",
    "cwe_ids": [
      "CWE-79"
    ],
    "severity": "MODERATE",
    "github_reviewed": true,
    "github_reviewed_at": "2024-01-19T20:50:37Z"
  },
  "references": [
    {
      "type": "ADVISORY",
      "url": "https://nvd.nist.gov/vuln/detail/CVE-2010-1459"
    },
    {
      "type": "PACKAGE",
      "url": "https://github.com/mono/mono"
    },
    {
      "type": "WEB",
      "url": "http://lists.opensuse.org/opensuse-security-announce/2010-05/msg00002.html"
    },
    {
      "type": "WEB",
      "url": "http://lists.opensuse.org/opensuse-security-announce/2010-06/msg00001.html"
    },
    {
      "type": "WEB",
      "url": "http://lists.opensuse.org/opensuse-security-announce/2010-08/msg00001.html"
    },
    {
      "type": "WEB",
      "url": "http://www.communities.hp.com/securitysoftware/blogs/spilabs/archive/2010/04/29/asp-net-cross-site-scripting-followup-mono.aspx"
    },
    {
      "type": "WEB",
      "url": "http://www.mono-project.com/Vulnerabilities#ASP.NET_View_State_Cross-Site_Scripting"
    },
    {
      "type": "WEB",
      "url": "http://www.securityfocus.com/bid/40351"
    }
  ],
  "affected": [
    {
      "package": {
        "name": "mono",
        "ecosystem": "NuGet",
        "purl": "pkg:nuget/mono"
      },
      "ranges": [
        {
          "type": "ECOSYSTEM",
          "events": [
            {
              "introduced": "0"
            },
            {
              "fixed": "2.6.4"
            }
          ]
        }
      ],
      "database_specific": {
        "source": "https://github.com/github/advisory-database/blob/main/advisories/github-reviewed/2022/05/GHSA-g5c6-w479-93xm/GHSA-g5c6-w479-93xm.json"
      },
      "versions": []
    }
  ],
  "schema_version": "1.6.0"
}