{
  "id": "GHSA-7r36-jf3c-jhp4",
  "summary": "Duplicate Advisory: tgstation-server vulnerable to cached user logins in legacy server",
  "details": "## Duplicate Advisory\nThis advisory has been withdrawn because it is a duplicate of GHSA-42r6-p4px-qvv6. This link is maintained to preserve external references.\n\n## Original Description\nIn Tgstation tgstation-server 3.2.4.0 through 3.2.1.0 (fixed in 3.2.5.0), active logins would be cached, allowing subsequent logins to succeed with any username or password.",
  "modified": "2024-02-16T07:44:35.171575Z",
  "published": "2022-05-13T01:50:31Z",
  "withdrawn": "2023-06-09T22:54:40Z",
  "database_specific": {
    "nvd_published_at": "2018-09-24T22:29:00Z",
    "cwe_ids": [],
    "severity": "CRITICAL",
    "github_reviewed": true,
    "github_reviewed_at": "2023-06-09T22:54:40Z"
  },
  "references": [
    {
      "type": "ADVISORY",
      "url": "https://nvd.nist.gov/vuln/detail/CVE-2018-17107"
    },
    {
      "type": "WEB",
      "url": "https://github.com/tgstation/tgstation-server/issues/690"
    }
  ],
  "affected": [
    {
      "package": {
        "name": "TGServiceInterface",
        "ecosystem": "NuGet",
        "purl": "pkg:nuget/TGServiceInterface"
      },
      "ranges": [
        {
          "type": "ECOSYSTEM",
          "events": [
            {
              "introduced": "3.2.1.0"
            },
            {
              "fixed": "3.2.5.0"
            }
          ]
        }
      ],
      "versions": [
        "3.2.1",
        "3.2.1.6",
        "3.2.2",
        "3.2.3.3",
        "3.2.4"
      ],
      "database_specific": {
        "last_known_affected_version_range": "<= 3.2.4.0",
        "source": "https://github.com/github/advisory-database/blob/main/advisories/github-reviewed/2022/05/GHSA-7r36-jf3c-jhp4/GHSA-7r36-jf3c-jhp4.json"
      }
    }
  ],
  "schema_version": "1.6.0",
  "severity": [
    {
      "type": "CVSS_V3",
      "score": "CVSS:3.0/AV:N/AC:L/PR:N/UI:N/S:U/C:H/I:H/A:H"
    }
  ]
}