{
  "id": "GHSA-9qcm-fqj9-93m4",
  "summary": "Duplicate Advisory: .NET Framework Remote Code Execution Vulnerability.",
  "details": "## Duplicate Advisory\nThis advisory has been withdrawn because it is a duplicate of GHSA-2c7v-qcjp-4mg2. This link is maintained to preserve external references.\n\n## Original Description\n.NET Framework Remote Code Execution Vulnerability.",
  "modified": "2024-02-16T07:58:10.182473Z",
  "published": "2022-12-13T21:30:26Z",
  "withdrawn": "2022-12-14T21:32:34Z",
  "database_specific": {
    "nvd_published_at": "2022-12-13T19:15:00Z",
    "cwe_ids": [],
    "severity": "HIGH",
    "github_reviewed": true,
    "github_reviewed_at": "2022-12-14T21:32:34Z"
  },
  "references": [
    {
      "type": "ADVISORY",
      "url": "https://nvd.nist.gov/vuln/detail/CVE-2022-41089"
    },
    {
      "type": "WEB",
      "url": "https://portal.msrc.microsoft.com/en-US/security-guidance/advisory/CVE-2022-41089"
    }
  ],
  "affected": [
    {
      "package": {
        "name": "Microsoft.WindowsDesktop.App.Runtime.win-x64",
        "ecosystem": "NuGet",
        "purl": "pkg:nuget/Microsoft.WindowsDesktop.App.Runtime.win-x64"
      },
      "ranges": [
        {
          "type": "ECOSYSTEM",
          "events": [
            {
              "introduced": "3.1.0"
            },
            {
              "fixed": "3.1.32"
            }
          ]
        }
      ],
      "versions": [
        "3.1.0",
        "3.1.1",
        "3.1.10",
        "3.1.11",
        "3.1.12",
        "3.1.13",
        "3.1.14",
        "3.1.15",
        "3.1.16",
        "3.1.17",
        "3.1.18",
        "3.1.19",
        "3.1.2",
        "3.1.20",
        "3.1.21",
        "3.1.22",
        "3.1.23",
        "3.1.24",
        "3.1.25",
        "3.1.26",
        "3.1.27",
        "3.1.28",
        "3.1.29",
        "3.1.3",
        "3.1.30",
        "3.1.31",
        "3.1.4",
        "3.1.5",
        "3.1.6",
        "3.1.7",
        "3.1.8",
        "3.1.9"
      ],
      "database_specific": {
        "last_known_affected_version_range": "<= 3.1.31",
        "source": "https://github.com/github/advisory-database/blob/main/advisories/github-reviewed/2022/12/GHSA-9qcm-fqj9-93m4/GHSA-9qcm-fqj9-93m4.json"
      }
    }
  ],
  "schema_version": "1.6.0",
  "severity": [
    {
      "type": "CVSS_V3",
      "score": "CVSS:3.1/AV:N/AC:L/PR:N/UI:R/S:U/C:H/I:H/A:H"
    }
  ]
}