{
  "id": "GHSA-32jq-mv89-5rx7",
  "summary": "CoreWCF NetFraming based services can leave connections open when they should be closed",
  "details": "### Impact\nIf you have a NetFraming based CoreWCF service, extra system resources could be consumed by connections being left established instead of closing or aborting them. There are two scenarios when this can happen. When a client established a connection to the service and sends no data, the service will wait indefinitely for the client to initiate the NetFraming session handshake. Additionally, once a client has established a session, if the client doesn't send any requests for the period of time configured in the binding ReceiveTimeout, the connection is not properly closed as part of the session being aborted.  \nThe bindings affected by this behavior are NetTcpBinding, NetNamedPipeBinding, and UnixDomainSocketBinding. Only NetTcpBinding has the ability to accept non local connections.\n\n### Patches\nThe currently supported versions of CoreWCF are v1.4.x and v1.5.x. The fix can be found in v1.4.2 and v1.5.2 of the CoreWCF packages.\n\n### Workarounds\nThere are no workarounds.\n\n### References\nhttps://github.com/CoreWCF/CoreWCF/issues/1345\n",
  "aliases": [
    "CVE-2024-28252"
  ],
  "modified": "2024-03-18T18:46:30.006174Z",
  "published": "2024-03-15T19:20:17Z",
  "database_specific": {
    "nvd_published_at": "2024-03-15T19:15:07Z",
    "cwe_ids": [
      "CWE-404"
    ],
    "severity": "HIGH",
    "github_reviewed": true,
    "github_reviewed_at": "2024-03-15T19:20:17Z"
  },
  "references": [
    {
      "type": "WEB",
      "url": "https://github.com/CoreWCF/CoreWCF/security/advisories/GHSA-32jq-mv89-5rx7"
    },
    {
      "type": "ADVISORY",
      "url": "https://nvd.nist.gov/vuln/detail/CVE-2024-28252"
    },
    {
      "type": "WEB",
      "url": "https://github.com/CoreWCF/CoreWCF/issues/1345"
    },
    {
      "type": "PACKAGE",
      "url": "https://github.com/CoreWCF/CoreWCF"
    }
  ],
  "affected": [
    {
      "package": {
        "name": "CoreWCF.NetFramingBase",
        "ecosystem": "NuGet",
        "purl": "pkg:nuget/CoreWCF.NetFramingBase"
      },
      "ranges": [
        {
          "type": "ECOSYSTEM",
          "events": [
            {
              "introduced": "1.4.0"
            },
            {
              "fixed": "1.4.2"
            }
          ]
        }
      ],
      "versions": [
        "1.4.0",
        "1.4.1"
      ],
      "database_specific": {
        "source": "https://github.com/github/advisory-database/blob/main/advisories/github-reviewed/2024/03/GHSA-32jq-mv89-5rx7/GHSA-32jq-mv89-5rx7.json"
      }
    },
    {
      "package": {
        "name": "CoreWCF.NetFramingBase",
        "ecosystem": "NuGet",
        "purl": "pkg:nuget/CoreWCF.NetFramingBase"
      },
      "ranges": [
        {
          "type": "ECOSYSTEM",
          "events": [
            {
              "introduced": "1.5.0"
            },
            {
              "fixed": "1.5.2"
            }
          ]
        }
      ],
      "versions": [
        "1.5.0",
        "1.5.1"
      ],
      "database_specific": {
        "source": "https://github.com/github/advisory-database/blob/main/advisories/github-reviewed/2024/03/GHSA-32jq-mv89-5rx7/GHSA-32jq-mv89-5rx7.json"
      }
    }
  ],
  "schema_version": "1.6.0",
  "severity": [
    {
      "type": "CVSS_V3",
      "score": "CVSS:3.1/AV:N/AC:L/PR:N/UI:N/S:U/C:N/I:N/A:H"
    }
  ]
}