{
  "id": "GHSA-ppq7-88c7-q879",
  "summary": "Cross-Site Request Forgery in PiranhaCMS",
  "details": "In PiranhaCMS, versions 4.0.0-alpha1 to 9.2.0 are vulnerable to cross-site request forgery (CSRF) when performing various actions supported by the management system, such as deleting a user, deleting a role, editing a post, deleting a media folder etc., when an ID is known.",
  "aliases": [
    "CVE-2021-25976"
  ],
  "modified": "2023-11-08T04:05:19.555093Z",
  "published": "2021-11-17T23:42:40Z",
  "database_specific": {
    "nvd_published_at": "2021-11-16T09:15:00Z",
    "github_reviewed_at": "2021-11-17T22:34:48Z",
    "severity": "HIGH",
    "github_reviewed": true,
    "cwe_ids": [
      "CWE-352"
    ]
  },
  "references": [
    {
      "type": "ADVISORY",
      "url": "https://nvd.nist.gov/vuln/detail/CVE-2021-25976"
    },
    {
      "type": "WEB",
      "url": "https://github.com/PiranhaCMS/piranha.core/commit/e42abacdd0dd880ce9cf6607efcc24646ac82eda"
    },
    {
      "type": "PACKAGE",
      "url": "https://github.com/PiranhaCMS/piranha.core"
    },
    {
      "type": "WEB",
      "url": "https://www.whitesourcesoftware.com/vulnerability-database/CVE-2021-25976"
    }
  ],
  "affected": [
    {
      "package": {
        "name": "Piranha",
        "ecosystem": "NuGet",
        "purl": "pkg:nuget/Piranha"
      },
      "ranges": [
        {
          "type": "ECOSYSTEM",
          "events": [
            {
              "introduced": "4.0.0-alpha1"
            },
            {
              "fixed": "10.0-alpha1"
            }
          ]
        }
      ],
      "versions": [
        "4.0.0",
        "4.0.0-alpha1",
        "4.0.0-alpha3",
        "4.0.0-alpha4",
        "4.0.0-alpha5",
        "4.0.0-alpha6",
        "4.0.0-alpha7",
        "4.0.0-alpha7-1",
        "4.0.0-alpha8",
        "4.0.0-alpha9",
        "4.0.0-beta1",
        "4.0.0-rc1",
        "4.1.0",
        "4.1.0-alpha1",
        "4.1.0-beta1",
        "4.1.0-beta2",
        "4.1.1",
        "4.2.0",
        "4.2.0-alpha1",
        "4.2.0-alpha2",
        "4.2.0-beta1",
        "4.2.1",
        "4.3.0",
        "4.3.0-beta1",
        "5.0.0",
        "5.0.0-alpha1",
        "5.0.0-beta1",
        "5.1.0",
        "5.1.0-alpha1",
        "5.1.0-alpha2",
        "5.1.0-beta1",
        "5.1.1",
        "5.1.2",
        "5.2.0",
        "5.2.0-beta1",
        "5.2.0-beta2",
        "5.2.1",
        "5.3.0",
        "5.3.0-beta1",
        "5.3.1",
        "5.4.0",
        "6.0.0",
        "6.0.1",
        "6.1.0",
        "7.0.0",
        "7.0.0-alpha1",
        "7.0.0-alpha2",
        "7.0.0-alpha3",
        "7.0.0-beta1",
        "7.0.0-rc1",
        "7.0.1",
        "7.0.2",
        "7.0.3",
        "7.1.0",
        "8.0.0",
        "8.0.1",
        "8.0.2",
        "8.1.0",
        "8.2.0",
        "8.3.0",
        "8.4.0",
        "8.4.1",
        "8.4.2",
        "9.0.0",
        "9.0.0-beta1",
        "9.0.0-rc1",
        "9.0.0-rc2",
        "9.0.1",
        "9.1.0",
        "9.1.0-alpha1",
        "9.1.0-alpha2",
        "9.1.0-beta1",
        "9.1.1",
        "9.2.0"
      ],
      "database_specific": {
        "last_known_affected_version_range": "<= 9.2.0",
        "source": "https://github.com/github/advisory-database/blob/main/advisories/github-reviewed/2021/11/GHSA-ppq7-88c7-q879/GHSA-ppq7-88c7-q879.json"
      }
    }
  ],
  "schema_version": "1.6.0",
  "severity": [
    {
      "type": "CVSS_V3",
      "score": "CVSS:3.1/AV:N/AC:L/PR:N/UI:R/S:U/C:N/I:H/A:H"
    }
  ]
}