{
  "id": "GHSA-32f8-hmr3-7vxg",
  "summary": "Azure Storage Movement Client Library Denial of Service Vulnerability",
  "details": "Azure Storage Movement Client Library Denial of Service Vulnerability",
  "aliases": [
    "CVE-2024-35252"
  ],
  "modified": "2024-06-11T20:57:25.219498Z",
  "published": "2024-06-11T18:30:50Z",
  "database_specific": {
    "nvd_published_at": "2024-06-11T17:16:02Z",
    "cwe_ids": [
      "CWE-1104"
    ],
    "severity": "HIGH",
    "github_reviewed": true,
    "github_reviewed_at": "2024-06-11T19:57:04Z"
  },
  "references": [
    {
      "type": "ADVISORY",
      "url": "https://nvd.nist.gov/vuln/detail/CVE-2024-35252"
    },
    {
      "type": "PACKAGE",
      "url": "https://github.com/Azure/azure-storage-net-data-movement"
    },
    {
      "type": "WEB",
      "url": "https://msrc.microsoft.com/update-guide/vulnerability/CVE-2024-35252"
    }
  ],
  "affected": [
    {
      "package": {
        "name": "Microsoft.Azure.Storage.DataMovement",
        "ecosystem": "NuGet",
        "purl": "pkg:nuget/Microsoft.Azure.Storage.DataMovement"
      },
      "ranges": [
        {
          "type": "ECOSYSTEM",
          "events": [
            {
              "introduced": "0"
            },
            {
              "fixed": "2.0.5"
            }
          ]
        }
      ],
      "versions": [
        "0.1.0",
        "0.10.0",
        "0.10.1",
        "0.11.0",
        "0.12.0",
        "0.2.0",
        "0.3.0",
        "0.4.0",
        "0.4.1",
        "0.5.0",
        "0.5.1",
        "0.5.2",
        "0.5.3",
        "0.6.0",
        "0.6.1",
        "0.6.2",
        "0.6.3",
        "0.6.4",
        "0.6.5",
        "0.6.6",
        "0.7.0",
        "0.7.1",
        "0.8.0",
        "0.8.1",
        "0.9.0",
        "1.0.0",
        "1.1.0",
        "1.2.0",
        "1.3.0",
        "2.0.0",
        "2.0.1",
        "2.0.2",
        "2.0.3",
        "2.0.4"
      ],
      "database_specific": {
        "source": "https://github.com/github/advisory-database/blob/main/advisories/github-reviewed/2024/06/GHSA-32f8-hmr3-7vxg/GHSA-32f8-hmr3-7vxg.json"
      }
    }
  ],
  "schema_version": "1.6.0",
  "severity": [
    {
      "type": "CVSS_V3",
      "score": "CVSS:3.1/AV:N/AC:L/PR:N/UI:N/S:U/C:N/I:N/A:H"
    }
  ]
}