{
  "id": "GHSA-fjj8-gv4j-953p",
  "summary": "ChakraCore RCE Vulnerability",
  "details": "The Chakra JavaScript engine in Microsoft Edge allows remote attackers to execute arbitrary code or cause a denial of service (memory corruption) via a crafted web site, aka \"Scripting Engine Memory Corruption Vulnerability,\" a different vulnerability than CVE-2016-0191 and CVE-2016-0193.",
  "aliases": [
    "CVE-2016-0186"
  ],
  "modified": "2023-11-08T03:58:05.120454Z",
  "published": "2022-05-14T02:25:02Z",
  "database_specific": {
    "nvd_published_at": "2016-05-11T01:59:00Z",
    "cwe_ids": [
      "CWE-119"
    ],
    "severity": "HIGH",
    "github_reviewed": true,
    "github_reviewed_at": "2023-07-31T19:06:58Z"
  },
  "references": [
    {
      "type": "ADVISORY",
      "url": "https://nvd.nist.gov/vuln/detail/CVE-2016-0186"
    },
    {
      "type": "WEB",
      "url": "https://github.com/chakra-core/ChakraCore/commit/d21529b131d831fc4470139bfc90d80ae7481fa2"
    },
    {
      "type": "WEB",
      "url": "https://docs.microsoft.com/en-us/security-updates/securitybulletins/2016/ms16-052"
    },
    {
      "type": "PACKAGE",
      "url": "https://github.com/chakra-core/ChakraCore"
    },
    {
      "type": "WEB",
      "url": "https://web.archive.org/web/20201024061334/http://www.securitytracker.com/id/1035821"
    },
    {
      "type": "WEB",
      "url": "https://web.archive.org/web/20210123133438/http://www.securityfocus.com/bid/90008"
    },
    {
      "type": "WEB",
      "url": "http://www.zerodayinitiative.com/advisories/ZDI-16-338"
    },
    {
      "type": "WEB",
      "url": "http://www.zerodayinitiative.com/advisories/ZDI-16-355"
    }
  ],
  "affected": [
    {
      "package": {
        "name": "Microsoft.ChakraCore",
        "ecosystem": "NuGet",
        "purl": "pkg:nuget/Microsoft.ChakraCore"
      },
      "ranges": [
        {
          "type": "ECOSYSTEM",
          "events": [
            {
              "introduced": "0"
            },
            {
              "fixed": "1.2.0.0"
            }
          ]
        }
      ],
      "database_specific": {
        "source": "https://github.com/github/advisory-database/blob/main/advisories/github-reviewed/2022/05/GHSA-fjj8-gv4j-953p/GHSA-fjj8-gv4j-953p.json"
      },
      "versions": []
    }
  ],
  "schema_version": "1.6.0",
  "severity": [
    {
      "type": "CVSS_V3",
      "score": "CVSS:3.0/AV:N/AC:H/PR:N/UI:R/S:U/C:H/I:H/A:H"
    }
  ]
}