{
  "id": "GHSA-hgqx-r2hp-jr38",
  "summary": "TinyMCE XSS vulnerability in notificationManager.open API",
  "details": "### Impact\nA [cross-site scripting (XSS)](https://owasp.org/www-community/attacks/xss/) vulnerability was discovered in TinyMCE\u2019s Notification Manager API. The vulnerability exploits TinyMCE's unfiltered notification system, which is used in error handling.  The conditions for this exploit requires carefully crafted malicious content to have been inserted into the editor and a notification to have been triggered.  \n\nWhen a notification was opened, the HTML within the text argument was displayed unfiltered in the notification. The vulnerability allowed arbitrary JavaScript execution when an notification presented in the TinyMCE UI for the current user.  This issue could also be exploited by any integration which uses a TinyMCE notification to display unfiltered HTML content.\n\n### Patches\nThis vulnerability has been patched in TinyMCE 5.10.8 and TinyMCE 6.7.1 by ensuring that the HTML displayed in the notification is sanitized, preventing the exploit.\n\n### Fix\nTo avoid this vulnerability:\n\n* Upgrade to TinyMCE 5.10.8 or higher for TinyMCE 5.x.\n* Upgrade to TinyMCE 6.7.1 or higher for TinyMCE 6.x.\n\n### References\n* <https://tiny.cloud/docs/release-notes/release-notes5108/#securityfixes>\n* <https://tiny.cloud/docs/tinymce/6/6.7.1-release-notes/#security-fixes>\n\n### For more information\nIf you have any questions or comments about this advisory:\n* Email us at <infosec@tiny.cloud>\n* Open an issue in the [TinyMCE repo](https://github.com/tinymce/tinymce/issues?q=is%3Aissue+is%3Aopen+sort%3Aupdated-desc)\n",
  "aliases": [
    "CVE-2023-45819"
  ],
  "modified": "2024-02-16T08:21:41.101570Z",
  "published": "2023-10-19T16:42:57Z",
  "database_specific": {
    "nvd_published_at": "2023-10-19T22:15:11Z",
    "cwe_ids": [
      "CWE-79"
    ],
    "severity": "MODERATE",
    "github_reviewed": true,
    "github_reviewed_at": "2023-10-19T16:42:57Z"
  },
  "references": [
    {
      "type": "WEB",
      "url": "https://github.com/tinymce/tinymce/security/advisories/GHSA-hgqx-r2hp-jr38"
    },
    {
      "type": "ADVISORY",
      "url": "https://nvd.nist.gov/vuln/detail/CVE-2023-45819"
    },
    {
      "type": "PACKAGE",
      "url": "https://github.com/tinymce/tinymce"
    },
    {
      "type": "WEB",
      "url": "https://tiny.cloud/docs/release-notes/release-notes5108/#securityfixes"
    },
    {
      "type": "WEB",
      "url": "https://tiny.cloud/docs/tinymce/6/6.7.1-release-notes/#security-fixes"
    }
  ],
  "affected": [
    {
      "package": {
        "name": "tinymce",
        "ecosystem": "npm",
        "purl": "pkg:npm/tinymce"
      },
      "ranges": [
        {
          "type": "SEMVER",
          "events": [
            {
              "introduced": "6.0.0"
            },
            {
              "fixed": "6.7.1"
            }
          ]
        }
      ],
      "database_specific": {
        "source": "https://github.com/github/advisory-database/blob/main/advisories/github-reviewed/2023/10/GHSA-hgqx-r2hp-jr38/GHSA-hgqx-r2hp-jr38.json"
      }
    },
    {
      "package": {
        "name": "TinyMCE",
        "ecosystem": "NuGet",
        "purl": "pkg:nuget/TinyMCE"
      },
      "ranges": [
        {
          "type": "ECOSYSTEM",
          "events": [
            {
              "introduced": "6.0.0"
            },
            {
              "fixed": "6.7.1"
            }
          ]
        }
      ],
      "versions": [
        "6.0.0",
        "6.0.1",
        "6.0.2",
        "6.0.3",
        "6.1.0",
        "6.1.1",
        "6.1.2",
        "6.2.0",
        "6.3.0",
        "6.3.1",
        "6.3.2",
        "6.4.0",
        "6.4.1",
        "6.4.2",
        "6.5.0",
        "6.5.1",
        "6.6.2",
        "6.7.0"
      ],
      "database_specific": {
        "source": "https://github.com/github/advisory-database/blob/main/advisories/github-reviewed/2023/10/GHSA-hgqx-r2hp-jr38/GHSA-hgqx-r2hp-jr38.json"
      }
    },
    {
      "package": {
        "name": "tinymce/tinymce",
        "ecosystem": "Packagist",
        "purl": "pkg:composer/tinymce/tinymce"
      },
      "ranges": [
        {
          "type": "ECOSYSTEM",
          "events": [
            {
              "introduced": "6.0.0"
            },
            {
              "fixed": "6.7.1"
            }
          ]
        }
      ],
      "versions": [
        "6.0.0",
        "6.0.1",
        "6.0.2",
        "6.0.3",
        "6.1.0",
        "6.1.1",
        "6.1.2",
        "6.2.0",
        "6.3.0",
        "6.3.1",
        "6.3.2",
        "6.4.0",
        "6.4.1",
        "6.4.2",
        "6.5.0",
        "6.5.1",
        "6.6.0",
        "6.6.1",
        "6.6.2",
        "6.7.0"
      ],
      "database_specific": {
        "source": "https://github.com/github/advisory-database/blob/main/advisories/github-reviewed/2023/10/GHSA-hgqx-r2hp-jr38/GHSA-hgqx-r2hp-jr38.json"
      }
    },
    {
      "package": {
        "name": "tinymce",
        "ecosystem": "npm",
        "purl": "pkg:npm/tinymce"
      },
      "ranges": [
        {
          "type": "SEMVER",
          "events": [
            {
              "introduced": "0"
            },
            {
              "fixed": "5.10.8"
            }
          ]
        }
      ],
      "database_specific": {
        "source": "https://github.com/github/advisory-database/blob/main/advisories/github-reviewed/2023/10/GHSA-hgqx-r2hp-jr38/GHSA-hgqx-r2hp-jr38.json"
      }
    },
    {
      "package": {
        "name": "TinyMCE",
        "ecosystem": "NuGet",
        "purl": "pkg:nuget/TinyMCE"
      },
      "ranges": [
        {
          "type": "ECOSYSTEM",
          "events": [
            {
              "introduced": "0"
            },
            {
              "fixed": "5.10.8"
            }
          ]
        }
      ],
      "versions": [
        "3.4.3.2",
        "3.4.4",
        "3.4.5",
        "3.4.7",
        "3.5.0",
        "3.5.0.1",
        "3.5.1",
        "3.5.1.1",
        "3.5.2",
        "3.5.3",
        "3.5.4",
        "3.5.4.1",
        "3.5.5",
        "3.5.6",
        "3.5.7",
        "3.5.8",
        "4.0.0",
        "4.0.1",
        "4.0.10",
        "4.0.11",
        "4.0.13",
        "4.0.14",
        "4.0.15",
        "4.0.16",
        "4.0.17",
        "4.0.18",
        "4.0.19",
        "4.0.2",
        "4.0.20",
        "4.0.21",
        "4.0.22",
        "4.0.23",
        "4.0.24",
        "4.0.25",
        "4.0.26",
        "4.0.27",
        "4.0.28",
        "4.0.4",
        "4.0.5",
        "4.0.6",
        "4.0.8",
        "4.0.9",
        "4.1.0",
        "4.1.1",
        "4.1.10",
        "4.1.2",
        "4.1.3",
        "4.1.4",
        "4.1.5",
        "4.1.6",
        "4.1.7",
        "4.1.8",
        "4.1.9",
        "4.2.0",
        "4.2.1",
        "4.2.2",
        "4.2.3",
        "4.2.4",
        "4.2.5",
        "4.2.6",
        "4.2.7",
        "4.2.8",
        "4.3.0",
        "4.3.1",
        "4.3.10",
        "4.3.11",
        "4.3.12",
        "4.3.13",
        "4.3.2",
        "4.3.3",
        "4.3.4",
        "4.3.6",
        "4.3.7",
        "4.3.8",
        "4.3.9",
        "4.4.0",
        "4.4.1",
        "4.4.2",
        "4.4.3",
        "4.5.0",
        "4.5.1",
        "4.5.2",
        "4.5.3",
        "4.5.4",
        "4.5.5",
        "4.5.6",
        "4.5.7",
        "4.5.8",
        "4.6.0",
        "4.6.1",
        "4.6.2",
        "4.6.3",
        "4.6.4",
        "4.6.5",
        "4.6.6",
        "4.6.7",
        "4.7.0",
        "4.7.10",
        "4.7.11",
        "4.7.12",
        "4.7.13",
        "4.7.3",
        "4.7.4",
        "4.7.5",
        "4.7.6",
        "4.7.7",
        "4.7.8",
        "4.7.9",
        "4.8.0",
        "4.8.1",
        "4.8.2",
        "4.8.3",
        "4.8.4",
        "4.8.5",
        "4.9.0",
        "4.9.1",
        "4.9.10",
        "4.9.11",
        "4.9.2",
        "4.9.3",
        "4.9.4",
        "4.9.5",
        "4.9.6",
        "4.9.7",
        "4.9.8",
        "4.9.9",
        "5.0.0",
        "5.0.1",
        "5.0.10",
        "5.0.11",
        "5.0.12",
        "5.0.13",
        "5.0.14",
        "5.0.15",
        "5.0.16",
        "5.0.2",
        "5.0.3",
        "5.0.4",
        "5.0.5",
        "5.0.6",
        "5.0.7",
        "5.0.8",
        "5.0.9",
        "5.1.0",
        "5.1.1",
        "5.1.2",
        "5.1.3",
        "5.1.4",
        "5.1.5",
        "5.1.6",
        "5.10.0",
        "5.10.1",
        "5.10.2",
        "5.10.3",
        "5.10.4",
        "5.10.5",
        "5.10.6",
        "5.10.7",
        "5.2.0",
        "5.2.1",
        "5.2.2",
        "5.3.0",
        "5.3.1",
        "5.3.2",
        "5.4.0",
        "5.4.1",
        "5.4.2",
        "5.5.0",
        "5.5.1",
        "5.6.0",
        "5.6.1",
        "5.6.2",
        "5.7.0",
        "5.7.1",
        "5.8.0",
        "5.8.1",
        "5.8.2",
        "5.9.0",
        "5.9.1",
        "5.9.2"
      ],
      "database_specific": {
        "source": "https://github.com/github/advisory-database/blob/main/advisories/github-reviewed/2023/10/GHSA-hgqx-r2hp-jr38/GHSA-hgqx-r2hp-jr38.json"
      }
    },
    {
      "package": {
        "name": "tinymce/tinymce",
        "ecosystem": "Packagist",
        "purl": "pkg:composer/tinymce/tinymce"
      },
      "ranges": [
        {
          "type": "ECOSYSTEM",
          "events": [
            {
              "introduced": "0"
            },
            {
              "fixed": "5.10.8"
            }
          ]
        }
      ],
      "versions": [
        "4.0.0",
        "4.0.1",
        "4.0.10",
        "4.0.11",
        "4.0.12",
        "4.0.13",
        "4.0.14",
        "4.0.15",
        "4.0.16",
        "4.0.17",
        "4.0.18",
        "4.0.19",
        "4.0.2",
        "4.0.20",
        "4.0.21",
        "4.0.22",
        "4.0.23",
        "4.0.24",
        "4.0.25",
        "4.0.26",
        "4.0.27",
        "4.0.28",
        "4.0.3",
        "4.0.4",
        "4.0.5",
        "4.0.6",
        "4.0.7",
        "4.0.8",
        "4.0.9",
        "4.1.0",
        "4.1.1",
        "4.1.10",
        "4.1.2",
        "4.1.3",
        "4.1.4",
        "4.1.5",
        "4.1.6",
        "4.1.7",
        "4.1.8",
        "4.1.9",
        "4.2.0",
        "4.2.1",
        "4.2.2",
        "4.2.3",
        "4.2.4",
        "4.2.5",
        "4.2.6",
        "4.2.7",
        "4.2.8",
        "4.3.0",
        "4.3.1",
        "4.3.10",
        "4.3.11",
        "4.3.12",
        "4.3.13",
        "4.3.2",
        "4.3.3",
        "4.3.4",
        "4.3.6",
        "4.3.7",
        "4.3.8",
        "4.3.9",
        "4.4.0",
        "4.4.1",
        "4.4.2",
        "4.4.3",
        "4.5.0",
        "4.5.1",
        "4.5.12",
        "4.5.2",
        "4.5.3",
        "4.5.4",
        "4.5.5",
        "4.5.6",
        "4.5.7",
        "4.5.8",
        "4.5.9",
        "4.6.0",
        "4.6.1",
        "4.6.2",
        "4.6.3",
        "4.6.4",
        "4.6.5",
        "4.6.6",
        "4.6.7",
        "4.7.0",
        "4.7.1",
        "4.7.10",
        "4.7.11",
        "4.7.12",
        "4.7.13",
        "4.7.2",
        "4.7.3",
        "4.7.4",
        "4.7.5",
        "4.7.6",
        "4.7.7",
        "4.7.8",
        "4.7.9",
        "4.8.0",
        "4.8.1",
        "4.8.2",
        "4.8.3",
        "4.8.4",
        "4.8.5",
        "4.9.0",
        "4.9.1",
        "4.9.10",
        "4.9.11",
        "4.9.2",
        "4.9.3",
        "4.9.4",
        "4.9.5",
        "4.9.6",
        "4.9.7",
        "4.9.8",
        "4.9.9",
        "5.0.0",
        "5.0.1",
        "5.0.10",
        "5.0.11",
        "5.0.12",
        "5.0.13",
        "5.0.14",
        "5.0.15",
        "5.0.16",
        "5.0.2",
        "5.0.3",
        "5.0.4",
        "5.0.5",
        "5.0.6",
        "5.0.7",
        "5.0.8",
        "5.0.9",
        "5.1.0",
        "5.1.1",
        "5.1.2",
        "5.1.3",
        "5.1.4",
        "5.1.5",
        "5.1.6",
        "5.10.0",
        "5.10.1",
        "5.10.2",
        "5.10.3",
        "5.10.4",
        "5.10.5",
        "5.10.6",
        "5.10.7",
        "5.2.0",
        "5.2.1",
        "5.2.2",
        "5.3.0",
        "5.3.1",
        "5.3.2",
        "5.4.0",
        "5.4.1",
        "5.4.2",
        "5.5.0",
        "5.5.1",
        "5.6.0",
        "5.6.1",
        "5.6.2",
        "5.7.0",
        "5.7.1",
        "5.8.0",
        "5.8.1",
        "5.8.2",
        "5.9.0",
        "5.9.1",
        "5.9.2"
      ],
      "database_specific": {
        "source": "https://github.com/github/advisory-database/blob/main/advisories/github-reviewed/2023/10/GHSA-hgqx-r2hp-jr38/GHSA-hgqx-r2hp-jr38.json"
      }
    }
  ],
  "schema_version": "1.6.0",
  "severity": [
    {
      "type": "CVSS_V3",
      "score": "CVSS:3.1/AV:N/AC:L/PR:N/UI:R/S:C/C:L/I:L/A:N"
    }
  ]
}