{
  "id": "GHSA-hrww-x3fq-xcvh",
  "summary": "Umbraco CMS Improper Access Control vulnerability",
  "details": "### Impact\nAs an authenticated user one can access a few unintended endpoints\n\n\n\n",
  "aliases": [
    "CVE-2024-43377"
  ],
  "modified": "2024-08-20T18:58:55.446911Z",
  "published": "2024-08-20T18:32:26Z",
  "database_specific": {
    "nvd_published_at": "2024-08-20T15:15:23Z",
    "cwe_ids": [
      "CWE-284"
    ],
    "severity": "MODERATE",
    "github_reviewed": true,
    "github_reviewed_at": "2024-08-20T18:32:26Z"
  },
  "references": [
    {
      "type": "WEB",
      "url": "https://github.com/umbraco/Umbraco-CMS/security/advisories/GHSA-hrww-x3fq-xcvh"
    },
    {
      "type": "ADVISORY",
      "url": "https://nvd.nist.gov/vuln/detail/CVE-2024-43377"
    },
    {
      "type": "WEB",
      "url": "https://github.com/umbraco/Umbraco-CMS/commit/72bef8861d94a39d5cc9530a04c4797b91fcbecf"
    },
    {
      "type": "PACKAGE",
      "url": "https://github.com/umbraco/Umbraco-CMS"
    }
  ],
  "affected": [
    {
      "package": {
        "name": "Umbraco.Cms",
        "ecosystem": "NuGet",
        "purl": "pkg:nuget/Umbraco.Cms"
      },
      "ranges": [
        {
          "type": "ECOSYSTEM",
          "events": [
            {
              "introduced": "14.0.0"
            },
            {
              "fixed": "14.1.2"
            }
          ]
        }
      ],
      "versions": [
        "14.0.0",
        "14.1.0",
        "14.1.0-rc",
        "14.1.0-rc2",
        "14.1.1"
      ],
      "database_specific": {
        "source": "https://github.com/github/advisory-database/blob/main/advisories/github-reviewed/2024/08/GHSA-hrww-x3fq-xcvh/GHSA-hrww-x3fq-xcvh.json"
      }
    }
  ],
  "schema_version": "1.6.0",
  "severity": [
    {
      "type": "CVSS_V3",
      "score": "CVSS:3.1/AV:N/AC:H/PR:N/UI:N/S:C/C:L/I:L/A:N"
    },
    {
      "type": "CVSS_V4",
      "score": "CVSS:4.0/AV:N/AC:L/AT:P/PR:N/UI:N/VC:L/VI:L/VA:N/SC:L/SI:L/SA:N"
    }
  ]
}