{
  "id": "GHSA-f9fr-w54q-772h",
  "summary": "Apache log4net format string vulnerability causes DoS",
  "details": "Format string vulnerability in LocalSyslogAppender in Apache log4net 1.2.9 might allow remote attackers to cause a denial of service (memory corruption and termination) via unknown vectors.",
  "aliases": [
    "CVE-2006-0743"
  ],
  "modified": "2024-02-09T22:26:39.756448Z",
  "published": "2022-05-01T06:42:27Z",
  "database_specific": {
    "nvd_published_at": "2006-03-09T20:02:00Z",
    "cwe_ids": [
      "CWE-134"
    ],
    "severity": "MODERATE",
    "github_reviewed": true,
    "github_reviewed_at": "2024-02-09T22:01:06Z"
  },
  "references": [
    {
      "type": "ADVISORY",
      "url": "https://nvd.nist.gov/vuln/detail/CVE-2006-0743"
    },
    {
      "type": "WEB",
      "url": "https://github.com/apache/logging-log4net/commit/ea3faab25fe5f1d4dbda9f5da8dcfa6fc3d9e1b8"
    },
    {
      "type": "WEB",
      "url": "https://exchange.xforce.ibmcloud.com/vulnerabilities/25196"
    },
    {
      "type": "PACKAGE",
      "url": "https://github.com/apache/logging-log4net"
    },
    {
      "type": "WEB",
      "url": "https://web.archive.org/web/20070114054835/http://www.novell.com/linux/security/advisories/2006_26_sr.html"
    },
    {
      "type": "WEB",
      "url": "https://web.archive.org/web/20140304060609/https://issues.apache.org/jira/browse/LOG4NET-67"
    },
    {
      "type": "WEB",
      "url": "https://web.archive.org/web/20200229022118/http://www.securityfocus.com/bid/17095"
    }
  ],
  "affected": [
    {
      "package": {
        "name": "log4net",
        "ecosystem": "NuGet",
        "purl": "pkg:nuget/log4net"
      },
      "ranges": [
        {
          "type": "ECOSYSTEM",
          "events": [
            {
              "introduced": "0"
            },
            {
              "fixed": "1.2.10"
            }
          ]
        }
      ],
      "database_specific": {
        "last_known_affected_version_range": "<= 1.2.9",
        "source": "https://github.com/github/advisory-database/blob/main/advisories/github-reviewed/2022/05/GHSA-f9fr-w54q-772h/GHSA-f9fr-w54q-772h.json"
      },
      "versions": []
    }
  ],
  "schema_version": "1.6.0"
}