{
  "id": "GHSA-8x6f-956f-q43w",
  "summary": "OWASP.AntiSamy mXSS when preserving comments",
  "details": "# Impact\n\nThere is a potential for a mutation XSS (mXSS) vulnerability in AntiSamy caused by flawed parsing of the HTML being sanitized. To be subject to this vulnerability the `preserveComments` directive must be enabled in your policy file and also allow for certain tags at the same time. As a result, certain crafty inputs can result in elements in comment tags being interpreted as executable when using AntiSamy's sanitized output.\n\n# Patches\n\nPatched in OWASP AntiSamy .NET 1.2.0 and later. See important remediation details in the reference given below.\n\n# Workarounds\n\nIf you cannot upgrade to a fixed version of the library, the following mitigation can be applied until you can upgrade: Manually edit your AntiSamy policy file (e.g., antisamy.xml) by deleting the `preserveComments` directive or setting its value to `false`,  if present. Also it would be useful to make AntiSamy remove the `noscript` tag by adding this in your tag definitions under the `<tagrules>` node (or deleting it entirely if present):\n```xml\n<tag name=\"noscript\" action=\"remove\"/>\n```\n\nAs the previously mentioned policy settings are preconditions for the mXSS attack to work, changing them as recommended should be sufficient to protect you against this vulnerability when using a vulnerable version of this library. However, the existing bug would still be present in AntiSamy or its parser dependency (HtmlAgilityPack). The safety of this workaround relies on configurations that may change in the future and don't address the root cause of the vulnerability. As such, it is strongly recommended to upgrade to a fixed version of AntiSamy.\n\n# For more information\n\nIf you have any questions or comments about this advisory:\n\nEmail one of the project co-leaders, listed on the [OWASP AntiSamy project](https://owasp.org/www-project-antisamy/) page, under \"Leaders\".",
  "aliases": [
    "CVE-2023-51652"
  ],
  "modified": "2024-02-16T08:04:53.376721Z",
  "published": "2024-01-02T16:38:28Z",
  "database_specific": {
    "nvd_published_at": "2024-01-02T20:15:10Z",
    "cwe_ids": [
      "CWE-79"
    ],
    "severity": "MODERATE",
    "github_reviewed": true,
    "github_reviewed_at": "2024-01-02T16:38:28Z"
  },
  "references": [
    {
      "type": "WEB",
      "url": "https://github.com/spassarop/antisamy-dotnet/security/advisories/GHSA-8x6f-956f-q43w"
    },
    {
      "type": "ADVISORY",
      "url": "https://nvd.nist.gov/vuln/detail/CVE-2023-51652"
    },
    {
      "type": "WEB",
      "url": "https://github.com/spassarop/antisamy-dotnet/commit/7e500daef6ad9c10e97c68feab78f4cb6e3083c6"
    },
    {
      "type": "WEB",
      "url": "https://github.com/spassarop/antisamy-dotnet/commit/8117911933e75a25cd0054ef017577486338444a"
    },
    {
      "type": "PACKAGE",
      "url": "https://github.com/spassarop/antisamy-dotnet"
    }
  ],
  "affected": [
    {
      "package": {
        "name": "OWASP.AntiSamy",
        "ecosystem": "NuGet",
        "purl": "pkg:nuget/OWASP.AntiSamy"
      },
      "ranges": [
        {
          "type": "ECOSYSTEM",
          "events": [
            {
              "introduced": "0"
            },
            {
              "fixed": "1.2.0"
            }
          ]
        }
      ],
      "versions": [
        "1.0.0",
        "1.0.1",
        "1.0.2",
        "1.0.3",
        "1.1.0",
        "1.1.1"
      ],
      "database_specific": {
        "source": "https://github.com/github/advisory-database/blob/main/advisories/github-reviewed/2024/01/GHSA-8x6f-956f-q43w/GHSA-8x6f-956f-q43w.json"
      }
    }
  ],
  "schema_version": "1.6.0",
  "severity": [
    {
      "type": "CVSS_V3",
      "score": "CVSS:3.1/AV:N/AC:L/PR:N/UI:R/S:C/C:L/I:L/A:N"
    }
  ]
}