{
  "id": "GHSA-pcr8-75v3-w9pf",
  "summary": "Chakra Core vulnerable to privilege escalation due to type confusion",
  "details": "ChakraCore and Microsoft Edge in Windows 10 1709 and Windows Server, version 1709 allows an attacker to gain the same user rights as the current user, due to how the scripting engine handles objects in memory, aka \"Scripting Engine Memory Corruption Vulnerability\". Individual Export in module exports was not taking care of destructuring nodes, leading to type confusion. This was fixed by adding support for walking those nodes.\n\nThis CVE ID is unique from CVE-2017-11836, CVE-2017-11837, CVE-2017-11838, CVE-2017-11839, CVE-2017-11840, CVE-2017-11841, CVE-2017-11843, CVE-2017-11846, CVE-2017-11858, CVE-2017-11859, CVE-2017-11861, CVE-2017-11866, CVE-2017-11869, CVE-2017-11870, CVE-2017-11871, and CVE-2017-11873.",
  "aliases": [
    "CVE-2017-11862"
  ],
  "modified": "2024-02-16T08:10:29.581621Z",
  "published": "2022-05-17T00:19:55Z",
  "database_specific": {
    "nvd_published_at": "2017-11-15T03:29:00Z",
    "cwe_ids": [
      "CWE-119"
    ],
    "severity": "HIGH",
    "github_reviewed": true,
    "github_reviewed_at": "2023-07-27T19:30:54Z"
  },
  "references": [
    {
      "type": "ADVISORY",
      "url": "https://nvd.nist.gov/vuln/detail/CVE-2017-11862"
    },
    {
      "type": "WEB",
      "url": "https://github.com/chakra-core/ChakraCore/pull/4226"
    },
    {
      "type": "WEB",
      "url": "https://github.com/chakra-core/ChakraCore/commit/66d733b9adebbe33cc7f48c159c48b7837aa4458"
    },
    {
      "type": "PACKAGE",
      "url": "https://github.com/chakra-core/ChakraCore"
    },
    {
      "type": "WEB",
      "url": "https://portal.msrc.microsoft.com/en-US/security-guidance/advisory/CVE-2017-11862"
    },
    {
      "type": "WEB",
      "url": "https://web.archive.org/web/20210124114723/http://www.securityfocus.com/bid/101724"
    },
    {
      "type": "WEB",
      "url": "https://web.archive.org/web/20210517135249/http://www.securitytracker.com/id/1039780"
    }
  ],
  "affected": [
    {
      "package": {
        "name": "Microsoft.ChakraCore",
        "ecosystem": "NuGet",
        "purl": "pkg:nuget/Microsoft.ChakraCore"
      },
      "ranges": [
        {
          "type": "ECOSYSTEM",
          "events": [
            {
              "introduced": "0"
            },
            {
              "fixed": "1.7.4"
            }
          ]
        }
      ],
      "versions": [
        "1.2.0",
        "1.2.1",
        "1.2.2",
        "1.2.3",
        "1.2.6.62716-preview",
        "1.3.0",
        "1.3.1",
        "1.3.2",
        "1.4.0",
        "1.4.1",
        "1.4.2",
        "1.4.3",
        "1.4.4",
        "1.4.5",
        "1.5.0",
        "1.5.1",
        "1.5.2",
        "1.5.3",
        "1.6.0",
        "1.6.2",
        "1.7.0",
        "1.7.1",
        "1.7.2",
        "1.7.3"
      ],
      "database_specific": {
        "source": "https://github.com/github/advisory-database/blob/main/advisories/github-reviewed/2022/05/GHSA-pcr8-75v3-w9pf/GHSA-pcr8-75v3-w9pf.json"
      }
    }
  ],
  "schema_version": "1.6.0",
  "severity": [
    {
      "type": "CVSS_V3",
      "score": "CVSS:3.0/AV:N/AC:H/PR:N/UI:R/S:U/C:H/I:H/A:H"
    }
  ]
}