{
  "id": "GHSA-fxh6-w476-hgr4",
  "summary": "Directory Traversal in SharpCompress",
  "details": "SharpCompress prior to version 0.21 is vulnerable to path traversal issue in archive extraction.",
  "aliases": [
    "CVE-2018-1002206",
    "SNYK-DOTNET-SHARPCOMPRESS-60246"
  ],
  "modified": "2023-11-08T03:59:42.534603Z",
  "published": "2019-09-11T22:59:57Z",
  "database_specific": {
    "nvd_published_at": null,
    "github_reviewed_at": "2019-09-03T22:22:18Z",
    "severity": "MODERATE",
    "github_reviewed": true,
    "cwe_ids": [
      "CWE-22"
    ]
  },
  "references": [
    {
      "type": "WEB",
      "url": "https://github.com/adamhathcock/sharpcompress/commit/80ceb1c375fdb1b4ffba16528c99089e804ce61f"
    }
  ],
  "affected": [
    {
      "package": {
        "name": "SharpCompress",
        "ecosystem": "NuGet",
        "purl": "pkg:nuget/SharpCompress"
      },
      "ranges": [
        {
          "type": "ECOSYSTEM",
          "events": [
            {
              "introduced": "0"
            },
            {
              "fixed": "0.21.0"
            }
          ]
        }
      ],
      "versions": [
        "0.10.0",
        "0.10.1",
        "0.10.1.1",
        "0.10.1.3",
        "0.10.2",
        "0.10.3",
        "0.11.0",
        "0.11.1",
        "0.11.2",
        "0.11.3",
        "0.11.4",
        "0.11.5",
        "0.11.6",
        "0.12.0",
        "0.12.1",
        "0.12.2",
        "0.12.3",
        "0.12.4",
        "0.13.0",
        "0.13.1",
        "0.14.0",
        "0.14.1",
        "0.15.0",
        "0.15.1",
        "0.15.2",
        "0.16.0",
        "0.16.1",
        "0.16.2",
        "0.17.0",
        "0.17.1",
        "0.18.0",
        "0.18.1",
        "0.18.2",
        "0.19.0",
        "0.19.1",
        "0.19.2",
        "0.2.0",
        "0.20.0",
        "0.3.0",
        "0.4.0",
        "0.5.0",
        "0.6.0",
        "0.7.0",
        "0.8.0",
        "0.8.1",
        "0.8.2",
        "0.9.0"
      ],
      "database_specific": {
        "source": "https://github.com/github/advisory-database/blob/main/advisories/github-reviewed/2019/09/GHSA-fxh6-w476-hgr4/GHSA-fxh6-w476-hgr4.json"
      }
    }
  ],
  "schema_version": "1.6.0",
  "severity": [
    {
      "type": "CVSS_V3",
      "score": "CVSS:3.0/AV:L/AC:L/PR:N/UI:R/S:U/C:N/I:H/A:N"
    }
  ]
}