{
  "id": "GHSA-mcwm-2wmc-6hv4",
  "summary": "ASP.NET Core Denial of Service Vulnerability",
  "details": "# Withdrawn\n\nThis advisory was initially published and mapped incorrectly to nuget `Microsoft.NETCore.App.Ref`. We later reanalyzed this advisory and found it does not have a direct mapping to a NuGet package.  Thus we have withdrawn this advisory.\n\nThe underlying ASP.NET Core Denial of Service Vulnerability and CVE-2021-31957 remain legitimate.\n\n# Description.\n\nMicrosoft is releasing this security advisory to provide information about a vulnerability in .NET 5.0 and .NET Core 3.1. This advisory also provides guidance on what developers can do to update their applications to remove this vulnerability.\n\nA denial of service vulnerability exists when ASP.NET Core improperly handles client disconnect. An attacker who successfully exploited this vulnerability could cause a denial of service against an ASP.NET Core web application. The vulnerability can be exploited remotely, without authentication.\n\n\n### Patches\n\n* If you're using .NET 5.0, you should download and install Runtime 5.0.7 or SDK 5.0.204 (for Visual Studio 2019 v16.8) or SDK 5.0.301 (for Visual Studio 2019 16.10) from https://dotnet.microsoft.com/download/dotnet-core/5.0.\n\n* If you're using .NET Core 3.1, you should download and install Runtime 3.1.16 or SDK 3.1.116 (for Visual Studio 2019 v16.4) or 3.1.410 (for Visual Studio 2019 v16.5 or later) from https://dotnet.microsoft.com/download/dotnet-core/3.1.\n\n\n\n#### Other Details\n\n- Announcement for this issue can be found at https://github.com/dotnet/announcements/issues/188\n- An Issue for this can be found at https://github.com/dotnet/aspnetcore/issues/33369\n- MSRC details for this can be found at https://msrc.microsoft.com/update-guide/en-US/vulnerability/CVE-2021-31957\n",
  "modified": "2024-02-17T05:28:52.666416Z",
  "published": "2021-10-06T00:23:01Z",
  "withdrawn": "2021-10-06T00:23:01Z",
  "database_specific": {
    "nvd_published_at": "2021-06-08T23:15:00Z",
    "cwe_ids": [],
    "severity": "HIGH",
    "github_reviewed": true,
    "github_reviewed_at": "2021-10-05T19:41:18Z"
  },
  "references": [
    {
      "type": "WEB",
      "url": "https://github.com/dotnet/aspnetcore/security/advisories/GHSA-mcwm-2wmc-6hv4"
    },
    {
      "type": "ADVISORY",
      "url": "https://nvd.nist.gov/vuln/detail/CVE-2021-31957"
    },
    {
      "type": "PACKAGE",
      "url": "https://github.com/dotnet/aspnetcore"
    },
    {
      "type": "WEB",
      "url": "https://lists.fedoraproject.org/archives/list/package-announce@lists.fedoraproject.org/message/4PRVVLXXQEF4SEJOBV3VRJHGX7YHY2CG"
    },
    {
      "type": "WEB",
      "url": "https://lists.fedoraproject.org/archives/list/package-announce@lists.fedoraproject.org/message/CVCDYIP4A6DDRT7G6P3ZW6PKNK2DNWJ2"
    },
    {
      "type": "WEB",
      "url": "https://lists.fedoraproject.org/archives/list/package-announce@lists.fedoraproject.org/message/PMHWHRRYDHKM6BIINW5V7OCSW4SDWB4W"
    },
    {
      "type": "WEB",
      "url": "https://lists.fedoraproject.org/archives/list/package-announce@lists.fedoraproject.org/message/VMAO4NG2OQ4PCXUQWMNSCMYWLIJJY6UY"
    },
    {
      "type": "WEB",
      "url": "https://portal.msrc.microsoft.com/en-US/security-guidance/advisory/CVE-2021-31957"
    }
  ],
  "affected": [
    {
      "package": {
        "name": "Microsoft.NETCore.App.Ref",
        "ecosystem": "NuGet",
        "purl": "pkg:nuget/Microsoft.NETCore.App.Ref"
      },
      "ranges": [
        {
          "type": "ECOSYSTEM",
          "events": [
            {
              "introduced": "0"
            },
            {
              "fixed": "3.1.16"
            }
          ]
        }
      ],
      "versions": [
        "3.0.0",
        "3.0.0-preview3-27503-5",
        "3.0.0-preview4-27615-11",
        "3.0.0-preview5-27626-15",
        "3.0.0-preview6-27804-01",
        "3.0.0-preview7-27912-14",
        "3.0.0-preview8-28405-07",
        "3.0.0-preview9-19423-09",
        "3.0.0-rc1-19456-20",
        "3.0.1",
        "3.1.0"
      ],
      "database_specific": {
        "source": "https://github.com/github/advisory-database/blob/main/advisories/github-reviewed/2021/10/GHSA-mcwm-2wmc-6hv4/GHSA-mcwm-2wmc-6hv4.json"
      }
    },
    {
      "package": {
        "name": "Microsoft.NETCore.App.Ref",
        "ecosystem": "NuGet",
        "purl": "pkg:nuget/Microsoft.NETCore.App.Ref"
      },
      "ranges": [
        {
          "type": "ECOSYSTEM",
          "events": [
            {
              "introduced": "5.0.0"
            },
            {
              "fixed": "5.0.7"
            }
          ]
        }
      ],
      "versions": [
        "5.0.0"
      ],
      "database_specific": {
        "source": "https://github.com/github/advisory-database/blob/main/advisories/github-reviewed/2021/10/GHSA-mcwm-2wmc-6hv4/GHSA-mcwm-2wmc-6hv4.json"
      }
    }
  ],
  "schema_version": "1.6.0",
  "severity": [
    {
      "type": "CVSS_V3",
      "score": "CVSS:3.1/AV:N/AC:L/PR:N/UI:N/S:U/C:N/I:N/A:H"
    }
  ]
}