{
  "id": "GHSA-6p7q-85qq-7c43",
  "summary": "ChakraCore RCE Vulnerability",
  "details": "A remote code execution vulnerability exists in Microsoft Edge in the way that the Chakra JavaScript engine renders when handling objects in memory, aka \"Scripting Engine Memory Corruption Vulnerability.\" This CVE ID is unique from CVE-2017-0224, CVE-2017-0228, CVE-2017-0229, CVE-2017-0230, CVE-2017-0235, CVE-2017-0236, and CVE-2017-0238.",
  "aliases": [
    "CVE-2017-0234"
  ],
  "modified": "2024-02-16T08:21:14.776928Z",
  "published": "2022-05-17T02:35:00Z",
  "database_specific": {
    "nvd_published_at": "2017-05-12T14:29:00Z",
    "cwe_ids": [
      "CWE-119"
    ],
    "severity": "HIGH",
    "github_reviewed": true,
    "github_reviewed_at": "2023-07-27T21:02:25Z"
  },
  "references": [
    {
      "type": "ADVISORY",
      "url": "https://nvd.nist.gov/vuln/detail/CVE-2017-0234"
    },
    {
      "type": "WEB",
      "url": "https://github.com/chakra-core/ChakraCore/pull/2959"
    },
    {
      "type": "WEB",
      "url": "https://github.com/chakra-core/ChakraCore/commit/a1345ad48064921e8eb45fa0297ce405a7df14d3"
    },
    {
      "type": "PACKAGE",
      "url": "https://github.com/chakra-core/ChakraCore"
    },
    {
      "type": "WEB",
      "url": "https://portal.msrc.microsoft.com/en-US/security-guidance/advisory/CVE-2017-0234"
    },
    {
      "type": "WEB",
      "url": "https://web.archive.org/web/20210124044042/http://www.securityfocus.com/bid/98229"
    },
    {
      "type": "WEB",
      "url": "https://web.archive.org/web/20211019191652/http://www.securitytracker.com/id/1038431"
    }
  ],
  "affected": [
    {
      "package": {
        "name": "Microsoft.ChakraCore",
        "ecosystem": "NuGet",
        "purl": "pkg:nuget/Microsoft.ChakraCore"
      },
      "ranges": [
        {
          "type": "ECOSYSTEM",
          "events": [
            {
              "introduced": "0"
            },
            {
              "fixed": "1.4.4"
            }
          ]
        }
      ],
      "versions": [
        "1.2.0",
        "1.2.1",
        "1.2.2",
        "1.2.3",
        "1.2.6.62716-preview",
        "1.3.0",
        "1.3.1",
        "1.3.2",
        "1.4.0",
        "1.4.1",
        "1.4.2",
        "1.4.3"
      ],
      "database_specific": {
        "source": "https://github.com/github/advisory-database/blob/main/advisories/github-reviewed/2022/05/GHSA-6p7q-85qq-7c43/GHSA-6p7q-85qq-7c43.json"
      }
    }
  ],
  "schema_version": "1.6.0",
  "severity": [
    {
      "type": "CVSS_V3",
      "score": "CVSS:3.0/AV:N/AC:H/PR:N/UI:R/S:U/C:H/I:H/A:H"
    }
  ]
}