{
  "id": "GHSA-2xjx-v99w-gqf3",
  "summary": "Exposure of Sensitive Information in System.Net.Http",
  "details": "An information disclosure vulnerability exists in .NET Framework and .NET Core which allows bypassing Cross-origin Resource Sharing (CORS) configurations, aka \".NET Framework Information Disclosure Vulnerability.\" This affects Microsoft .NET Framework 2.0, Microsoft .NET Framework 3.0, Microsoft .NET Framework 4.6.2/4.7/4.7.1/4.7.2, Microsoft .NET Framework 4.5.2, Microsoft .NET Framework 4.6, Microsoft .NET Framework 4.6/4.6.1/4.6.2/4.7/4.7.1/4.7.2, Microsoft .NET Framework 4.7/4.7.1/4.7.2, .NET Core 2.1, Microsoft .NET Framework 4.7.1/4.7.2, Microsoft .NET Framework 3.5, Microsoft .NET Framework 3.5.1, Microsoft .NET Framework 4.6/4.6.1/4.6.2, .NET Core 2.2, Microsoft .NET Framework 4.7.2.",
  "aliases": [
    "CVE-2019-0545"
  ],
  "modified": "2023-11-08T04:00:32.712864Z",
  "published": "2022-05-14T01:41:10Z",
  "database_specific": {
    "nvd_published_at": "2019-01-08T21:29:00Z",
    "github_reviewed_at": "2022-07-08T19:27:45Z",
    "severity": "HIGH",
    "github_reviewed": true,
    "cwe_ids": [
      "CWE-200"
    ]
  },
  "references": [
    {
      "type": "ADVISORY",
      "url": "https://nvd.nist.gov/vuln/detail/CVE-2019-0545"
    },
    {
      "type": "WEB",
      "url": "https://github.com/dotnet/announcements/issues/94"
    },
    {
      "type": "WEB",
      "url": "https://access.redhat.com/errata/RHSA-2019:0040"
    },
    {
      "type": "WEB",
      "url": "https://portal.msrc.microsoft.com/en-US/security-guidance/advisory/CVE-2019-0545"
    },
    {
      "type": "WEB",
      "url": "http://www.securityfocus.com/bid/106405"
    }
  ],
  "affected": [
    {
      "package": {
        "name": "Microsoft.NETCore.App",
        "ecosystem": "NuGet",
        "purl": "pkg:nuget/Microsoft.NETCore.App"
      },
      "ranges": [
        {
          "type": "ECOSYSTEM",
          "events": [
            {
              "introduced": "2.1.0"
            },
            {
              "fixed": "2.1.7"
            }
          ]
        }
      ],
      "versions": [
        "2.1.0",
        "2.1.1",
        "2.1.2",
        "2.1.3",
        "2.1.4",
        "2.1.5",
        "2.1.6"
      ],
      "database_specific": {
        "source": "https://github.com/github/advisory-database/blob/main/advisories/github-reviewed/2022/05/GHSA-2xjx-v99w-gqf3/GHSA-2xjx-v99w-gqf3.json"
      }
    },
    {
      "package": {
        "name": "Microsoft.NETCore.App",
        "ecosystem": "NuGet",
        "purl": "pkg:nuget/Microsoft.NETCore.App"
      },
      "ranges": [
        {
          "type": "ECOSYSTEM",
          "events": [
            {
              "introduced": "2.2.0"
            },
            {
              "fixed": "2.2.1"
            }
          ]
        }
      ],
      "versions": [
        "2.2.0"
      ],
      "database_specific": {
        "source": "https://github.com/github/advisory-database/blob/main/advisories/github-reviewed/2022/05/GHSA-2xjx-v99w-gqf3/GHSA-2xjx-v99w-gqf3.json"
      }
    }
  ],
  "schema_version": "1.6.0",
  "severity": [
    {
      "type": "CVSS_V3",
      "score": "CVSS:3.0/AV:N/AC:L/PR:N/UI:N/S:U/C:H/I:N/A:N"
    }
  ]
}