{
  "id": "GHSA-85j8-g29g-m326",
  "summary": "ChakraCore RCE Vulnerability",
  "details": "A remote code execution vulnerability exists in the way that the scripting engine handles objects in memory in Internet Explorer, aka \"Scripting Engine Memory Corruption Vulnerability.\" This affects Internet Explorer 9, Internet Explorer 11, Internet Explorer 10. This CVE ID is unique from CVE-2018-8353, CVE-2018-8355, CVE-2018-8359, CVE-2018-8372, CVE-2018-8373, CVE-2018-8385, CVE-2018-8389, CVE-2018-8390.",
  "aliases": [
    "CVE-2018-8371"
  ],
  "modified": "2024-02-16T08:17:47.659551Z",
  "published": "2022-05-13T01:20:49Z",
  "database_specific": {
    "nvd_published_at": "2018-08-15T17:29:00Z",
    "cwe_ids": [
      "CWE-787"
    ],
    "severity": "HIGH",
    "github_reviewed": true,
    "github_reviewed_at": "2023-07-21T22:07:42Z"
  },
  "references": [
    {
      "type": "ADVISORY",
      "url": "https://nvd.nist.gov/vuln/detail/CVE-2018-8371"
    },
    {
      "type": "PACKAGE",
      "url": "https://github.com/chakra-core/ChakraCore"
    },
    {
      "type": "WEB",
      "url": "https://portal.msrc.microsoft.com/en-US/security-guidance/advisory/CVE-2018-8371"
    },
    {
      "type": "WEB",
      "url": "https://web.archive.org/web/20210804005724/http://www.securityfocus.com/bid/105035"
    },
    {
      "type": "WEB",
      "url": "https://web.archive.org/web/20211205174257/http://www.securitytracker.com/id/1041483"
    }
  ],
  "affected": [
    {
      "package": {
        "name": "Microsoft.ChakraCore",
        "ecosystem": "NuGet",
        "purl": "pkg:nuget/Microsoft.ChakraCore"
      },
      "ranges": [
        {
          "type": "ECOSYSTEM",
          "events": [
            {
              "introduced": "0"
            },
            {
              "fixed": "1.10.1"
            }
          ]
        }
      ],
      "versions": [
        "1.10.0",
        "1.2.0",
        "1.2.1",
        "1.2.2",
        "1.2.3",
        "1.2.6.62716-preview",
        "1.3.0",
        "1.3.1",
        "1.3.2",
        "1.4.0",
        "1.4.1",
        "1.4.2",
        "1.4.3",
        "1.4.4",
        "1.4.5",
        "1.5.0",
        "1.5.1",
        "1.5.2",
        "1.5.3",
        "1.6.0",
        "1.6.2",
        "1.7.0",
        "1.7.1",
        "1.7.2",
        "1.7.3",
        "1.7.4",
        "1.7.5",
        "1.7.6",
        "1.8.0",
        "1.8.1",
        "1.8.2",
        "1.8.3",
        "1.8.4",
        "1.8.5"
      ],
      "database_specific": {
        "source": "https://github.com/github/advisory-database/blob/main/advisories/github-reviewed/2022/05/GHSA-85j8-g29g-m326/GHSA-85j8-g29g-m326.json"
      }
    }
  ],
  "schema_version": "1.6.0",
  "severity": [
    {
      "type": "CVSS_V3",
      "score": "CVSS:3.0/AV:N/AC:H/PR:N/UI:R/S:U/C:H/I:H/A:H"
    }
  ]
}