{
  "id": "GHSA-h6g3-73h7-chxp",
  "summary": "ChakraCore RCE Vulnerability",
  "details": "The Microsoft (1) JScript 9, (2) VBScript, and (3) Chakra JavaScript engines, as used in Microsoft Internet Explorer 11, Microsoft Edge, and other products, allow remote attackers to execute arbitrary code or cause a denial of service (memory corruption) via a crafted web site, aka \"Scripting Engine Memory Corruption Vulnerability.\"",
  "aliases": [
    "CVE-2016-3260"
  ],
  "modified": "2023-11-08T03:58:26.415176Z",
  "published": "2022-05-14T02:24:15Z",
  "database_specific": {
    "nvd_published_at": "2016-07-13T01:59:00Z",
    "cwe_ids": [
      "CWE-119"
    ],
    "severity": "HIGH",
    "github_reviewed": true,
    "github_reviewed_at": "2023-07-31T20:25:25Z"
  },
  "references": [
    {
      "type": "ADVISORY",
      "url": "https://nvd.nist.gov/vuln/detail/CVE-2016-3260"
    },
    {
      "type": "WEB",
      "url": "https://github.com/chakra-core/ChakraCore/pull/1291"
    },
    {
      "type": "WEB",
      "url": "https://github.com/chakra-core/ChakraCore/commit/17f3d4a4852dcc9e48de7091685b1862afb9f307"
    },
    {
      "type": "WEB",
      "url": "https://docs.microsoft.com/en-us/security-updates/securitybulletins/2016/ms16-084"
    },
    {
      "type": "WEB",
      "url": "https://docs.microsoft.com/en-us/security-updates/securitybulletins/2016/ms16-085"
    },
    {
      "type": "PACKAGE",
      "url": "https://github.com/chakra-core/ChakraCore"
    },
    {
      "type": "WEB",
      "url": "https://web.archive.org/web/20210123150650/http://www.securityfocus.com/bid/91580"
    },
    {
      "type": "WEB",
      "url": "https://web.archive.org/web/20211202003833/http://www.securitytracker.com/id/1036283"
    }
  ],
  "affected": [
    {
      "package": {
        "name": "Microsoft.ChakraCore",
        "ecosystem": "NuGet",
        "purl": "pkg:nuget/Microsoft.ChakraCore"
      },
      "ranges": [
        {
          "type": "ECOSYSTEM",
          "events": [
            {
              "introduced": "0"
            },
            {
              "fixed": "1.2.0.0"
            }
          ]
        }
      ],
      "database_specific": {
        "source": "https://github.com/github/advisory-database/blob/main/advisories/github-reviewed/2022/05/GHSA-h6g3-73h7-chxp/GHSA-h6g3-73h7-chxp.json"
      },
      "versions": []
    }
  ],
  "schema_version": "1.6.0",
  "severity": [
    {
      "type": "CVSS_V3",
      "score": "CVSS:3.0/AV:N/AC:L/PR:N/UI:R/S:U/C:H/I:H/A:H"
    }
  ]
}