{
  "id": "GHSA-j3g9-6fx5-gjv7",
  "summary": "Inadequate Encryption Strength in DotNetNuke",
  "details": "DNN (aka DotNetNuke) 9.2 through 9.2.2 uses a weak encryption algorithm to protect input parameters. NOTE: this issue exists because of an incomplete fix for CVE-2018-15811.",
  "aliases": [
    "CVE-2018-18325"
  ],
  "modified": "2023-11-08T04:00:05.181778Z",
  "published": "2019-07-05T21:08:16Z",
  "database_specific": {
    "nvd_published_at": "2019-07-03T17:15:00Z",
    "github_reviewed_at": "2019-07-05T20:59:02Z",
    "severity": "HIGH",
    "github_reviewed": true,
    "cwe_ids": [
      "CWE-326"
    ]
  },
  "references": [
    {
      "type": "ADVISORY",
      "url": "https://nvd.nist.gov/vuln/detail/CVE-2018-18325"
    },
    {
      "type": "WEB",
      "url": "https://github.com/dnnsoftware/Dnn.Platform/releases"
    },
    {
      "type": "WEB",
      "url": "https://www.dnnsoftware.com/community/security/security-center"
    },
    {
      "type": "WEB",
      "url": "http://packetstormsecurity.com/files/157080/DotNetNuke-Cookie-Deserialization-Remote-Code-Execution.html"
    }
  ],
  "affected": [
    {
      "package": {
        "name": "DotNetNuke.Core",
        "ecosystem": "NuGet",
        "purl": "pkg:nuget/DotNetNuke.Core"
      },
      "ranges": [
        {
          "type": "ECOSYSTEM",
          "events": [
            {
              "introduced": "0"
            },
            {
              "fixed": "9.3.0"
            }
          ]
        }
      ],
      "versions": [
        "6.0.0",
        "7.0.0",
        "7.0.6.121",
        "7.1.0",
        "7.1.2",
        "7.2.0.613",
        "7.3.0.499",
        "7.3.1.20",
        "7.4.0.353",
        "7.4.1.280",
        "7.4.2.216",
        "8.0.0.809",
        "8.0.1.239",
        "8.0.2.4",
        "8.0.3.5",
        "8.0.4.226",
        "9.0.0.1002",
        "9.0.1.142",
        "9.1.0.367",
        "9.1.1.129",
        "9.2.0.366",
        "9.2.1.533"
      ],
      "database_specific": {
        "source": "https://github.com/github/advisory-database/blob/main/advisories/github-reviewed/2019/07/GHSA-j3g9-6fx5-gjv7/GHSA-j3g9-6fx5-gjv7.json"
      }
    }
  ],
  "schema_version": "1.6.0",
  "severity": [
    {
      "type": "CVSS_V3",
      "score": "CVSS:3.0/AV:N/AC:L/PR:N/UI:N/S:U/C:H/I:N/A:N"
    }
  ]
}