{
  "id": "GHSA-grw3-hjjm-5cjm",
  "summary": "DotNetNuke Default Machine Key Exposure",
  "details": "DotNetNuke before 4.8.2, during installation or upgrade, does not warn the administrator when the default (1) ValidationKey and (2) DecryptionKey values cannot be modified in the web.config file, which allows remote attackers to bypass intended access restrictions by using the default keys.",
  "aliases": [
    "CVE-2008-6540"
  ],
  "modified": "2023-11-08T03:56:51.920753Z",
  "published": "2022-05-14T02:38:47Z",
  "database_specific": {
    "nvd_published_at": "2009-03-30T01:30:00Z",
    "cwe_ids": [
      "CWE-453"
    ],
    "severity": "MODERATE",
    "github_reviewed": true,
    "github_reviewed_at": "2023-09-22T22:27:09Z"
  },
  "references": [
    {
      "type": "ADVISORY",
      "url": "https://nvd.nist.gov/vuln/detail/CVE-2008-6540"
    },
    {
      "type": "WEB",
      "url": "https://exchange.xforce.ibmcloud.com/vulnerabilities/41399"
    },
    {
      "type": "PACKAGE",
      "url": "https://github.com/dnnsoftware/Dnn.Platform"
    },
    {
      "type": "WEB",
      "url": "http://osvdb.org/43720"
    },
    {
      "type": "WEB",
      "url": "http://secunia.com/advisories/29488"
    },
    {
      "type": "WEB",
      "url": "http://www.dotnetnuke.com/News/SecurityBulletins/SecurityBulletinno12/tabid/1148/Default.aspx"
    },
    {
      "type": "WEB",
      "url": "http://www.securityfocus.com/archive/1/489957/100/0/threaded"
    },
    {
      "type": "WEB",
      "url": "http://www.securityfocus.com/bid/28391"
    }
  ],
  "affected": [
    {
      "package": {
        "name": "DotNetNuke.Core",
        "ecosystem": "NuGet",
        "purl": "pkg:nuget/DotNetNuke.Core"
      },
      "ranges": [
        {
          "type": "ECOSYSTEM",
          "events": [
            {
              "introduced": "0"
            },
            {
              "fixed": "4.8.2"
            }
          ]
        }
      ],
      "database_specific": {
        "source": "https://github.com/github/advisory-database/blob/main/advisories/github-reviewed/2022/05/GHSA-grw3-hjjm-5cjm/GHSA-grw3-hjjm-5cjm.json"
      },
      "versions": []
    }
  ],
  "schema_version": "1.6.0"
}