{
  "id": "GHSA-3gp9-h8hw-pxpw",
  "summary": "Denial of service in .NET core",
  "details": ".NET Core and Visual Studio Denial of Service Vulnerability due to a vulnerability which exists when creating HTTPS web request during X509 certificate chain building.",
  "aliases": [
    "BIT-dotnet-2021-1721",
    "BIT-dotnet-sdk-2021-1721",
    "CVE-2021-1721"
  ],
  "modified": "2023-12-06T01:00:43.394838Z",
  "published": "2022-05-24T17:43:10Z",
  "database_specific": {
    "nvd_published_at": "2021-02-25T23:15:00Z",
    "github_reviewed_at": "2022-11-01T21:40:37Z",
    "severity": "MODERATE",
    "github_reviewed": true,
    "cwe_ids": []
  },
  "references": [
    {
      "type": "ADVISORY",
      "url": "https://nvd.nist.gov/vuln/detail/CVE-2021-1721"
    },
    {
      "type": "WEB",
      "url": "https://github.com/dotnet/announcements/issues/175"
    },
    {
      "type": "WEB",
      "url": "https://github.com/dotnet/runtime/issues/48067"
    },
    {
      "type": "WEB",
      "url": "https://portal.msrc.microsoft.com/en-US/security-guidance/advisory/CVE-2021-1721"
    }
  ],
  "affected": [
    {
      "package": {
        "name": "Microsoft.NETCore.App",
        "ecosystem": "NuGet",
        "purl": "pkg:nuget/Microsoft.NETCore.App"
      },
      "ranges": [
        {
          "type": "ECOSYSTEM",
          "events": [
            {
              "introduced": "2.1.0"
            },
            {
              "fixed": "2.1.25"
            }
          ]
        }
      ],
      "versions": [
        "2.1.0",
        "2.1.1",
        "2.1.10",
        "2.1.11",
        "2.1.12",
        "2.1.13",
        "2.1.14",
        "2.1.15",
        "2.1.16",
        "2.1.17",
        "2.1.18",
        "2.1.19",
        "2.1.2",
        "2.1.20",
        "2.1.21",
        "2.1.22",
        "2.1.23",
        "2.1.24",
        "2.1.3",
        "2.1.4",
        "2.1.5",
        "2.1.6",
        "2.1.7",
        "2.1.8",
        "2.1.9"
      ],
      "database_specific": {
        "source": "https://github.com/github/advisory-database/blob/main/advisories/github-reviewed/2022/05/GHSA-3gp9-h8hw-pxpw/GHSA-3gp9-h8hw-pxpw.json"
      }
    },
    {
      "package": {
        "name": "Microsoft.NETCore.App.Host.linux-arm",
        "ecosystem": "NuGet",
        "purl": "pkg:nuget/Microsoft.NETCore.App.Host.linux-arm"
      },
      "ranges": [
        {
          "type": "ECOSYSTEM",
          "events": [
            {
              "introduced": "3.1.0"
            },
            {
              "fixed": "3.1.12"
            }
          ]
        }
      ],
      "versions": [
        "3.1.0",
        "3.1.1",
        "3.1.10",
        "3.1.11",
        "3.1.2",
        "3.1.3",
        "3.1.4",
        "3.1.5",
        "3.1.6",
        "3.1.7",
        "3.1.8",
        "3.1.9"
      ],
      "database_specific": {
        "source": "https://github.com/github/advisory-database/blob/main/advisories/github-reviewed/2022/05/GHSA-3gp9-h8hw-pxpw/GHSA-3gp9-h8hw-pxpw.json"
      }
    },
    {
      "package": {
        "name": "Microsoft.NETCore.App.Host.linux-arm64",
        "ecosystem": "NuGet",
        "purl": "pkg:nuget/Microsoft.NETCore.App.Host.linux-arm64"
      },
      "ranges": [
        {
          "type": "ECOSYSTEM",
          "events": [
            {
              "introduced": "3.1.0"
            },
            {
              "fixed": "3.1.12"
            }
          ]
        }
      ],
      "versions": [
        "3.1.0",
        "3.1.1",
        "3.1.10",
        "3.1.11",
        "3.1.2",
        "3.1.3",
        "3.1.4",
        "3.1.5",
        "3.1.6",
        "3.1.7",
        "3.1.8",
        "3.1.9"
      ],
      "database_specific": {
        "source": "https://github.com/github/advisory-database/blob/main/advisories/github-reviewed/2022/05/GHSA-3gp9-h8hw-pxpw/GHSA-3gp9-h8hw-pxpw.json"
      }
    },
    {
      "package": {
        "name": "Microsoft.NETCore.App.Host.linux-musl-arm64",
        "ecosystem": "NuGet",
        "purl": "pkg:nuget/Microsoft.NETCore.App.Host.linux-musl-arm64"
      },
      "ranges": [
        {
          "type": "ECOSYSTEM",
          "events": [
            {
              "introduced": "3.1.0"
            },
            {
              "fixed": "3.1.12"
            }
          ]
        }
      ],
      "versions": [
        "3.1.0",
        "3.1.1",
        "3.1.10",
        "3.1.11",
        "3.1.2",
        "3.1.3",
        "3.1.4",
        "3.1.5",
        "3.1.6",
        "3.1.7",
        "3.1.8",
        "3.1.9"
      ],
      "database_specific": {
        "source": "https://github.com/github/advisory-database/blob/main/advisories/github-reviewed/2022/05/GHSA-3gp9-h8hw-pxpw/GHSA-3gp9-h8hw-pxpw.json"
      }
    },
    {
      "package": {
        "name": "Microsoft.NETCore.App.Host.linux-musl-x64",
        "ecosystem": "NuGet",
        "purl": "pkg:nuget/Microsoft.NETCore.App.Host.linux-musl-x64"
      },
      "ranges": [
        {
          "type": "ECOSYSTEM",
          "events": [
            {
              "introduced": "3.1.0"
            },
            {
              "fixed": "3.1.12"
            }
          ]
        }
      ],
      "versions": [
        "3.1.0",
        "3.1.1",
        "3.1.10",
        "3.1.11",
        "3.1.2",
        "3.1.3",
        "3.1.4",
        "3.1.5",
        "3.1.6",
        "3.1.7",
        "3.1.8",
        "3.1.9"
      ],
      "database_specific": {
        "source": "https://github.com/github/advisory-database/blob/main/advisories/github-reviewed/2022/05/GHSA-3gp9-h8hw-pxpw/GHSA-3gp9-h8hw-pxpw.json"
      }
    },
    {
      "package": {
        "name": "Microsoft.NETCore.App.Host.linux-x64",
        "ecosystem": "NuGet",
        "purl": "pkg:nuget/Microsoft.NETCore.App.Host.linux-x64"
      },
      "ranges": [
        {
          "type": "ECOSYSTEM",
          "events": [
            {
              "introduced": "3.1.0"
            },
            {
              "fixed": "3.1.12"
            }
          ]
        }
      ],
      "versions": [
        "3.1.0",
        "3.1.1",
        "3.1.10",
        "3.1.11",
        "3.1.2",
        "3.1.3",
        "3.1.4",
        "3.1.5",
        "3.1.6",
        "3.1.7",
        "3.1.8",
        "3.1.9"
      ],
      "database_specific": {
        "source": "https://github.com/github/advisory-database/blob/main/advisories/github-reviewed/2022/05/GHSA-3gp9-h8hw-pxpw/GHSA-3gp9-h8hw-pxpw.json"
      }
    },
    {
      "package": {
        "name": "Microsoft.NETCore.App.Host.osx-x64",
        "ecosystem": "NuGet",
        "purl": "pkg:nuget/Microsoft.NETCore.App.Host.osx-x64"
      },
      "ranges": [
        {
          "type": "ECOSYSTEM",
          "events": [
            {
              "introduced": "3.1.0"
            },
            {
              "fixed": "3.1.12"
            }
          ]
        }
      ],
      "versions": [
        "3.1.0",
        "3.1.1",
        "3.1.10",
        "3.1.11",
        "3.1.2",
        "3.1.3",
        "3.1.4",
        "3.1.5",
        "3.1.6",
        "3.1.7",
        "3.1.8",
        "3.1.9"
      ],
      "database_specific": {
        "source": "https://github.com/github/advisory-database/blob/main/advisories/github-reviewed/2022/05/GHSA-3gp9-h8hw-pxpw/GHSA-3gp9-h8hw-pxpw.json"
      }
    },
    {
      "package": {
        "name": "Microsoft.NETCore.App.Host.rhel.6-x64",
        "ecosystem": "NuGet",
        "purl": "pkg:nuget/Microsoft.NETCore.App.Host.rhel.6-x64"
      },
      "ranges": [
        {
          "type": "ECOSYSTEM",
          "events": [
            {
              "introduced": "3.1.0"
            },
            {
              "fixed": "3.1.12"
            }
          ]
        }
      ],
      "versions": [
        "3.1.0",
        "3.1.1",
        "3.1.10",
        "3.1.11",
        "3.1.2",
        "3.1.3",
        "3.1.4",
        "3.1.5",
        "3.1.6",
        "3.1.7",
        "3.1.8",
        "3.1.9"
      ],
      "database_specific": {
        "source": "https://github.com/github/advisory-database/blob/main/advisories/github-reviewed/2022/05/GHSA-3gp9-h8hw-pxpw/GHSA-3gp9-h8hw-pxpw.json"
      }
    },
    {
      "package": {
        "name": "Microsoft.NETCore.App.Host.win-arm",
        "ecosystem": "NuGet",
        "purl": "pkg:nuget/Microsoft.NETCore.App.Host.win-arm"
      },
      "ranges": [
        {
          "type": "ECOSYSTEM",
          "events": [
            {
              "introduced": "3.1.0"
            },
            {
              "fixed": "3.1.12"
            }
          ]
        }
      ],
      "versions": [
        "3.1.0",
        "3.1.1",
        "3.1.10",
        "3.1.11",
        "3.1.2",
        "3.1.3",
        "3.1.4",
        "3.1.5",
        "3.1.6",
        "3.1.7",
        "3.1.8",
        "3.1.9"
      ],
      "database_specific": {
        "source": "https://github.com/github/advisory-database/blob/main/advisories/github-reviewed/2022/05/GHSA-3gp9-h8hw-pxpw/GHSA-3gp9-h8hw-pxpw.json"
      }
    },
    {
      "package": {
        "name": "Microsoft.NETCore.App.Host.win-arm64",
        "ecosystem": "NuGet",
        "purl": "pkg:nuget/Microsoft.NETCore.App.Host.win-arm64"
      },
      "ranges": [
        {
          "type": "ECOSYSTEM",
          "events": [
            {
              "introduced": "3.1.0"
            },
            {
              "fixed": "3.1.12"
            }
          ]
        }
      ],
      "versions": [
        "3.1.0",
        "3.1.1",
        "3.1.10",
        "3.1.11",
        "3.1.2",
        "3.1.3",
        "3.1.4",
        "3.1.5",
        "3.1.6",
        "3.1.7",
        "3.1.8",
        "3.1.9"
      ],
      "database_specific": {
        "source": "https://github.com/github/advisory-database/blob/main/advisories/github-reviewed/2022/05/GHSA-3gp9-h8hw-pxpw/GHSA-3gp9-h8hw-pxpw.json"
      }
    },
    {
      "package": {
        "name": "Microsoft.NETCore.App.Host.win-x64",
        "ecosystem": "NuGet",
        "purl": "pkg:nuget/Microsoft.NETCore.App.Host.win-x64"
      },
      "ranges": [
        {
          "type": "ECOSYSTEM",
          "events": [
            {
              "introduced": "3.1.0"
            },
            {
              "fixed": "3.1.12"
            }
          ]
        }
      ],
      "versions": [
        "3.1.0",
        "3.1.1",
        "3.1.10",
        "3.1.11",
        "3.1.2",
        "3.1.3",
        "3.1.4",
        "3.1.5",
        "3.1.6",
        "3.1.7",
        "3.1.8",
        "3.1.9"
      ],
      "database_specific": {
        "source": "https://github.com/github/advisory-database/blob/main/advisories/github-reviewed/2022/05/GHSA-3gp9-h8hw-pxpw/GHSA-3gp9-h8hw-pxpw.json"
      }
    },
    {
      "package": {
        "name": "Microsoft.NETCore.App.Host.win-x86",
        "ecosystem": "NuGet",
        "purl": "pkg:nuget/Microsoft.NETCore.App.Host.win-x86"
      },
      "ranges": [
        {
          "type": "ECOSYSTEM",
          "events": [
            {
              "introduced": "3.1.0"
            },
            {
              "fixed": "3.1.12"
            }
          ]
        }
      ],
      "versions": [
        "3.1.0",
        "3.1.1",
        "3.1.10",
        "3.1.11",
        "3.1.2",
        "3.1.3",
        "3.1.4",
        "3.1.5",
        "3.1.6",
        "3.1.7",
        "3.1.8",
        "3.1.9"
      ],
      "database_specific": {
        "source": "https://github.com/github/advisory-database/blob/main/advisories/github-reviewed/2022/05/GHSA-3gp9-h8hw-pxpw/GHSA-3gp9-h8hw-pxpw.json"
      }
    },
    {
      "package": {
        "name": "Microsoft.NETCore.App.Runtime.linux-arm",
        "ecosystem": "NuGet",
        "purl": "pkg:nuget/Microsoft.NETCore.App.Runtime.linux-arm"
      },
      "ranges": [
        {
          "type": "ECOSYSTEM",
          "events": [
            {
              "introduced": "3.1.0"
            },
            {
              "fixed": "3.1.12"
            }
          ]
        }
      ],
      "versions": [
        "3.1.0",
        "3.1.1",
        "3.1.10",
        "3.1.11",
        "3.1.2",
        "3.1.3",
        "3.1.4",
        "3.1.5",
        "3.1.6",
        "3.1.7",
        "3.1.8",
        "3.1.9"
      ],
      "database_specific": {
        "source": "https://github.com/github/advisory-database/blob/main/advisories/github-reviewed/2022/05/GHSA-3gp9-h8hw-pxpw/GHSA-3gp9-h8hw-pxpw.json"
      }
    },
    {
      "package": {
        "name": "Microsoft.NETCore.App.Runtime.linux-arm64",
        "ecosystem": "NuGet",
        "purl": "pkg:nuget/Microsoft.NETCore.App.Runtime.linux-arm64"
      },
      "ranges": [
        {
          "type": "ECOSYSTEM",
          "events": [
            {
              "introduced": "3.1.0"
            },
            {
              "fixed": "3.1.12"
            }
          ]
        }
      ],
      "versions": [
        "3.1.0",
        "3.1.1",
        "3.1.10",
        "3.1.11",
        "3.1.2",
        "3.1.3",
        "3.1.4",
        "3.1.5",
        "3.1.6",
        "3.1.7",
        "3.1.8",
        "3.1.9"
      ],
      "database_specific": {
        "source": "https://github.com/github/advisory-database/blob/main/advisories/github-reviewed/2022/05/GHSA-3gp9-h8hw-pxpw/GHSA-3gp9-h8hw-pxpw.json"
      }
    },
    {
      "package": {
        "name": "Microsoft.NETCore.App.Runtime.linux-musl-arm64",
        "ecosystem": "NuGet",
        "purl": "pkg:nuget/Microsoft.NETCore.App.Runtime.linux-musl-arm64"
      },
      "ranges": [
        {
          "type": "ECOSYSTEM",
          "events": [
            {
              "introduced": "3.1.0"
            },
            {
              "fixed": "3.1.12"
            }
          ]
        }
      ],
      "versions": [
        "3.1.0",
        "3.1.1",
        "3.1.10",
        "3.1.11",
        "3.1.2",
        "3.1.3",
        "3.1.4",
        "3.1.5",
        "3.1.6",
        "3.1.7",
        "3.1.8",
        "3.1.9"
      ],
      "database_specific": {
        "source": "https://github.com/github/advisory-database/blob/main/advisories/github-reviewed/2022/05/GHSA-3gp9-h8hw-pxpw/GHSA-3gp9-h8hw-pxpw.json"
      }
    },
    {
      "package": {
        "name": "Microsoft.NETCore.App.Runtime.linux-musl-x64",
        "ecosystem": "NuGet",
        "purl": "pkg:nuget/Microsoft.NETCore.App.Runtime.linux-musl-x64"
      },
      "ranges": [
        {
          "type": "ECOSYSTEM",
          "events": [
            {
              "introduced": "3.1.0"
            },
            {
              "fixed": "3.1.12"
            }
          ]
        }
      ],
      "versions": [
        "3.1.0",
        "3.1.1",
        "3.1.10",
        "3.1.11",
        "3.1.2",
        "3.1.3",
        "3.1.4",
        "3.1.5",
        "3.1.6",
        "3.1.7",
        "3.1.8",
        "3.1.9"
      ],
      "database_specific": {
        "source": "https://github.com/github/advisory-database/blob/main/advisories/github-reviewed/2022/05/GHSA-3gp9-h8hw-pxpw/GHSA-3gp9-h8hw-pxpw.json"
      }
    },
    {
      "package": {
        "name": "Microsoft.NETCore.App.Runtime.linux-x64",
        "ecosystem": "NuGet",
        "purl": "pkg:nuget/Microsoft.NETCore.App.Runtime.linux-x64"
      },
      "ranges": [
        {
          "type": "ECOSYSTEM",
          "events": [
            {
              "introduced": "3.1.0"
            },
            {
              "fixed": "3.1.12"
            }
          ]
        }
      ],
      "versions": [
        "3.1.0",
        "3.1.1",
        "3.1.10",
        "3.1.11",
        "3.1.2",
        "3.1.3",
        "3.1.4",
        "3.1.5",
        "3.1.6",
        "3.1.7",
        "3.1.8",
        "3.1.9"
      ],
      "database_specific": {
        "source": "https://github.com/github/advisory-database/blob/main/advisories/github-reviewed/2022/05/GHSA-3gp9-h8hw-pxpw/GHSA-3gp9-h8hw-pxpw.json"
      }
    },
    {
      "package": {
        "name": "Microsoft.NETCore.App.Runtime.osx-x64",
        "ecosystem": "NuGet",
        "purl": "pkg:nuget/Microsoft.NETCore.App.Runtime.osx-x64"
      },
      "ranges": [
        {
          "type": "ECOSYSTEM",
          "events": [
            {
              "introduced": "3.1.0"
            },
            {
              "fixed": "3.1.12"
            }
          ]
        }
      ],
      "versions": [
        "3.1.0",
        "3.1.1",
        "3.1.10",
        "3.1.11",
        "3.1.2",
        "3.1.3",
        "3.1.4",
        "3.1.5",
        "3.1.6",
        "3.1.7",
        "3.1.8",
        "3.1.9"
      ],
      "database_specific": {
        "source": "https://github.com/github/advisory-database/blob/main/advisories/github-reviewed/2022/05/GHSA-3gp9-h8hw-pxpw/GHSA-3gp9-h8hw-pxpw.json"
      }
    },
    {
      "package": {
        "name": "Microsoft.NETCore.App.Runtime.rhel.6-x64",
        "ecosystem": "NuGet",
        "purl": "pkg:nuget/Microsoft.NETCore.App.Runtime.rhel.6-x64"
      },
      "ranges": [
        {
          "type": "ECOSYSTEM",
          "events": [
            {
              "introduced": "3.1.0"
            },
            {
              "fixed": "3.1.12"
            }
          ]
        }
      ],
      "versions": [
        "3.1.0",
        "3.1.1",
        "3.1.10",
        "3.1.11",
        "3.1.2",
        "3.1.3",
        "3.1.4",
        "3.1.5",
        "3.1.6",
        "3.1.7",
        "3.1.8",
        "3.1.9"
      ],
      "database_specific": {
        "source": "https://github.com/github/advisory-database/blob/main/advisories/github-reviewed/2022/05/GHSA-3gp9-h8hw-pxpw/GHSA-3gp9-h8hw-pxpw.json"
      }
    },
    {
      "package": {
        "name": "Microsoft.NETCore.App.Runtime.win-arm",
        "ecosystem": "NuGet",
        "purl": "pkg:nuget/Microsoft.NETCore.App.Runtime.win-arm"
      },
      "ranges": [
        {
          "type": "ECOSYSTEM",
          "events": [
            {
              "introduced": "3.1.0"
            },
            {
              "fixed": "3.1.12"
            }
          ]
        }
      ],
      "versions": [
        "3.1.0",
        "3.1.1",
        "3.1.10",
        "3.1.11",
        "3.1.2",
        "3.1.3",
        "3.1.4",
        "3.1.5",
        "3.1.6",
        "3.1.7",
        "3.1.8",
        "3.1.9"
      ],
      "database_specific": {
        "source": "https://github.com/github/advisory-database/blob/main/advisories/github-reviewed/2022/05/GHSA-3gp9-h8hw-pxpw/GHSA-3gp9-h8hw-pxpw.json"
      }
    },
    {
      "package": {
        "name": "Microsoft.NETCore.App.Runtime.win-arm64",
        "ecosystem": "NuGet",
        "purl": "pkg:nuget/Microsoft.NETCore.App.Runtime.win-arm64"
      },
      "ranges": [
        {
          "type": "ECOSYSTEM",
          "events": [
            {
              "introduced": "3.1.0"
            },
            {
              "fixed": "3.1.12"
            }
          ]
        }
      ],
      "versions": [
        "3.1.0",
        "3.1.1",
        "3.1.10",
        "3.1.11",
        "3.1.2",
        "3.1.3",
        "3.1.4",
        "3.1.5",
        "3.1.6",
        "3.1.7",
        "3.1.8",
        "3.1.9"
      ],
      "database_specific": {
        "source": "https://github.com/github/advisory-database/blob/main/advisories/github-reviewed/2022/05/GHSA-3gp9-h8hw-pxpw/GHSA-3gp9-h8hw-pxpw.json"
      }
    },
    {
      "package": {
        "name": "Microsoft.NETCore.App.Runtime.win-x64",
        "ecosystem": "NuGet",
        "purl": "pkg:nuget/Microsoft.NETCore.App.Runtime.win-x64"
      },
      "ranges": [
        {
          "type": "ECOSYSTEM",
          "events": [
            {
              "introduced": "3.1.0"
            },
            {
              "fixed": "3.1.12"
            }
          ]
        }
      ],
      "versions": [
        "3.1.0",
        "3.1.1",
        "3.1.10",
        "3.1.11",
        "3.1.2",
        "3.1.3",
        "3.1.4",
        "3.1.5",
        "3.1.6",
        "3.1.7",
        "3.1.8",
        "3.1.9"
      ],
      "database_specific": {
        "source": "https://github.com/github/advisory-database/blob/main/advisories/github-reviewed/2022/05/GHSA-3gp9-h8hw-pxpw/GHSA-3gp9-h8hw-pxpw.json"
      }
    },
    {
      "package": {
        "name": "Microsoft.NETCore.App.Runtime.win-x86",
        "ecosystem": "NuGet",
        "purl": "pkg:nuget/Microsoft.NETCore.App.Runtime.win-x86"
      },
      "ranges": [
        {
          "type": "ECOSYSTEM",
          "events": [
            {
              "introduced": "3.1.0"
            },
            {
              "fixed": "3.1.12"
            }
          ]
        }
      ],
      "versions": [
        "3.1.0",
        "3.1.1",
        "3.1.10",
        "3.1.11",
        "3.1.2",
        "3.1.3",
        "3.1.4",
        "3.1.5",
        "3.1.6",
        "3.1.7",
        "3.1.8",
        "3.1.9"
      ],
      "database_specific": {
        "source": "https://github.com/github/advisory-database/blob/main/advisories/github-reviewed/2022/05/GHSA-3gp9-h8hw-pxpw/GHSA-3gp9-h8hw-pxpw.json"
      }
    },
    {
      "package": {
        "name": "Microsoft.NETCore.App.Runtime.Mono.LLVM.AOT.linux-arm64",
        "ecosystem": "NuGet",
        "purl": "pkg:nuget/Microsoft.NETCore.App.Runtime.Mono.LLVM.AOT.linux-arm64"
      },
      "ranges": [
        {
          "type": "ECOSYSTEM",
          "events": [
            {
              "introduced": "5.0.0"
            },
            {
              "fixed": "5.0.3"
            }
          ]
        }
      ],
      "versions": [
        "5.0.0",
        "5.0.1",
        "5.0.2"
      ],
      "database_specific": {
        "source": "https://github.com/github/advisory-database/blob/main/advisories/github-reviewed/2022/05/GHSA-3gp9-h8hw-pxpw/GHSA-3gp9-h8hw-pxpw.json"
      }
    },
    {
      "package": {
        "name": "Microsoft.NETCore.App.Runtime.Mono.LLVM.AOT.linux-x64",
        "ecosystem": "NuGet",
        "purl": "pkg:nuget/Microsoft.NETCore.App.Runtime.Mono.LLVM.AOT.linux-x64"
      },
      "ranges": [
        {
          "type": "ECOSYSTEM",
          "events": [
            {
              "introduced": "5.0.0"
            },
            {
              "fixed": "5.0.3"
            }
          ]
        }
      ],
      "versions": [
        "5.0.0",
        "5.0.1",
        "5.0.2"
      ],
      "database_specific": {
        "source": "https://github.com/github/advisory-database/blob/main/advisories/github-reviewed/2022/05/GHSA-3gp9-h8hw-pxpw/GHSA-3gp9-h8hw-pxpw.json"
      }
    },
    {
      "package": {
        "name": "Microsoft.NETCore.App.Runtime.Mono.LLVM.AOT.osx-x64",
        "ecosystem": "NuGet",
        "purl": "pkg:nuget/Microsoft.NETCore.App.Runtime.Mono.LLVM.AOT.osx-x64"
      },
      "ranges": [
        {
          "type": "ECOSYSTEM",
          "events": [
            {
              "introduced": "5.0.0"
            },
            {
              "fixed": "5.0.3"
            }
          ]
        }
      ],
      "versions": [
        "5.0.0",
        "5.0.1",
        "5.0.2"
      ],
      "database_specific": {
        "source": "https://github.com/github/advisory-database/blob/main/advisories/github-reviewed/2022/05/GHSA-3gp9-h8hw-pxpw/GHSA-3gp9-h8hw-pxpw.json"
      }
    },
    {
      "package": {
        "name": "Microsoft.NETCore.App.Runtime.Mono.LLVM.linux-arm64",
        "ecosystem": "NuGet",
        "purl": "pkg:nuget/Microsoft.NETCore.App.Runtime.Mono.LLVM.linux-arm64"
      },
      "ranges": [
        {
          "type": "ECOSYSTEM",
          "events": [
            {
              "introduced": "5.0.0"
            },
            {
              "fixed": "5.0.3"
            }
          ]
        }
      ],
      "versions": [
        "5.0.0",
        "5.0.1",
        "5.0.2"
      ],
      "database_specific": {
        "source": "https://github.com/github/advisory-database/blob/main/advisories/github-reviewed/2022/05/GHSA-3gp9-h8hw-pxpw/GHSA-3gp9-h8hw-pxpw.json"
      }
    },
    {
      "package": {
        "name": "Microsoft.NETCore.App.Runtime.Mono.LLVM.linux-x64",
        "ecosystem": "NuGet",
        "purl": "pkg:nuget/Microsoft.NETCore.App.Runtime.Mono.LLVM.linux-x64"
      },
      "ranges": [
        {
          "type": "ECOSYSTEM",
          "events": [
            {
              "introduced": "5.0.0"
            },
            {
              "fixed": "5.0.3"
            }
          ]
        }
      ],
      "versions": [
        "5.0.0",
        "5.0.1",
        "5.0.2"
      ],
      "database_specific": {
        "source": "https://github.com/github/advisory-database/blob/main/advisories/github-reviewed/2022/05/GHSA-3gp9-h8hw-pxpw/GHSA-3gp9-h8hw-pxpw.json"
      }
    },
    {
      "package": {
        "name": "Microsoft.NETCore.App.Runtime.Mono.LLVM.osx-x64",
        "ecosystem": "NuGet",
        "purl": "pkg:nuget/Microsoft.NETCore.App.Runtime.Mono.LLVM.osx-x64"
      },
      "ranges": [
        {
          "type": "ECOSYSTEM",
          "events": [
            {
              "introduced": "5.0.0"
            },
            {
              "fixed": "5.0.3"
            }
          ]
        }
      ],
      "versions": [
        "5.0.0",
        "5.0.1",
        "5.0.2"
      ],
      "database_specific": {
        "source": "https://github.com/github/advisory-database/blob/main/advisories/github-reviewed/2022/05/GHSA-3gp9-h8hw-pxpw/GHSA-3gp9-h8hw-pxpw.json"
      }
    },
    {
      "package": {
        "name": "Microsoft.NETCore.App.Runtime.Mono.linux-arm",
        "ecosystem": "NuGet",
        "purl": "pkg:nuget/Microsoft.NETCore.App.Runtime.Mono.linux-arm"
      },
      "ranges": [
        {
          "type": "ECOSYSTEM",
          "events": [
            {
              "introduced": "5.0.0"
            },
            {
              "fixed": "5.0.3"
            }
          ]
        }
      ],
      "versions": [
        "5.0.0",
        "5.0.1",
        "5.0.2"
      ],
      "database_specific": {
        "source": "https://github.com/github/advisory-database/blob/main/advisories/github-reviewed/2022/05/GHSA-3gp9-h8hw-pxpw/GHSA-3gp9-h8hw-pxpw.json"
      }
    },
    {
      "package": {
        "name": "Microsoft.NETCore.App.Runtime.Mono.linux-arm64",
        "ecosystem": "NuGet",
        "purl": "pkg:nuget/Microsoft.NETCore.App.Runtime.Mono.linux-arm64"
      },
      "ranges": [
        {
          "type": "ECOSYSTEM",
          "events": [
            {
              "introduced": "5.0.0"
            },
            {
              "fixed": "5.0.3"
            }
          ]
        }
      ],
      "versions": [
        "5.0.0",
        "5.0.1",
        "5.0.2"
      ],
      "database_specific": {
        "source": "https://github.com/github/advisory-database/blob/main/advisories/github-reviewed/2022/05/GHSA-3gp9-h8hw-pxpw/GHSA-3gp9-h8hw-pxpw.json"
      }
    },
    {
      "package": {
        "name": "Microsoft.NETCore.App.Runtime.Mono.linux-musl-x64",
        "ecosystem": "NuGet",
        "purl": "pkg:nuget/Microsoft.NETCore.App.Runtime.Mono.linux-musl-x64"
      },
      "ranges": [
        {
          "type": "ECOSYSTEM",
          "events": [
            {
              "introduced": "5.0.0"
            },
            {
              "fixed": "5.0.3"
            }
          ]
        }
      ],
      "versions": [
        "5.0.0",
        "5.0.1",
        "5.0.2"
      ],
      "database_specific": {
        "source": "https://github.com/github/advisory-database/blob/main/advisories/github-reviewed/2022/05/GHSA-3gp9-h8hw-pxpw/GHSA-3gp9-h8hw-pxpw.json"
      }
    },
    {
      "package": {
        "name": "Microsoft.NETCore.App.Runtime.Mono.linux-x64",
        "ecosystem": "NuGet",
        "purl": "pkg:nuget/Microsoft.NETCore.App.Runtime.Mono.linux-x64"
      },
      "ranges": [
        {
          "type": "ECOSYSTEM",
          "events": [
            {
              "introduced": "5.0.0"
            },
            {
              "fixed": "5.0.3"
            }
          ]
        }
      ],
      "versions": [
        "5.0.0",
        "5.0.1",
        "5.0.2"
      ],
      "database_specific": {
        "source": "https://github.com/github/advisory-database/blob/main/advisories/github-reviewed/2022/05/GHSA-3gp9-h8hw-pxpw/GHSA-3gp9-h8hw-pxpw.json"
      }
    },
    {
      "package": {
        "name": "Microsoft.NETCore.App.Runtime.Mono.osx-x64",
        "ecosystem": "NuGet",
        "purl": "pkg:nuget/Microsoft.NETCore.App.Runtime.Mono.osx-x64"
      },
      "ranges": [
        {
          "type": "ECOSYSTEM",
          "events": [
            {
              "introduced": "5.0.0"
            },
            {
              "fixed": "5.0.3"
            }
          ]
        }
      ],
      "versions": [
        "5.0.0",
        "5.0.1",
        "5.0.2"
      ],
      "database_specific": {
        "source": "https://github.com/github/advisory-database/blob/main/advisories/github-reviewed/2022/05/GHSA-3gp9-h8hw-pxpw/GHSA-3gp9-h8hw-pxpw.json"
      }
    },
    {
      "package": {
        "name": "Microsoft.NETCore.App.Runtime.android-arm",
        "ecosystem": "NuGet",
        "purl": "pkg:nuget/Microsoft.NETCore.App.Runtime.android-arm"
      },
      "ranges": [
        {
          "type": "ECOSYSTEM",
          "events": [
            {
              "introduced": "5.0.0"
            },
            {
              "fixed": "5.0.3"
            }
          ]
        }
      ],
      "versions": [
        "5.0.0",
        "5.0.1",
        "5.0.2"
      ],
      "database_specific": {
        "source": "https://github.com/github/advisory-database/blob/main/advisories/github-reviewed/2022/05/GHSA-3gp9-h8hw-pxpw/GHSA-3gp9-h8hw-pxpw.json"
      }
    },
    {
      "package": {
        "name": "Microsoft.NETCore.App.Runtime.android-arm64",
        "ecosystem": "NuGet",
        "purl": "pkg:nuget/Microsoft.NETCore.App.Runtime.android-arm64"
      },
      "ranges": [
        {
          "type": "ECOSYSTEM",
          "events": [
            {
              "introduced": "5.0.0"
            },
            {
              "fixed": "5.0.3"
            }
          ]
        }
      ],
      "versions": [
        "5.0.0",
        "5.0.1",
        "5.0.2"
      ],
      "database_specific": {
        "source": "https://github.com/github/advisory-database/blob/main/advisories/github-reviewed/2022/05/GHSA-3gp9-h8hw-pxpw/GHSA-3gp9-h8hw-pxpw.json"
      }
    },
    {
      "package": {
        "name": "Microsoft.NETCore.App.Runtime.android-x64",
        "ecosystem": "NuGet",
        "purl": "pkg:nuget/Microsoft.NETCore.App.Runtime.android-x64"
      },
      "ranges": [
        {
          "type": "ECOSYSTEM",
          "events": [
            {
              "introduced": "5.0.0"
            },
            {
              "fixed": "5.0.3"
            }
          ]
        }
      ],
      "versions": [
        "5.0.0",
        "5.0.1",
        "5.0.2"
      ],
      "database_specific": {
        "source": "https://github.com/github/advisory-database/blob/main/advisories/github-reviewed/2022/05/GHSA-3gp9-h8hw-pxpw/GHSA-3gp9-h8hw-pxpw.json"
      }
    },
    {
      "package": {
        "name": "Microsoft.NETCore.App.Runtime.android-x86",
        "ecosystem": "NuGet",
        "purl": "pkg:nuget/Microsoft.NETCore.App.Runtime.android-x86"
      },
      "ranges": [
        {
          "type": "ECOSYSTEM",
          "events": [
            {
              "introduced": "5.0.0"
            },
            {
              "fixed": "5.0.3"
            }
          ]
        }
      ],
      "versions": [
        "5.0.0",
        "5.0.1",
        "5.0.2"
      ],
      "database_specific": {
        "source": "https://github.com/github/advisory-database/blob/main/advisories/github-reviewed/2022/05/GHSA-3gp9-h8hw-pxpw/GHSA-3gp9-h8hw-pxpw.json"
      }
    },
    {
      "package": {
        "name": "Microsoft.NETCore.App.Runtime.browser-wasm",
        "ecosystem": "NuGet",
        "purl": "pkg:nuget/Microsoft.NETCore.App.Runtime.browser-wasm"
      },
      "ranges": [
        {
          "type": "ECOSYSTEM",
          "events": [
            {
              "introduced": "5.0.0"
            },
            {
              "fixed": "5.0.3"
            }
          ]
        }
      ],
      "versions": [
        "5.0.0",
        "5.0.1",
        "5.0.2"
      ],
      "database_specific": {
        "source": "https://github.com/github/advisory-database/blob/main/advisories/github-reviewed/2022/05/GHSA-3gp9-h8hw-pxpw/GHSA-3gp9-h8hw-pxpw.json"
      }
    },
    {
      "package": {
        "name": "Microsoft.NETCore.App.Runtime.ios-arm",
        "ecosystem": "NuGet",
        "purl": "pkg:nuget/Microsoft.NETCore.App.Runtime.ios-arm"
      },
      "ranges": [
        {
          "type": "ECOSYSTEM",
          "events": [
            {
              "introduced": "5.0.0"
            },
            {
              "fixed": "5.0.3"
            }
          ]
        }
      ],
      "versions": [
        "5.0.0",
        "5.0.1",
        "5.0.2"
      ],
      "database_specific": {
        "source": "https://github.com/github/advisory-database/blob/main/advisories/github-reviewed/2022/05/GHSA-3gp9-h8hw-pxpw/GHSA-3gp9-h8hw-pxpw.json"
      }
    },
    {
      "package": {
        "name": "Microsoft.NETCore.App.Runtime.ios-x64",
        "ecosystem": "NuGet",
        "purl": "pkg:nuget/Microsoft.NETCore.App.Runtime.ios-x64"
      },
      "ranges": [
        {
          "type": "ECOSYSTEM",
          "events": [
            {
              "introduced": "5.0.0"
            },
            {
              "fixed": "5.0.3"
            }
          ]
        }
      ],
      "versions": [
        "5.0.0",
        "5.0.1",
        "5.0.2"
      ],
      "database_specific": {
        "source": "https://github.com/github/advisory-database/blob/main/advisories/github-reviewed/2022/05/GHSA-3gp9-h8hw-pxpw/GHSA-3gp9-h8hw-pxpw.json"
      }
    },
    {
      "package": {
        "name": "Microsoft.NETCore.App.Runtime.ios-x86",
        "ecosystem": "NuGet",
        "purl": "pkg:nuget/Microsoft.NETCore.App.Runtime.ios-x86"
      },
      "ranges": [
        {
          "type": "ECOSYSTEM",
          "events": [
            {
              "introduced": "5.0.0"
            },
            {
              "fixed": "5.0.3"
            }
          ]
        }
      ],
      "versions": [
        "5.0.0",
        "5.0.1",
        "5.0.2"
      ],
      "database_specific": {
        "source": "https://github.com/github/advisory-database/blob/main/advisories/github-reviewed/2022/05/GHSA-3gp9-h8hw-pxpw/GHSA-3gp9-h8hw-pxpw.json"
      }
    },
    {
      "package": {
        "name": "Microsoft.NETCore.App.Runtime.linux-arm",
        "ecosystem": "NuGet",
        "purl": "pkg:nuget/Microsoft.NETCore.App.Runtime.linux-arm"
      },
      "ranges": [
        {
          "type": "ECOSYSTEM",
          "events": [
            {
              "introduced": "5.0.0"
            },
            {
              "fixed": "5.0.3"
            }
          ]
        }
      ],
      "versions": [
        "5.0.0",
        "5.0.1",
        "5.0.2"
      ],
      "database_specific": {
        "source": "https://github.com/github/advisory-database/blob/main/advisories/github-reviewed/2022/05/GHSA-3gp9-h8hw-pxpw/GHSA-3gp9-h8hw-pxpw.json"
      }
    },
    {
      "package": {
        "name": "Microsoft.NETCore.App.Runtime.linux-arm64",
        "ecosystem": "NuGet",
        "purl": "pkg:nuget/Microsoft.NETCore.App.Runtime.linux-arm64"
      },
      "ranges": [
        {
          "type": "ECOSYSTEM",
          "events": [
            {
              "introduced": "5.0.0"
            },
            {
              "fixed": "5.0.3"
            }
          ]
        }
      ],
      "versions": [
        "5.0.0",
        "5.0.1",
        "5.0.2"
      ],
      "database_specific": {
        "source": "https://github.com/github/advisory-database/blob/main/advisories/github-reviewed/2022/05/GHSA-3gp9-h8hw-pxpw/GHSA-3gp9-h8hw-pxpw.json"
      }
    },
    {
      "package": {
        "name": "Microsoft.NETCore.App.Runtime.linux-musl-arm",
        "ecosystem": "NuGet",
        "purl": "pkg:nuget/Microsoft.NETCore.App.Runtime.linux-musl-arm"
      },
      "ranges": [
        {
          "type": "ECOSYSTEM",
          "events": [
            {
              "introduced": "5.0.0"
            },
            {
              "fixed": "5.0.3"
            }
          ]
        }
      ],
      "versions": [
        "5.0.0",
        "5.0.1",
        "5.0.2"
      ],
      "database_specific": {
        "source": "https://github.com/github/advisory-database/blob/main/advisories/github-reviewed/2022/05/GHSA-3gp9-h8hw-pxpw/GHSA-3gp9-h8hw-pxpw.json"
      }
    },
    {
      "package": {
        "name": "Microsoft.NETCore.App.Runtime.linux-musl-arm64",
        "ecosystem": "NuGet",
        "purl": "pkg:nuget/Microsoft.NETCore.App.Runtime.linux-musl-arm64"
      },
      "ranges": [
        {
          "type": "ECOSYSTEM",
          "events": [
            {
              "introduced": "5.0.0"
            },
            {
              "fixed": "5.0.3"
            }
          ]
        }
      ],
      "versions": [
        "5.0.0",
        "5.0.1",
        "5.0.2"
      ],
      "database_specific": {
        "source": "https://github.com/github/advisory-database/blob/main/advisories/github-reviewed/2022/05/GHSA-3gp9-h8hw-pxpw/GHSA-3gp9-h8hw-pxpw.json"
      }
    },
    {
      "package": {
        "name": "Microsoft.NETCore.App.Runtime.linux-musl-x64",
        "ecosystem": "NuGet",
        "purl": "pkg:nuget/Microsoft.NETCore.App.Runtime.linux-musl-x64"
      },
      "ranges": [
        {
          "type": "ECOSYSTEM",
          "events": [
            {
              "introduced": "5.0.0"
            },
            {
              "fixed": "5.0.3"
            }
          ]
        }
      ],
      "versions": [
        "5.0.0",
        "5.0.1",
        "5.0.2"
      ],
      "database_specific": {
        "source": "https://github.com/github/advisory-database/blob/main/advisories/github-reviewed/2022/05/GHSA-3gp9-h8hw-pxpw/GHSA-3gp9-h8hw-pxpw.json"
      }
    },
    {
      "package": {
        "name": "Microsoft.NETCore.App.Runtime.linux-x64",
        "ecosystem": "NuGet",
        "purl": "pkg:nuget/Microsoft.NETCore.App.Runtime.linux-x64"
      },
      "ranges": [
        {
          "type": "ECOSYSTEM",
          "events": [
            {
              "introduced": "5.0.0"
            },
            {
              "fixed": "5.0.3"
            }
          ]
        }
      ],
      "versions": [
        "5.0.0",
        "5.0.1",
        "5.0.2"
      ],
      "database_specific": {
        "source": "https://github.com/github/advisory-database/blob/main/advisories/github-reviewed/2022/05/GHSA-3gp9-h8hw-pxpw/GHSA-3gp9-h8hw-pxpw.json"
      }
    },
    {
      "package": {
        "name": "Microsoft.NETCore.App.Runtime.osx-x64",
        "ecosystem": "NuGet",
        "purl": "pkg:nuget/Microsoft.NETCore.App.Runtime.osx-x64"
      },
      "ranges": [
        {
          "type": "ECOSYSTEM",
          "events": [
            {
              "introduced": "5.0.0"
            },
            {
              "fixed": "5.0.3"
            }
          ]
        }
      ],
      "versions": [
        "5.0.0",
        "5.0.1",
        "5.0.2"
      ],
      "database_specific": {
        "source": "https://github.com/github/advisory-database/blob/main/advisories/github-reviewed/2022/05/GHSA-3gp9-h8hw-pxpw/GHSA-3gp9-h8hw-pxpw.json"
      }
    },
    {
      "package": {
        "name": "Microsoft.NETCore.App.Runtime.tvos-arm64",
        "ecosystem": "NuGet",
        "purl": "pkg:nuget/Microsoft.NETCore.App.Runtime.tvos-arm64"
      },
      "ranges": [
        {
          "type": "ECOSYSTEM",
          "events": [
            {
              "introduced": "5.0.0"
            },
            {
              "fixed": "5.0.3"
            }
          ]
        }
      ],
      "versions": [
        "5.0.0",
        "5.0.1",
        "5.0.2"
      ],
      "database_specific": {
        "source": "https://github.com/github/advisory-database/blob/main/advisories/github-reviewed/2022/05/GHSA-3gp9-h8hw-pxpw/GHSA-3gp9-h8hw-pxpw.json"
      }
    },
    {
      "package": {
        "name": "Microsoft.NETCore.App.Runtime.tvos-x64",
        "ecosystem": "NuGet",
        "purl": "pkg:nuget/Microsoft.NETCore.App.Runtime.tvos-x64"
      },
      "ranges": [
        {
          "type": "ECOSYSTEM",
          "events": [
            {
              "introduced": "5.0.0"
            },
            {
              "fixed": "5.0.3"
            }
          ]
        }
      ],
      "versions": [
        "5.0.0",
        "5.0.1",
        "5.0.2"
      ],
      "database_specific": {
        "source": "https://github.com/github/advisory-database/blob/main/advisories/github-reviewed/2022/05/GHSA-3gp9-h8hw-pxpw/GHSA-3gp9-h8hw-pxpw.json"
      }
    },
    {
      "package": {
        "name": "Microsoft.NETCore.App.Runtime.win-arm",
        "ecosystem": "NuGet",
        "purl": "pkg:nuget/Microsoft.NETCore.App.Runtime.win-arm"
      },
      "ranges": [
        {
          "type": "ECOSYSTEM",
          "events": [
            {
              "introduced": "5.0.0"
            },
            {
              "fixed": "5.0.3"
            }
          ]
        }
      ],
      "versions": [
        "5.0.0",
        "5.0.1",
        "5.0.2"
      ],
      "database_specific": {
        "source": "https://github.com/github/advisory-database/blob/main/advisories/github-reviewed/2022/05/GHSA-3gp9-h8hw-pxpw/GHSA-3gp9-h8hw-pxpw.json"
      }
    },
    {
      "package": {
        "name": "Microsoft.NETCore.App.Runtime.win-arm64",
        "ecosystem": "NuGet",
        "purl": "pkg:nuget/Microsoft.NETCore.App.Runtime.win-arm64"
      },
      "ranges": [
        {
          "type": "ECOSYSTEM",
          "events": [
            {
              "introduced": "5.0.0"
            },
            {
              "fixed": "5.0.3"
            }
          ]
        }
      ],
      "versions": [
        "5.0.0",
        "5.0.1",
        "5.0.2"
      ],
      "database_specific": {
        "source": "https://github.com/github/advisory-database/blob/main/advisories/github-reviewed/2022/05/GHSA-3gp9-h8hw-pxpw/GHSA-3gp9-h8hw-pxpw.json"
      }
    },
    {
      "package": {
        "name": "Microsoft.NETCore.App.Runtime.win-x64",
        "ecosystem": "NuGet",
        "purl": "pkg:nuget/Microsoft.NETCore.App.Runtime.win-x64"
      },
      "ranges": [
        {
          "type": "ECOSYSTEM",
          "events": [
            {
              "introduced": "5.0.0"
            },
            {
              "fixed": "5.0.3"
            }
          ]
        }
      ],
      "versions": [
        "5.0.0",
        "5.0.1",
        "5.0.2"
      ],
      "database_specific": {
        "source": "https://github.com/github/advisory-database/blob/main/advisories/github-reviewed/2022/05/GHSA-3gp9-h8hw-pxpw/GHSA-3gp9-h8hw-pxpw.json"
      }
    },
    {
      "package": {
        "name": "Microsoft.NETCore.App.Runtime.win-x86",
        "ecosystem": "NuGet",
        "purl": "pkg:nuget/Microsoft.NETCore.App.Runtime.win-x86"
      },
      "ranges": [
        {
          "type": "ECOSYSTEM",
          "events": [
            {
              "introduced": "5.0.0"
            },
            {
              "fixed": "5.0.3"
            }
          ]
        }
      ],
      "versions": [
        "5.0.0",
        "5.0.1",
        "5.0.2"
      ],
      "database_specific": {
        "source": "https://github.com/github/advisory-database/blob/main/advisories/github-reviewed/2022/05/GHSA-3gp9-h8hw-pxpw/GHSA-3gp9-h8hw-pxpw.json"
      }
    }
  ],
  "schema_version": "1.6.0",
  "severity": [
    {
      "type": "CVSS_V3",
      "score": "CVSS:3.1/AV:N/AC:L/PR:N/UI:R/S:U/C:N/I:N/A:H"
    }
  ]
}