{
  "id": "GHSA-pv36-h7jh-qm62",
  "summary": "Heap buffer overflow in CefSharp",
  "details": "### Impact\nA memory corruption bug(Heap overflow) in the FreeType font rendering library.\n\n> This can be exploited by attackers to execute arbitrary code by using specially crafted fonts with embedded PNG images .\n\nAs per https://www.secpod.com/blog/chrome-zero-day-under-active-exploitation-patch-now/ \n\nGoogle is aware of reports that an exploit for CVE-2020-15999 exists in the wild.\n\n### Patches\nUpgrade to 85.3.130 or higher\n\n### References\n- https://www.secpod.com/blog/chrome-zero-day-under-active-exploitation-patch-now/\n- https://www.zdnet.com/article/google-releases-chrome-security-update-to-patch-actively-exploited-zero-day/\n- https://cve.mitre.org/cgi-bin/cvename.cgi?name=CVE-2020-15999\n- https://magpcss.org/ceforum/viewtopic.php?f=10&t=17942\n\nTo review the `CEF/Chromium` patch see https://bitbucket.org/chromiumembedded/cef/commits/cd6cbe008b127990036945fb75e7c2c1594ab10d",
  "aliases": [
    "A-171232105",
    "ASB-A-171232105",
    "CVE-2020-15999"
  ],
  "modified": "2024-08-07T19:29:57.655551Z",
  "published": "2020-10-27T19:47:38Z",
  "database_specific": {
    "nvd_published_at": "2020-11-03T03:15:00Z",
    "cwe_ids": [
      "CWE-119",
      "CWE-787"
    ],
    "severity": "MODERATE",
    "github_reviewed": true,
    "github_reviewed_at": "2020-10-27T19:47:22Z"
  },
  "references": [
    {
      "type": "WEB",
      "url": "https://github.com/cefsharp/CefSharp/security/advisories/GHSA-pv36-h7jh-qm62"
    },
    {
      "type": "ADVISORY",
      "url": "https://nvd.nist.gov/vuln/detail/CVE-2020-15999"
    },
    {
      "type": "WEB",
      "url": "https://chromereleases.googleblog.com/2020/10/stable-channel-update-for-desktop_20.html"
    },
    {
      "type": "WEB",
      "url": "https://crbug.com/1139963"
    },
    {
      "type": "PACKAGE",
      "url": "https://github.com/cefsharp/CefSharp"
    },
    {
      "type": "WEB",
      "url": "https://googleprojectzero.blogspot.com/p/rca-cve-2020-15999.html"
    },
    {
      "type": "WEB",
      "url": "https://lists.fedoraproject.org/archives/list/package-announce%40lists.fedoraproject.org/message/J3QVIGAAJ4D62YEJAJJWMCCBCOQ6TVL7"
    },
    {
      "type": "WEB",
      "url": "https://lists.fedoraproject.org/archives/list/package-announce@lists.fedoraproject.org/message/J3QVIGAAJ4D62YEJAJJWMCCBCOQ6TVL7"
    },
    {
      "type": "WEB",
      "url": "https://security.gentoo.org/glsa/202011-12"
    },
    {
      "type": "WEB",
      "url": "https://security.gentoo.org/glsa/202012-04"
    },
    {
      "type": "WEB",
      "url": "https://security.gentoo.org/glsa/202401-19"
    },
    {
      "type": "WEB",
      "url": "https://www.debian.org/security/2021/dsa-4824"
    },
    {
      "type": "WEB",
      "url": "https://www.nuget.org/packages/CefSharp.Common"
    },
    {
      "type": "WEB",
      "url": "https://www.nuget.org/packages/CefSharp.WinForms"
    },
    {
      "type": "WEB",
      "url": "https://www.nuget.org/packages/CefSharp.Wpf"
    },
    {
      "type": "WEB",
      "url": "https://www.nuget.org/packages/CefSharp.Wpf.HwndHost"
    },
    {
      "type": "WEB",
      "url": "http://lists.opensuse.org/opensuse-security-announce/2020-11/msg00016.html"
    },
    {
      "type": "WEB",
      "url": "http://seclists.org/fulldisclosure/2020/Nov/33"
    }
  ],
  "affected": [
    {
      "package": {
        "name": "CefSharp.Common",
        "ecosystem": "NuGet",
        "purl": "pkg:nuget/CefSharp.Common"
      },
      "ranges": [
        {
          "type": "ECOSYSTEM",
          "events": [
            {
              "introduced": "0"
            },
            {
              "fixed": "85.3.130"
            }
          ]
        }
      ],
      "versions": [
        "31.0.0-pre1",
        "33.0.0",
        "33.0.2",
        "33.1.0-pre01",
        "37.0.0",
        "37.0.0-pre01",
        "37.0.0-pre02",
        "37.0.1",
        "37.0.2",
        "37.0.3",
        "39.0.0",
        "39.0.0-pre01",
        "39.0.0-pre02",
        "39.0.0-pre03",
        "39.0.1",
        "39.0.2",
        "41.0.0",
        "41.0.0-pre01",
        "41.0.1",
        "43.0.0",
        "43.0.0-pre01",
        "43.0.0-pre02",
        "43.0.1",
        "45.0.0",
        "45.0.0-pre01",
        "47.0.0",
        "47.0.0-pre01",
        "47.0.1",
        "47.0.2",
        "47.0.3",
        "47.0.4",
        "49.0.0",
        "49.0.0-pre01",
        "49.0.0-pre02",
        "49.0.1",
        "51.0.0",
        "51.0.0-pre01",
        "51.0.0-pre02",
        "53.0.0",
        "53.0.0-pre01",
        "53.0.1",
        "55.0.0",
        "55.0.0-pre01",
        "57.0.0",
        "57.0.0-pre01",
        "62.0.0-pre01",
        "62.0.0-proprietary-codecs",
        "62.0.0-proprietary-codecs2",
        "63.0.0",
        "63.0.0-pre01",
        "63.0.0-pre02",
        "63.0.0-pre03",
        "63.0.1",
        "63.0.2",
        "63.0.3",
        "65.0.0",
        "65.0.0-pre01",
        "65.0.0-pre02",
        "65.0.1",
        "67.0.0",
        "67.0.0-pre01",
        "69.0.0",
        "69.0.0-pre01",
        "71.0.0",
        "71.0.0-pre01",
        "71.0.1",
        "71.0.2",
        "73.1.120-pre01",
        "73.1.130",
        "75.1.140-pre01",
        "75.1.141",
        "75.1.142",
        "75.1.143",
        "79.1.310-pre",
        "79.1.350",
        "79.1.360",
        "81.3.100",
        "81.3.20-pre",
        "83.3.120-pre",
        "83.4.20",
        "84.3.10-pre",
        "84.4.10",
        "85.3.120-pre",
        "85.3.121",
        "85.3.121-pre"
      ],
      "database_specific": {
        "source": "https://github.com/github/advisory-database/blob/main/advisories/github-reviewed/2020/10/GHSA-pv36-h7jh-qm62/GHSA-pv36-h7jh-qm62.json"
      }
    },
    {
      "package": {
        "name": "CefSharp.Wpf",
        "ecosystem": "NuGet",
        "purl": "pkg:nuget/CefSharp.Wpf"
      },
      "ranges": [
        {
          "type": "ECOSYSTEM",
          "events": [
            {
              "introduced": "0"
            },
            {
              "fixed": "85.3.130"
            }
          ]
        }
      ],
      "versions": [
        "1.25.2-perlun0",
        "1.25.3",
        "1.25.4",
        "1.25.5",
        "1.25.6",
        "1.25.7",
        "1.25.8",
        "3.29.0-pre0",
        "31.0.0-pre1",
        "33.0.0",
        "33.0.2",
        "33.1.0-pre01",
        "37.0.0",
        "37.0.0-pre01",
        "37.0.0-pre02",
        "37.0.1",
        "37.0.3",
        "39.0.0",
        "39.0.0-pre01",
        "39.0.0-pre02",
        "39.0.0-pre03",
        "39.0.1",
        "39.0.2",
        "41.0.0",
        "41.0.0-pre01",
        "41.0.1",
        "43.0.0",
        "43.0.0-pre01",
        "43.0.0-pre02",
        "43.0.1",
        "45.0.0",
        "45.0.0-pre01",
        "47.0.0",
        "47.0.0-pre01",
        "47.0.1",
        "47.0.2",
        "47.0.3",
        "47.0.4",
        "49.0.0",
        "49.0.0-pre01",
        "49.0.0-pre02",
        "49.0.1",
        "51.0.0",
        "51.0.0-pre01",
        "51.0.0-pre02",
        "53.0.0",
        "53.0.0-pre01",
        "53.0.1",
        "55.0.0",
        "55.0.0-pre01",
        "57.0.0",
        "57.0.0-pre01",
        "62.0.0-pre01",
        "62.0.0-proprietary-codecs",
        "62.0.0-proprietary-codecs2",
        "63.0.0",
        "63.0.0-pre01",
        "63.0.0-pre02",
        "63.0.0-pre03",
        "63.0.1",
        "63.0.2",
        "63.0.3",
        "65.0.0",
        "65.0.0-pre01",
        "65.0.0-pre02",
        "65.0.1",
        "67.0.0",
        "67.0.0-pre01",
        "69.0.0",
        "69.0.0-pre01",
        "71.0.0",
        "71.0.0-pre01",
        "71.0.1",
        "71.0.2",
        "73.1.120-pre01",
        "73.1.130",
        "75.1.140-pre01",
        "75.1.141",
        "75.1.142",
        "75.1.143",
        "79.1.310-pre",
        "79.1.350",
        "79.1.360",
        "81.3.100",
        "81.3.20-pre",
        "83.3.120-pre",
        "83.4.20",
        "84.3.10-pre",
        "84.4.10",
        "85.3.120-pre",
        "85.3.121",
        "85.3.121-pre"
      ],
      "database_specific": {
        "source": "https://github.com/github/advisory-database/blob/main/advisories/github-reviewed/2020/10/GHSA-pv36-h7jh-qm62/GHSA-pv36-h7jh-qm62.json"
      }
    },
    {
      "package": {
        "name": "CefSharp.WinForms",
        "ecosystem": "NuGet",
        "purl": "pkg:nuget/CefSharp.WinForms"
      },
      "ranges": [
        {
          "type": "ECOSYSTEM",
          "events": [
            {
              "introduced": "0"
            },
            {
              "fixed": "85.3.130"
            }
          ]
        }
      ],
      "versions": [
        "1.25.3",
        "33.0.0",
        "33.0.2",
        "33.1.0-pre01",
        "37.0.0",
        "37.0.0-pre01",
        "37.0.0-pre02",
        "37.0.1",
        "37.0.3",
        "39.0.0",
        "39.0.0-pre01",
        "39.0.0-pre02",
        "39.0.0-pre03",
        "39.0.1",
        "39.0.2",
        "41.0.0",
        "41.0.0-pre01",
        "41.0.1",
        "43.0.0",
        "43.0.0-pre01",
        "43.0.0-pre02",
        "43.0.1",
        "45.0.0",
        "45.0.0-pre01",
        "47.0.0",
        "47.0.0-pre01",
        "47.0.1",
        "47.0.2",
        "47.0.3",
        "47.0.4",
        "49.0.0",
        "49.0.0-pre01",
        "49.0.0-pre02",
        "49.0.1",
        "51.0.0",
        "51.0.0-pre01",
        "51.0.0-pre02",
        "53.0.0",
        "53.0.0-pre01",
        "53.0.1",
        "55.0.0",
        "55.0.0-pre01",
        "57.0.0",
        "57.0.0-pre01",
        "62.0.0-pre01",
        "62.0.0-proprietary-codecs",
        "62.0.0-proprietary-codecs2",
        "63.0.0",
        "63.0.0-pre01",
        "63.0.0-pre02",
        "63.0.0-pre03",
        "63.0.1",
        "63.0.2",
        "63.0.3",
        "65.0.0",
        "65.0.0-pre01",
        "65.0.0-pre02",
        "65.0.1",
        "67.0.0",
        "67.0.0-pre01",
        "69.0.0",
        "69.0.0-pre01",
        "71.0.0",
        "71.0.0-pre01",
        "71.0.1",
        "71.0.2",
        "73.1.120-pre01",
        "73.1.130",
        "75.1.140-pre01",
        "75.1.141",
        "75.1.142",
        "75.1.143",
        "79.1.310-pre",
        "79.1.350",
        "79.1.360",
        "81.3.100",
        "81.3.20-pre",
        "83.3.120-pre",
        "83.4.20",
        "84.3.10-pre",
        "84.4.10",
        "85.3.120-pre",
        "85.3.121",
        "85.3.121-pre"
      ],
      "database_specific": {
        "source": "https://github.com/github/advisory-database/blob/main/advisories/github-reviewed/2020/10/GHSA-pv36-h7jh-qm62/GHSA-pv36-h7jh-qm62.json"
      }
    },
    {
      "package": {
        "name": "CefSharp.Wpf.HwndHost",
        "ecosystem": "NuGet",
        "purl": "pkg:nuget/CefSharp.Wpf.HwndHost"
      },
      "ranges": [
        {
          "type": "ECOSYSTEM",
          "events": [
            {
              "introduced": "0"
            },
            {
              "fixed": "85.3.130"
            }
          ]
        }
      ],
      "versions": [
        "83.4.20-pre",
        "84.4.10",
        "85.3.121"
      ],
      "database_specific": {
        "source": "https://github.com/github/advisory-database/blob/main/advisories/github-reviewed/2020/10/GHSA-pv36-h7jh-qm62/GHSA-pv36-h7jh-qm62.json"
      }
    }
  ],
  "schema_version": "1.6.0",
  "severity": [
    {
      "type": "CVSS_V3",
      "score": "CVSS:3.1/AV:N/AC:L/PR:N/UI:R/S:U/C:N/I:N/A:H"
    }
  ]
}