{
  "id": "GHSA-g77f-7wm9-rh6p",
  "summary": "ChakraCore RCE Vulnerability",
  "details": "The Chakra JavaScript engine in Microsoft Edge allows remote attackers to execute arbitrary code via unspecified vectors, aka \"Scripting Engine Memory Corruption Vulnerability.\"",
  "aliases": [
    "CVE-2016-0024"
  ],
  "modified": "2023-11-08T03:58:05.057836Z",
  "published": "2022-05-14T02:26:20Z",
  "database_specific": {
    "nvd_published_at": "2016-01-13T05:59:00Z",
    "cwe_ids": [
      "CWE-119"
    ],
    "severity": "HIGH",
    "github_reviewed": true,
    "github_reviewed_at": "2023-07-31T22:07:15Z"
  },
  "references": [
    {
      "type": "ADVISORY",
      "url": "https://nvd.nist.gov/vuln/detail/CVE-2016-0024"
    },
    {
      "type": "WEB",
      "url": "https://docs.microsoft.com/en-us/security-updates/securitybulletins/2016/ms16-002"
    },
    {
      "type": "PACKAGE",
      "url": "https://github.com/chakra-core/ChakraCore"
    },
    {
      "type": "WEB",
      "url": "https://web.archive.org/web/20210508011246/http://www.securityfocus.com/bid/79891"
    },
    {
      "type": "WEB",
      "url": "https://web.archive.org/web/20211024030653/http://www.securitytracker.com/id/1034649"
    }
  ],
  "affected": [
    {
      "package": {
        "name": "Microsoft.ChakraCore",
        "ecosystem": "NuGet",
        "purl": "pkg:nuget/Microsoft.ChakraCore"
      },
      "ranges": [
        {
          "type": "ECOSYSTEM",
          "events": [
            {
              "introduced": "0"
            },
            {
              "fixed": "1.2.0"
            }
          ]
        }
      ],
      "database_specific": {
        "source": "https://github.com/github/advisory-database/blob/main/advisories/github-reviewed/2022/05/GHSA-g77f-7wm9-rh6p/GHSA-g77f-7wm9-rh6p.json"
      },
      "versions": []
    }
  ],
  "schema_version": "1.6.0",
  "severity": [
    {
      "type": "CVSS_V3",
      "score": "CVSS:3.0/AV:N/AC:L/PR:N/UI:R/S:U/C:H/I:H/A:H"
    }
  ]
}