{
  "id": "GHSA-223g-8w3x-98wr",
  "summary": "Snowflake Connector .Net Command Injection",
  "details": "### Issue\nSnowflake was informed via our bug bounty program of a command injection vulnerability in the Snowflake .NET driver via SSO URL authentication.\n\n### Impacted driver package: \nsnowflake-connector-net\n\n### Impacted version range: \nbefore [Version 2.0.18](https://community.snowflake.com/s/article/Dot-NET-Driver-Release-Notes)\n\n### Attack Scenario\nIn order to exploit the potential for command injection, an attacker would need to be successful in (1) establishing a malicious resource and (2) redirecting users to utilize the resource. The attacker could set up a malicious, publicly accessible server which responds to the SSO URL with an attack payload. If the attacker then tricked a user into visiting the maliciously crafted connection URL, the user\u2019s local machine would render the malicious payload, leading to a remote code execution. \n\nThis attack scenario can be mitigated through URL whitelisting as well as common anti-phishing resources.  \n\n### Solution\nOn December 2nd, 2022, Snowflake merged a patch that fixed a command injection vulnerability in the Snowflake .NET driver via SSO URL authentication. The vulnerability affected the Snowflake .NET driver before Version 2.0.18. We strongly recommend upgrading to the latest driver version as soon as possible via the following resources: [Snowflake .NET Driver](https://docs.snowflake.com/en/developer-guide/dotnet/dotnet-driver).\n\n### Additional Information\nIf you discover a security vulnerability in one of our products or websites, please report the issue to HackerOne. For more information, please see our [Vulnerability Disclosure Policy](https://hackerone.com/snowflake?type=team).",
  "aliases": [
    "CVE-2023-34230"
  ],
  "modified": "2024-02-16T08:15:48.400324Z",
  "published": "2023-06-09T22:40:23Z",
  "database_specific": {
    "nvd_published_at": "2023-06-08T21:15:17Z",
    "cwe_ids": [
      "CWE-77"
    ],
    "severity": "HIGH",
    "github_reviewed": true,
    "github_reviewed_at": "2023-06-09T22:40:23Z"
  },
  "references": [
    {
      "type": "WEB",
      "url": "https://github.com/snowflakedb/snowflake-connector-net/security/advisories/GHSA-223g-8w3x-98wr"
    },
    {
      "type": "ADVISORY",
      "url": "https://nvd.nist.gov/vuln/detail/CVE-2023-34230"
    },
    {
      "type": "PACKAGE",
      "url": "https://github.com/snowflakedb/snowflake-connector-net"
    }
  ],
  "affected": [
    {
      "package": {
        "name": "Snowflake.Data",
        "ecosystem": "NuGet",
        "purl": "pkg:nuget/Snowflake.Data"
      },
      "ranges": [
        {
          "type": "ECOSYSTEM",
          "events": [
            {
              "introduced": "0"
            },
            {
              "fixed": "2.0.18"
            }
          ]
        }
      ],
      "versions": [
        "0.1.0",
        "0.1.1",
        "0.2.0",
        "0.3.0",
        "1.0.0",
        "1.0.1",
        "1.0.10",
        "1.0.11",
        "1.0.12",
        "1.0.13",
        "1.0.14",
        "1.0.15",
        "1.0.16",
        "1.0.2",
        "1.0.3",
        "1.0.4",
        "1.0.5",
        "1.0.6",
        "1.0.7",
        "1.0.8",
        "1.0.9",
        "1.1.0",
        "1.1.1",
        "1.1.2",
        "1.1.3",
        "1.1.4",
        "1.2.0",
        "1.2.1",
        "1.2.2",
        "1.2.3",
        "1.2.4",
        "1.2.5",
        "1.2.6",
        "1.2.7",
        "1.2.8",
        "1.2.9",
        "2.0.0",
        "2.0.1",
        "2.0.10",
        "2.0.11",
        "2.0.12",
        "2.0.13",
        "2.0.14",
        "2.0.15",
        "2.0.16",
        "2.0.17",
        "2.0.2",
        "2.0.3",
        "2.0.4",
        "2.0.5",
        "2.0.6",
        "2.0.7",
        "2.0.8",
        "2.0.9"
      ],
      "database_specific": {
        "source": "https://github.com/github/advisory-database/blob/main/advisories/github-reviewed/2023/06/GHSA-223g-8w3x-98wr/GHSA-223g-8w3x-98wr.json"
      }
    }
  ],
  "schema_version": "1.6.0",
  "severity": [
    {
      "type": "CVSS_V3",
      "score": "CVSS:3.1/AV:N/AC:L/PR:L/UI:R/S:U/C:H/I:H/A:N"
    }
  ]
}