{
  "id": "GHSA-68w7-72jg-6qpp",
  "summary": "NuGet Client Security Feature Bypass Vulnerability ",
  "details": "### Description\nMicrosoft is releasing this security advisory to provide information about a vulnerability in .NET 6.0, .NET 7.0 and .NET 8.0. This advisory also provides guidance on what developers can do to update their applications to address this vulnerability. \n\nA security feature bypass vulnerability exists when Microsoft .NET Framework-based applications use X.509 chain building APIs but do not completely validate the X.509 certificate due to a logic flaw. An attacker could present an arbitrary untrusted certificate with malformed signatures, triggering a bug in the framework. The framework will correctly report that X.509 chain building failed, but it will return an incorrect reason code for the failure. Applications which utilize this reason code to make their own chain building trust decisions may inadvertently treat this scenario as a successful chain build. This could allow an adversary to subvert the app's typical authentication logic. \n\n### Affected software\n#### NuGet & NuGet Packages\n- Any NuGet.exe, NuGet.CommandLine, NuGet.Packaging 6.8.0 version or earlier. \n- Any NuGet.exe, NuGet.CommandLine, NuGet.Packaging 6.7.0 version or earlier. \n- Any NuGet.exe, NuGet.CommandLine, NuGet.Packaging 6.6.1 version or earlier. \n- Any NuGet.exe, NuGet.CommandLine, NuGet.Packaging 6.4.2 version or earlier. \n- Any NuGet.exe, NuGet.CommandLine, NuGet.Packaging 6.3.3 version or earlier. \n- Any NuGet.exe, NuGet.CommandLine, NuGet.Packaging 6.0.5 version or earlier. \n- Any NuGet.exe, NuGet.CommandLine, NuGet.Packaging 5.11.5 version or earlier. \n\n#### .NET SDK(s)\n- Any .NET SDK 6.0.126 or earlier, or 6.0.418 or earlier.\n- Any .NET SDK 7.0.115 or earlier, or 7.0.312 or earlier, or 7.0.405 or earlier.\n- Any .NET SDK 8.0.101 or earlier.\n \n### Patches\nTo fix the issue, please install the latest version of .NET 6.0, .NET 7.0 or .NET 8.0 and NuGet (NuGet.exe, NuGet.CommandLine, NuGet. Packaging versions). If you have installed one or more .NET SDKs through Visual Studio, Visual Studio will prompt you to update Visual Studio, which will also update your .NET SDKs. \n- If you're using NuGet.exe 6.8.0 or lower, you should download and install 6.8.1 from\u202fhttps://dist.nuget.org/win-x86-commandline/v6.8.1/nuget.exe. \n- If you're using NuGet.exe 6.7.0 or lower, you should download and install 6.7.1 from\u202fhttps://dist.nuget.org/win-x86-commandline/v6.7.1/nuget.exe. \n- If you're using NuGet.exe 6.6.1 or lower, you should download and install 6.6.2 from\u202fhttps://dist.nuget.org/win-x86-commandline/v6.6.2/nuget.exe. \n- If you're using NuGet.exe 6.4.2 or lower, you should download and install 6.4.3 from\u202fhttps://dist.nuget.org/win-x86-commandline/v6.4.3/nuget.exe. \n- If you're using NuGet.exe 6.3.3 or lower, you should download and install 6.3.4 from\u202fhttps://dist.nuget.org/win-x86-commandline/v6.3.4/nuget.exe. \n- If you're using NuGet.exe 6.0.5 or lower, you should download and install 6.0.6 from\u202fhttps://dist.nuget.org/win-x86-commandline/v6.0.6/nuget.exe. \n- If you're using NuGet.exe 5.11.5 or lower, you should download and install 5.11.6 from\u202fhttps://dist.nuget.org/win-x86-commandline/v5.11.6/nuget.exe. \n- If you're using .NET 8.0, you should download and install .NET 8.0.102 SDK (for Visual Studio 2022 v17.8) from\u202fhttps://dotnet.microsoft.com/download/dotnet-core/8.0\u202f. \n- If you're using .NET 7.0, you should download and install SDK 7.0.116 (for Visual Studio 2022 v17.4), or SDK 7.0.313 (for Visual Studio 2022 v17.6), or 7.0.406 (for Visual Studio 2022 v17.7) from\u202fhttps://dotnet.microsoft.com/download/dotnet-core/7.0\u202f. \n- If you're using .NET 6.0, you should download and install SDK 6.0.127 or SDK 6.0.419 (for Visual Studio 2022 v17.3) from\u202fhttps://dotnet.microsoft.com/download/dotnet-core/6.0\u202f. \n\n### Other details\nAnnouncement for this issue can be found at https://github.com/NuGet/Announcements/issues/71 \n\nMSRC details for this can be found at\u202f[CVE-2024-0057 - Security Update Guide - Microsoft - NET, .NET Framework, and Visual Studio Security Feature Bypass Vulnerability](https://msrc.microsoft.com/update-guide/vulnerability/CVE-2024-0057)\n",
  "aliases": [
    "BIT-dotnet-2024-0057",
    "BIT-dotnet-sdk-2024-0057",
    "CVE-2024-0057"
  ],
  "modified": "2024-04-16T15:59:05.910716Z",
  "published": "2024-02-13T21:18:10Z",
  "related": [
    "CGA-9f96-5r7p-2g48",
    "CGA-mrq2-xfrj-8xwg"
  ],
  "database_specific": {
    "nvd_published_at": null,
    "cwe_ids": [],
    "severity": "CRITICAL",
    "github_reviewed": true,
    "github_reviewed_at": "2024-02-13T21:18:10Z"
  },
  "references": [
    {
      "type": "WEB",
      "url": "https://github.com/NuGet/NuGet.Client/security/advisories/GHSA-68w7-72jg-6qpp"
    },
    {
      "type": "ADVISORY",
      "url": "https://nvd.nist.gov/vuln/detail/CVE-2024-0057"
    },
    {
      "type": "WEB",
      "url": "https://github.com/NuGet/NuGet.Client/commit/3333f352ec47f0ebb489f20353dea7017f6cb00c"
    },
    {
      "type": "WEB",
      "url": "https://github.com/NuGet/NuGet.Client/commit/5e1ba955cca14328d2cb5723f211d5fbc9bcacb3"
    },
    {
      "type": "PACKAGE",
      "url": "https://github.com/NuGet/NuGet.Client"
    },
    {
      "type": "WEB",
      "url": "https://msrc.microsoft.com/update-guide/vulnerability/CVE-2024-0057"
    },
    {
      "type": "WEB",
      "url": "https://security.netapp.com/advisory/ntap-20240208-0007"
    }
  ],
  "affected": [
    {
      "package": {
        "name": "NuGet.CommandLine",
        "ecosystem": "NuGet",
        "purl": "pkg:nuget/NuGet.CommandLine"
      },
      "ranges": [
        {
          "type": "ECOSYSTEM",
          "events": [
            {
              "introduced": "4.6.0"
            },
            {
              "fixed": "5.11.6"
            }
          ]
        }
      ],
      "versions": [
        "4.6.2",
        "4.6.3",
        "4.6.4",
        "4.7.1",
        "4.7.2",
        "4.7.3",
        "4.8.2",
        "4.9.2",
        "4.9.3",
        "4.9.4",
        "4.9.5",
        "4.9.6",
        "5.0.2",
        "5.1.0",
        "5.10.0",
        "5.11.0",
        "5.11.2",
        "5.11.3",
        "5.11.5",
        "5.2.0",
        "5.2.1",
        "5.3.0",
        "5.3.1",
        "5.4.0",
        "5.5.1",
        "5.6.0",
        "5.7.0",
        "5.7.1",
        "5.7.2",
        "5.8.0",
        "5.8.1",
        "5.9.1",
        "5.9.2",
        "5.9.3"
      ],
      "database_specific": {
        "source": "https://github.com/github/advisory-database/blob/main/advisories/github-reviewed/2024/02/GHSA-68w7-72jg-6qpp/GHSA-68w7-72jg-6qpp.json"
      }
    },
    {
      "package": {
        "name": "NuGet.Packaging",
        "ecosystem": "NuGet",
        "purl": "pkg:nuget/NuGet.Packaging"
      },
      "ranges": [
        {
          "type": "ECOSYSTEM",
          "events": [
            {
              "introduced": "4.6.0"
            },
            {
              "fixed": "5.11.6"
            }
          ]
        }
      ],
      "versions": [
        "4.6.0",
        "4.6.1",
        "4.6.2",
        "4.6.3",
        "4.6.4",
        "4.7.0-preview1-4986",
        "5.10.0",
        "5.11.0",
        "5.11.2",
        "5.11.3",
        "5.11.5",
        "5.9.0",
        "5.9.1",
        "5.9.2",
        "5.9.3"
      ],
      "database_specific": {
        "source": "https://github.com/github/advisory-database/blob/main/advisories/github-reviewed/2024/02/GHSA-68w7-72jg-6qpp/GHSA-68w7-72jg-6qpp.json"
      }
    },
    {
      "package": {
        "name": "NuGet.CommandLine",
        "ecosystem": "NuGet",
        "purl": "pkg:nuget/NuGet.CommandLine"
      },
      "ranges": [
        {
          "type": "ECOSYSTEM",
          "events": [
            {
              "introduced": "6.0.0"
            },
            {
              "fixed": "6.0.6"
            }
          ]
        }
      ],
      "versions": [
        "6.0.0",
        "6.0.2",
        "6.0.5"
      ],
      "database_specific": {
        "source": "https://github.com/github/advisory-database/blob/main/advisories/github-reviewed/2024/02/GHSA-68w7-72jg-6qpp/GHSA-68w7-72jg-6qpp.json"
      }
    },
    {
      "package": {
        "name": "NuGet.Packaging",
        "ecosystem": "NuGet",
        "purl": "pkg:nuget/NuGet.Packaging"
      },
      "ranges": [
        {
          "type": "ECOSYSTEM",
          "events": [
            {
              "introduced": "6.0.0"
            },
            {
              "fixed": "6.0.6"
            }
          ]
        }
      ],
      "versions": [
        "6.0.0",
        "6.0.2",
        "6.0.5"
      ],
      "database_specific": {
        "source": "https://github.com/github/advisory-database/blob/main/advisories/github-reviewed/2024/02/GHSA-68w7-72jg-6qpp/GHSA-68w7-72jg-6qpp.json"
      }
    },
    {
      "package": {
        "name": "NuGet.CommandLine",
        "ecosystem": "NuGet",
        "purl": "pkg:nuget/NuGet.CommandLine"
      },
      "ranges": [
        {
          "type": "ECOSYSTEM",
          "events": [
            {
              "introduced": "6.3.0"
            },
            {
              "fixed": "6.3.4"
            }
          ]
        }
      ],
      "versions": [
        "6.3.0",
        "6.3.1",
        "6.3.3"
      ],
      "database_specific": {
        "source": "https://github.com/github/advisory-database/blob/main/advisories/github-reviewed/2024/02/GHSA-68w7-72jg-6qpp/GHSA-68w7-72jg-6qpp.json"
      }
    },
    {
      "package": {
        "name": "NuGet.Packaging",
        "ecosystem": "NuGet",
        "purl": "pkg:nuget/NuGet.Packaging"
      },
      "ranges": [
        {
          "type": "ECOSYSTEM",
          "events": [
            {
              "introduced": "6.3.0"
            },
            {
              "fixed": "6.3.4"
            }
          ]
        }
      ],
      "versions": [
        "6.3.0",
        "6.3.1",
        "6.3.3"
      ],
      "database_specific": {
        "source": "https://github.com/github/advisory-database/blob/main/advisories/github-reviewed/2024/02/GHSA-68w7-72jg-6qpp/GHSA-68w7-72jg-6qpp.json"
      }
    },
    {
      "package": {
        "name": "NuGet.CommandLine",
        "ecosystem": "NuGet",
        "purl": "pkg:nuget/NuGet.CommandLine"
      },
      "ranges": [
        {
          "type": "ECOSYSTEM",
          "events": [
            {
              "introduced": "6.4.0"
            },
            {
              "fixed": "6.4.3"
            }
          ]
        }
      ],
      "versions": [
        "6.4.0",
        "6.4.2"
      ],
      "database_specific": {
        "source": "https://github.com/github/advisory-database/blob/main/advisories/github-reviewed/2024/02/GHSA-68w7-72jg-6qpp/GHSA-68w7-72jg-6qpp.json"
      }
    },
    {
      "package": {
        "name": "NuGet.Packaging",
        "ecosystem": "NuGet",
        "purl": "pkg:nuget/NuGet.Packaging"
      },
      "ranges": [
        {
          "type": "ECOSYSTEM",
          "events": [
            {
              "introduced": "6.4.0"
            },
            {
              "fixed": "6.4.3"
            }
          ]
        }
      ],
      "versions": [
        "6.4.0",
        "6.4.2"
      ],
      "database_specific": {
        "source": "https://github.com/github/advisory-database/blob/main/advisories/github-reviewed/2024/02/GHSA-68w7-72jg-6qpp/GHSA-68w7-72jg-6qpp.json"
      }
    },
    {
      "package": {
        "name": "NuGet.CommandLine",
        "ecosystem": "NuGet",
        "purl": "pkg:nuget/NuGet.CommandLine"
      },
      "ranges": [
        {
          "type": "ECOSYSTEM",
          "events": [
            {
              "introduced": "6.6.0"
            },
            {
              "fixed": "6.6.2"
            }
          ]
        }
      ],
      "versions": [
        "6.6.1"
      ],
      "database_specific": {
        "source": "https://github.com/github/advisory-database/blob/main/advisories/github-reviewed/2024/02/GHSA-68w7-72jg-6qpp/GHSA-68w7-72jg-6qpp.json"
      }
    },
    {
      "package": {
        "name": "NuGet.Packaging",
        "ecosystem": "NuGet",
        "purl": "pkg:nuget/NuGet.Packaging"
      },
      "ranges": [
        {
          "type": "ECOSYSTEM",
          "events": [
            {
              "introduced": "6.6.0"
            },
            {
              "fixed": "6.6.2"
            }
          ]
        }
      ],
      "versions": [
        "6.6.0",
        "6.6.1"
      ],
      "database_specific": {
        "source": "https://github.com/github/advisory-database/blob/main/advisories/github-reviewed/2024/02/GHSA-68w7-72jg-6qpp/GHSA-68w7-72jg-6qpp.json"
      }
    },
    {
      "package": {
        "name": "NuGet.CommandLine",
        "ecosystem": "NuGet",
        "purl": "pkg:nuget/NuGet.CommandLine"
      },
      "ranges": [
        {
          "type": "ECOSYSTEM",
          "events": [
            {
              "introduced": "6.7.0"
            },
            {
              "fixed": "6.7.1"
            }
          ]
        }
      ],
      "versions": [
        "6.7.0"
      ],
      "database_specific": {
        "source": "https://github.com/github/advisory-database/blob/main/advisories/github-reviewed/2024/02/GHSA-68w7-72jg-6qpp/GHSA-68w7-72jg-6qpp.json"
      }
    },
    {
      "package": {
        "name": "NuGet.Packaging",
        "ecosystem": "NuGet",
        "purl": "pkg:nuget/NuGet.Packaging"
      },
      "ranges": [
        {
          "type": "ECOSYSTEM",
          "events": [
            {
              "introduced": "6.7.0"
            },
            {
              "fixed": "6.7.1"
            }
          ]
        }
      ],
      "versions": [
        "6.7.0"
      ],
      "database_specific": {
        "source": "https://github.com/github/advisory-database/blob/main/advisories/github-reviewed/2024/02/GHSA-68w7-72jg-6qpp/GHSA-68w7-72jg-6qpp.json"
      }
    },
    {
      "package": {
        "name": "NuGet.CommandLine",
        "ecosystem": "NuGet",
        "purl": "pkg:nuget/NuGet.CommandLine"
      },
      "ranges": [
        {
          "type": "ECOSYSTEM",
          "events": [
            {
              "introduced": "6.8.0"
            },
            {
              "fixed": "6.8.1"
            }
          ]
        }
      ],
      "versions": [
        "6.8.0"
      ],
      "database_specific": {
        "source": "https://github.com/github/advisory-database/blob/main/advisories/github-reviewed/2024/02/GHSA-68w7-72jg-6qpp/GHSA-68w7-72jg-6qpp.json"
      }
    },
    {
      "package": {
        "name": "NuGet.Packaging",
        "ecosystem": "NuGet",
        "purl": "pkg:nuget/NuGet.Packaging"
      },
      "ranges": [
        {
          "type": "ECOSYSTEM",
          "events": [
            {
              "introduced": "6.8.0"
            },
            {
              "fixed": "6.8.1"
            }
          ]
        }
      ],
      "versions": [
        "6.8.0"
      ],
      "database_specific": {
        "source": "https://github.com/github/advisory-database/blob/main/advisories/github-reviewed/2024/02/GHSA-68w7-72jg-6qpp/GHSA-68w7-72jg-6qpp.json"
      }
    }
  ],
  "schema_version": "1.6.0",
  "severity": [
    {
      "type": "CVSS_V3",
      "score": "CVSS:3.1/AV:N/AC:L/PR:N/UI:N/S:U/C:H/I:H/A:N"
    }
  ]
}