{
  "id": "GHSA-frxg-hf44-q765",
  "summary": "Exposure of Sensitive Information to an Unauthorized Actor in DisCatSharp",
  "details": "### Impact\nUsers of versions 9.8.5, 9.8.6, 9.9.0 and previously published prereleases of 10.0.0 who have used either one of the two `RequireDisCatSharpDeveloperAttribute`s or the `BaseDiscordClient.LibraryDeveloperTeam` have potentially had their bot token sent to a web server not affiliated with Discord. This server is owned and operated by DisCatSharp's development team. The tokens were not logged, yet it is still advisable to reset the tokens of potentially affected bots.\n\n### Patches\n9.9.1 has been released to patch the issue for the current stable release and the current 10.0.0 prereleases are also no longer affected.\n\n### Workarounds\nRemove all uses of the two `RequireDisCatSharpDeveloperAttribute`s and all direct calls to `BaseDiscordClient.LibraryDeveloperTeam`.\n\n### Details\nThe `HttpClient` responsible for sending requests to the Discord API was erroneously reused to send requests to our website when DisCatSharp's team members were to be fetched.\n\n### For more information\nIf you have any questions or comments about this advisory:\n* Join our [Discord server](https://discord.gg/GGYSywkxwN)\n* Email us at [ottero@aitsys.dev](mailto:ottero@aitsys.dev)\n",
  "aliases": [
    "CVE-2022-24849"
  ],
  "modified": "2023-11-08T04:08:38.619199Z",
  "published": "2022-04-22T20:39:47Z",
  "database_specific": {
    "nvd_published_at": "2022-04-14T22:15:00Z",
    "github_reviewed_at": "2022-04-22T20:39:47Z",
    "severity": "MODERATE",
    "github_reviewed": true,
    "cwe_ids": [
      "CWE-200"
    ]
  },
  "references": [
    {
      "type": "WEB",
      "url": "https://github.com/Aiko-IT-Systems/DisCatSharp/security/advisories/GHSA-frxg-hf44-q765"
    },
    {
      "type": "ADVISORY",
      "url": "https://nvd.nist.gov/vuln/detail/CVE-2022-24849"
    },
    {
      "type": "PACKAGE",
      "url": "https://github.com/Aiko-IT-Systems/DisCatSharp"
    }
  ],
  "affected": [
    {
      "package": {
        "name": "DisCatSharp",
        "ecosystem": "NuGet",
        "purl": "pkg:nuget/DisCatSharp"
      },
      "ranges": [
        {
          "type": "ECOSYSTEM",
          "events": [
            {
              "introduced": "9.8.5"
            },
            {
              "fixed": "9.9.1"
            }
          ]
        }
      ],
      "versions": [
        "9.8.5",
        "9.8.6",
        "9.8.6-nightly-00261",
        "9.8.6-nightly-00262",
        "9.8.6-nightly-00263",
        "9.8.7-nightly-00267",
        "9.8.7-nightly-00268",
        "9.8.7-nightly-00269",
        "9.8.7-nightly-00270",
        "9.8.7-nightly-00271",
        "9.8.7-nightly-00272",
        "9.8.7-nightly-00273",
        "9.8.7-nightly-00274",
        "9.8.7-nightly-00276",
        "9.8.7-nightly-00277",
        "9.8.7-nightly-00278",
        "9.8.7-nightly-00279",
        "9.8.7-nightly-00280",
        "9.8.7-nightly-00281",
        "9.8.7-nightly-00282",
        "9.8.7-nightly-00283",
        "9.8.7-nightly-00284",
        "9.8.7-nightly-00285",
        "9.9.0"
      ],
      "database_specific": {
        "source": "https://github.com/github/advisory-database/blob/main/advisories/github-reviewed/2022/04/GHSA-frxg-hf44-q765/GHSA-frxg-hf44-q765.json"
      }
    }
  ],
  "schema_version": "1.6.0",
  "severity": [
    {
      "type": "CVSS_V3",
      "score": "CVSS:3.1/AV:N/AC:L/PR:N/UI:R/S:U/C:H/I:N/A:N"
    }
  ]
}