{
  "id": "GHSA-5x7m-6737-26cr",
  "summary": "SixLabors.ImageSharp vulnerable to data leakage",
  "details": "### Impact\nA data leakage flaw was found in ImageSharp's JPEG and TGA decoders. This vulnerability is triggered when an attacker passes a specially crafted JPEG or TGA image file to a software using ImageSharp, potentially disclosing sensitive information from other parts of the software in the resulting image buffer.\n\n### Patches\nThe problem has been patched. All users are advised to upgrade to v3.1.4 or v2.1.8.\n\n### Workarounds\nNone\n\n### References\nNone\n",
  "aliases": [
    "CVE-2024-32036"
  ],
  "modified": "2024-04-16T23:01:19.317873Z",
  "published": "2024-04-15T20:24:06Z",
  "database_specific": {
    "nvd_published_at": "2024-04-15T20:15:11Z",
    "cwe_ids": [
      "CWE-226"
    ],
    "severity": "MODERATE",
    "github_reviewed": true,
    "github_reviewed_at": "2024-04-15T20:24:06Z"
  },
  "references": [
    {
      "type": "WEB",
      "url": "https://github.com/SixLabors/ImageSharp/security/advisories/GHSA-5x7m-6737-26cr"
    },
    {
      "type": "ADVISORY",
      "url": "https://nvd.nist.gov/vuln/detail/CVE-2024-32036"
    },
    {
      "type": "WEB",
      "url": "https://github.com/SixLabors/ImageSharp/commit/8f0b4d3e680e78d479a88e7b1472bccd8f096d68"
    },
    {
      "type": "WEB",
      "url": "https://github.com/SixLabors/ImageSharp/commit/da5f09a42513489fe359578d81cec2f15ba588ba"
    },
    {
      "type": "PACKAGE",
      "url": "https://github.com/SixLabors/ImageSharp"
    }
  ],
  "affected": [
    {
      "package": {
        "name": "SixLabors.ImageSharp",
        "ecosystem": "NuGet",
        "purl": "pkg:nuget/SixLabors.ImageSharp"
      },
      "ranges": [
        {
          "type": "ECOSYSTEM",
          "events": [
            {
              "introduced": "0"
            },
            {
              "fixed": "2.1.8"
            }
          ]
        }
      ],
      "versions": [
        "1.0.0",
        "1.0.0-beta0001",
        "1.0.0-beta0002",
        "1.0.0-beta0003",
        "1.0.0-beta0004",
        "1.0.0-beta0005",
        "1.0.0-beta0006",
        "1.0.0-beta0007",
        "1.0.0-rc0001",
        "1.0.0-rc0002",
        "1.0.0-rc0003",
        "1.0.1",
        "1.0.2",
        "1.0.3",
        "1.0.4",
        "2.0.0",
        "2.1.0",
        "2.1.1",
        "2.1.2",
        "2.1.3",
        "2.1.4",
        "2.1.5",
        "2.1.6",
        "2.1.7"
      ],
      "database_specific": {
        "source": "https://github.com/github/advisory-database/blob/main/advisories/github-reviewed/2024/04/GHSA-5x7m-6737-26cr/GHSA-5x7m-6737-26cr.json"
      }
    },
    {
      "package": {
        "name": "SixLabors.ImageSharp",
        "ecosystem": "NuGet",
        "purl": "pkg:nuget/SixLabors.ImageSharp"
      },
      "ranges": [
        {
          "type": "ECOSYSTEM",
          "events": [
            {
              "introduced": "3.0.0"
            },
            {
              "fixed": "3.1.4"
            }
          ]
        }
      ],
      "versions": [
        "3.0.0",
        "3.0.1",
        "3.0.2",
        "3.1.0",
        "3.1.1",
        "3.1.2",
        "3.1.3"
      ],
      "database_specific": {
        "source": "https://github.com/github/advisory-database/blob/main/advisories/github-reviewed/2024/04/GHSA-5x7m-6737-26cr/GHSA-5x7m-6737-26cr.json"
      }
    }
  ],
  "schema_version": "1.6.0",
  "severity": [
    {
      "type": "CVSS_V3",
      "score": "CVSS:3.1/AV:N/AC:H/PR:N/UI:R/S:U/C:H/I:N/A:N"
    }
  ]
}