{
  "id": "GHSA-3w4v-qfqc-3433",
  "summary": "ChakraCore RCE Vulnerability",
  "details": "A remote code execution vulnerability exists in the way that the Chakra scripting engine handles objects in memory in Microsoft Edge, aka \"Chakra Scripting Engine Memory Corruption Vulnerability.\" This affects Microsoft Edge, ChakraCore. This CVE ID is unique from CVE-2019-0567, CVE-2019-0568.",
  "aliases": [
    "CVE-2019-0539"
  ],
  "modified": "2024-02-16T08:24:28.894160Z",
  "published": "2022-05-13T01:21:15Z",
  "database_specific": {
    "nvd_published_at": "2019-01-08T21:29:00Z",
    "cwe_ids": [
      "CWE-787"
    ],
    "severity": "HIGH",
    "github_reviewed": true,
    "github_reviewed_at": "2023-07-19T20:24:02Z"
  },
  "references": [
    {
      "type": "ADVISORY",
      "url": "https://nvd.nist.gov/vuln/detail/CVE-2019-0539"
    },
    {
      "type": "WEB",
      "url": "https://github.com/chakra-core/ChakraCore/commit/788f17b0ce06ea84553b123c174d1ff7052112a0"
    },
    {
      "type": "PACKAGE",
      "url": "https://github.com/chakra-core/ChakraCore"
    },
    {
      "type": "WEB",
      "url": "https://portal.msrc.microsoft.com/en-US/security-guidance/advisory/CVE-2019-0539"
    },
    {
      "type": "WEB",
      "url": "https://web.archive.org/web/20210124231213/http://www.securityfocus.com/bid/106401"
    },
    {
      "type": "WEB",
      "url": "https://www.exploit-db.com/exploits/46203"
    },
    {
      "type": "WEB",
      "url": "https://www.exploit-db.com/exploits/46204"
    },
    {
      "type": "WEB",
      "url": "https://www.exploit-db.com/exploits/46485"
    }
  ],
  "affected": [
    {
      "package": {
        "name": "Microsoft.ChakraCore",
        "ecosystem": "NuGet",
        "purl": "pkg:nuget/Microsoft.ChakraCore"
      },
      "ranges": [
        {
          "type": "ECOSYSTEM",
          "events": [
            {
              "introduced": "0"
            },
            {
              "fixed": "1.11.5"
            }
          ]
        }
      ],
      "versions": [
        "1.10.0",
        "1.10.1",
        "1.10.2",
        "1.11.0",
        "1.11.1",
        "1.11.2",
        "1.11.3",
        "1.11.4",
        "1.2.0",
        "1.2.1",
        "1.2.2",
        "1.2.3",
        "1.2.6.62716-preview",
        "1.3.0",
        "1.3.1",
        "1.3.2",
        "1.4.0",
        "1.4.1",
        "1.4.2",
        "1.4.3",
        "1.4.4",
        "1.4.5",
        "1.5.0",
        "1.5.1",
        "1.5.2",
        "1.5.3",
        "1.6.0",
        "1.6.2",
        "1.7.0",
        "1.7.1",
        "1.7.2",
        "1.7.3",
        "1.7.4",
        "1.7.5",
        "1.7.6",
        "1.8.0",
        "1.8.1",
        "1.8.2",
        "1.8.3",
        "1.8.4",
        "1.8.5"
      ],
      "database_specific": {
        "source": "https://github.com/github/advisory-database/blob/main/advisories/github-reviewed/2022/05/GHSA-3w4v-qfqc-3433/GHSA-3w4v-qfqc-3433.json"
      }
    }
  ],
  "schema_version": "1.6.0",
  "severity": [
    {
      "type": "CVSS_V3",
      "score": "CVSS:3.0/AV:N/AC:H/PR:N/UI:R/S:U/C:H/I:H/A:H"
    }
  ]
}