{
  "id": "GHSA-6c3j-c64m-qhgq",
  "summary": "XSS in jQuery as used in Drupal, Backdrop CMS, and other products",
  "details": "jQuery from 1.1.4 until 3.4.0, as used in Drupal, Backdrop CMS, and other products, mishandles `jQuery.extend(true, {}, ...)` because of `Object.prototype` pollution. If an unsanitized source object contained an enumerable `__proto__` property, it could extend the native `Object.prototype`.",
  "aliases": [
    "CVE-2019-11358",
    "SNYK-JS-JQUERY-174006"
  ],
  "modified": "2024-08-01T07:56:36.370133Z",
  "published": "2019-04-26T16:29:11Z",
  "database_specific": {
    "nvd_published_at": "2019-04-20T00:29:00Z",
    "cwe_ids": [
      "CWE-1321",
      "CWE-79"
    ],
    "severity": "MODERATE",
    "github_reviewed": true,
    "github_reviewed_at": "2019-04-26T16:28:41Z"
  },
  "references": [
    {
      "type": "ADVISORY",
      "url": "https://nvd.nist.gov/vuln/detail/CVE-2019-11358"
    },
    {
      "type": "WEB",
      "url": "https://github.com/jquery/jquery/pull/4333"
    },
    {
      "type": "WEB",
      "url": "https://github.com/jquery/jquery/commit/753d591aea698e57d6db58c9f722cd0808619b1b"
    },
    {
      "type": "WEB",
      "url": "https://github.com/django/django/commit/34ec52269ade54af31a021b12969913129571a3f"
    },
    {
      "type": "WEB",
      "url": "https://github.com/django/django/commit/95649bc08547a878cebfa1d019edec8cb1b80829"
    },
    {
      "type": "WEB",
      "url": "https://github.com/django/django/commit/baaf187a4e354bf3976c51e2c83a0d2f8ee6e6ad"
    },
    {
      "type": "WEB",
      "url": "https://lists.fedoraproject.org/archives/list/package-announce%40lists.fedoraproject.org/message/WZW27UCJ5CYFL4KFFFMYMIBNMIU2ALG5"
    },
    {
      "type": "WEB",
      "url": "https://lists.fedoraproject.org/archives/list/package-announce@lists.fedoraproject.org/message/4UOAZIFCSZ3ENEFOR5IXX6NFAD3HV7FA"
    },
    {
      "type": "WEB",
      "url": "https://lists.fedoraproject.org/archives/list/package-announce@lists.fedoraproject.org/message/5IABSKTYZ5JUGL735UKGXL5YPRYOPUYI"
    },
    {
      "type": "WEB",
      "url": "https://lists.fedoraproject.org/archives/list/package-announce@lists.fedoraproject.org/message/KYH3OAGR2RTCHRA5NOKX2TES7SNQMWGO"
    },
    {
      "type": "WEB",
      "url": "https://lists.fedoraproject.org/archives/list/package-announce@lists.fedoraproject.org/message/QV3PKZC3PQCO3273HAT76PAQZFBEO4KP"
    },
    {
      "type": "WEB",
      "url": "https://lists.fedoraproject.org/archives/list/package-announce@lists.fedoraproject.org/message/RLXRX23725JL366CNZGJZ7AQQB7LHQ6F"
    },
    {
      "type": "WEB",
      "url": "https://lists.fedoraproject.org/archives/list/package-announce@lists.fedoraproject.org/message/WZW27UCJ5CYFL4KFFFMYMIBNMIU2ALG5"
    },
    {
      "type": "WEB",
      "url": "https://seclists.org/bugtraq/2019/Apr/32"
    },
    {
      "type": "WEB",
      "url": "https://seclists.org/bugtraq/2019/Jun/12"
    },
    {
      "type": "WEB",
      "url": "https://seclists.org/bugtraq/2019/May/18"
    },
    {
      "type": "WEB",
      "url": "https://www.tenable.com/security/tns-2020-02"
    },
    {
      "type": "WEB",
      "url": "https://lists.fedoraproject.org/archives/list/package-announce%40lists.fedoraproject.org/message/RLXRX23725JL366CNZGJZ7AQQB7LHQ6F"
    },
    {
      "type": "WEB",
      "url": "https://lists.fedoraproject.org/archives/list/package-announce%40lists.fedoraproject.org/message/QV3PKZC3PQCO3273HAT76PAQZFBEO4KP"
    },
    {
      "type": "WEB",
      "url": "https://lists.fedoraproject.org/archives/list/package-announce%40lists.fedoraproject.org/message/KYH3OAGR2RTCHRA5NOKX2TES7SNQMWGO"
    },
    {
      "type": "WEB",
      "url": "https://lists.fedoraproject.org/archives/list/package-announce%40lists.fedoraproject.org/message/5IABSKTYZ5JUGL735UKGXL5YPRYOPUYI"
    },
    {
      "type": "WEB",
      "url": "https://lists.fedoraproject.org/archives/list/package-announce%40lists.fedoraproject.org/message/4UOAZIFCSZ3ENEFOR5IXX6NFAD3HV7FA"
    },
    {
      "type": "WEB",
      "url": "https://lists.debian.org/debian-lts-announce/2023/08/msg00040.html"
    },
    {
      "type": "WEB",
      "url": "https://lists.debian.org/debian-lts-announce/2020/02/msg00024.html"
    },
    {
      "type": "WEB",
      "url": "https://lists.debian.org/debian-lts-announce/2019/05/msg00029.html"
    },
    {
      "type": "WEB",
      "url": "https://lists.debian.org/debian-lts-announce/2019/05/msg00006.html"
    },
    {
      "type": "WEB",
      "url": "https://lists.apache.org/thread.html/rca37935d661f4689cb4119f1b3b224413b22be161b678e6e6ce0c69b@%3Ccommits.nifi.apache.org%3E"
    },
    {
      "type": "WEB",
      "url": "https://lists.apache.org/thread.html/rca37935d661f4689cb4119f1b3b224413b22be161b678e6e6ce0c69b%40%3Ccommits.nifi.apache.org%3E"
    },
    {
      "type": "WEB",
      "url": "https://lists.apache.org/thread.html/rac25da84ecdcd36f6de5ad0d255f4e967209bbbebddb285e231da37d@%3Cissues.flink.apache.org%3E"
    },
    {
      "type": "WEB",
      "url": "https://www.tenable.com/security/tns-2019-08"
    },
    {
      "type": "WEB",
      "url": "https://www.synology.com/security/advisory/Synology_SA_19_19"
    },
    {
      "type": "WEB",
      "url": "https://www.privacy-wise.com/mitigating-cve-2019-11358-in-old-versions-of-jquery"
    },
    {
      "type": "WEB",
      "url": "https://www.oracle.com/technetwork/security-advisory/cpuoct2019-5072832.html"
    },
    {
      "type": "WEB",
      "url": "https://www.oracle.com/technetwork/security-advisory/cpujul2019-5072835.html"
    },
    {
      "type": "WEB",
      "url": "https://www.oracle.com/security-alerts/cpuoct2021.html"
    },
    {
      "type": "WEB",
      "url": "https://www.oracle.com/security-alerts/cpuoct2020.html"
    },
    {
      "type": "WEB",
      "url": "https://www.oracle.com/security-alerts/cpujul2020.html"
    },
    {
      "type": "WEB",
      "url": "https://www.oracle.com/security-alerts/cpujan2022.html"
    },
    {
      "type": "WEB",
      "url": "https://www.oracle.com/security-alerts/cpujan2021.html"
    },
    {
      "type": "WEB",
      "url": "https://www.oracle.com/security-alerts/cpujan2020.html"
    },
    {
      "type": "WEB",
      "url": "https://www.oracle.com/security-alerts/cpuapr2020.html"
    },
    {
      "type": "WEB",
      "url": "https://www.oracle.com/security-alerts/cpuApr2021.html"
    },
    {
      "type": "WEB",
      "url": "https://www.oracle.com//security-alerts/cpujul2021.html"
    },
    {
      "type": "WEB",
      "url": "https://www.drupal.org/sa-core-2019-006"
    },
    {
      "type": "WEB",
      "url": "https://www.djangoproject.com/weblog/2019/jun/03/security-releases"
    },
    {
      "type": "WEB",
      "url": "https://www.debian.org/security/2019/dsa-4460"
    },
    {
      "type": "WEB",
      "url": "https://www.debian.org/security/2019/dsa-4434"
    },
    {
      "type": "WEB",
      "url": "https://web.archive.org/web/20190824065237/http://www.securityfocus.com/bid/108023"
    },
    {
      "type": "WEB",
      "url": "https://supportportal.juniper.net/s/article/2021-07-Security-Bulletin-Junos-OS-Multiple-J-Web-vulnerabilities-resolved-in-Junos-OS-21-2R1"
    },
    {
      "type": "WEB",
      "url": "https://snyk.io/vuln/SNYK-JS-JQUERY-174006"
    },
    {
      "type": "WEB",
      "url": "https://security.snyk.io/vuln/SNYK-DOTNET-JQUERY-450226"
    },
    {
      "type": "WEB",
      "url": "https://security.netapp.com/advisory/ntap-20190919-0001"
    },
    {
      "type": "WEB",
      "url": "https://lists.apache.org/thread.html/b0656d359c7d40ec9f39c8cc61bca66802ef9a2a12ee199f5b0c1442@%3Cdev.drill.apache.org%3E"
    },
    {
      "type": "WEB",
      "url": "https://lists.apache.org/thread.html/b0656d359c7d40ec9f39c8cc61bca66802ef9a2a12ee199f5b0c1442%40%3Cdev.drill.apache.org%3E"
    },
    {
      "type": "WEB",
      "url": "https://lists.apache.org/thread.html/88fb0362fd40e5b605ea8149f63241537b8b6fb5bfa315391fc5cbb7@%3Ccommits.airflow.apache.org%3E"
    },
    {
      "type": "WEB",
      "url": "https://lists.apache.org/thread.html/88fb0362fd40e5b605ea8149f63241537b8b6fb5bfa315391fc5cbb7%40%3Ccommits.airflow.apache.org%3E"
    },
    {
      "type": "WEB",
      "url": "https://lists.apache.org/thread.html/6097cdbd6f0a337bedd9bb5cc441b2d525ff002a96531de367e4259f@%3Ccommits.airflow.apache.org%3E"
    },
    {
      "type": "WEB",
      "url": "https://lists.apache.org/thread.html/6097cdbd6f0a337bedd9bb5cc441b2d525ff002a96531de367e4259f%40%3Ccommits.airflow.apache.org%3E"
    },
    {
      "type": "WEB",
      "url": "https://lists.apache.org/thread.html/5928aa293e39d248266472210c50f176cac1535220f2486e6a7fa844@%3Ccommits.airflow.apache.org%3E"
    },
    {
      "type": "WEB",
      "url": "https://lists.apache.org/thread.html/5928aa293e39d248266472210c50f176cac1535220f2486e6a7fa844%40%3Ccommits.airflow.apache.org%3E"
    },
    {
      "type": "WEB",
      "url": "https://lists.apache.org/thread.html/519eb0fd45642dcecd9ff74cb3e71c20a4753f7d82e2f07864b5108f@%3Cdev.drill.apache.org%3E"
    },
    {
      "type": "WEB",
      "url": "https://lists.apache.org/thread.html/519eb0fd45642dcecd9ff74cb3e71c20a4753f7d82e2f07864b5108f%40%3Cdev.drill.apache.org%3E"
    },
    {
      "type": "WEB",
      "url": "https://lists.apache.org/thread.html/08720ef215ee7ab3386c05a1a90a7d1c852bf0706f176a7816bf65fc@%3Ccommits.airflow.apache.org%3E"
    },
    {
      "type": "WEB",
      "url": "https://lists.apache.org/thread.html/08720ef215ee7ab3386c05a1a90a7d1c852bf0706f176a7816bf65fc%40%3Ccommits.airflow.apache.org%3E"
    },
    {
      "type": "WEB",
      "url": "https://kb.pulsesecure.net/articles/Pulse_Security_Advisories/SA44601"
    },
    {
      "type": "WEB",
      "url": "https://github.com/rubysec/ruby-advisory-db/blob/master/gems/jquery-rails/CVE-2019-11358.yml"
    },
    {
      "type": "WEB",
      "url": "https://github.com/rails/jquery-rails/blob/master/CHANGELOG.md#434"
    },
    {
      "type": "PACKAGE",
      "url": "https://github.com/jquery/jquery"
    },
    {
      "type": "WEB",
      "url": "https://blog.jquery.com/2019/04/10/jquery-3-4-0-released"
    },
    {
      "type": "WEB",
      "url": "https://backdropcms.org/security/backdrop-sa-core-2019-009"
    },
    {
      "type": "WEB",
      "url": "https://access.redhat.com/errata/RHSA-2019:3024"
    },
    {
      "type": "WEB",
      "url": "https://access.redhat.com/errata/RHSA-2019:3023"
    },
    {
      "type": "WEB",
      "url": "https://access.redhat.com/errata/RHSA-2019:2587"
    },
    {
      "type": "WEB",
      "url": "https://access.redhat.com/errata/RHSA-2019:1456"
    },
    {
      "type": "WEB",
      "url": "https://access.redhat.com/errata/RHBA-2019:1570"
    },
    {
      "type": "WEB",
      "url": "https://lists.apache.org/thread.html/rac25da84ecdcd36f6de5ad0d255f4e967209bbbebddb285e231da37d%40%3Cissues.flink.apache.org%3E"
    },
    {
      "type": "WEB",
      "url": "https://lists.apache.org/thread.html/r7e8ebccb7c022e41295f6fdb7b971209b83702339f872ddd8cf8bf73@%3Cissues.flink.apache.org%3E"
    },
    {
      "type": "WEB",
      "url": "https://lists.apache.org/thread.html/r7e8ebccb7c022e41295f6fdb7b971209b83702339f872ddd8cf8bf73%40%3Cissues.flink.apache.org%3E"
    },
    {
      "type": "WEB",
      "url": "https://lists.apache.org/thread.html/r7d64895cc4dff84d0becfc572b20c0e4bf9bfa7b10c6f5f73e783734@%3Cdev.storm.apache.org%3E"
    },
    {
      "type": "WEB",
      "url": "https://lists.apache.org/thread.html/r7d64895cc4dff84d0becfc572b20c0e4bf9bfa7b10c6f5f73e783734%40%3Cdev.storm.apache.org%3E"
    },
    {
      "type": "WEB",
      "url": "https://lists.apache.org/thread.html/r7aac081cbddb6baa24b75e74abf0929bf309b176755a53e3ed810355@%3Cdev.flink.apache.org%3E"
    },
    {
      "type": "WEB",
      "url": "https://lists.apache.org/thread.html/r7aac081cbddb6baa24b75e74abf0929bf309b176755a53e3ed810355%40%3Cdev.flink.apache.org%3E"
    },
    {
      "type": "WEB",
      "url": "https://lists.apache.org/thread.html/r41b5bfe009c845f67d4f68948cc9419ac2d62e287804aafd72892b08@%3Cissues.flink.apache.org%3E"
    },
    {
      "type": "WEB",
      "url": "https://lists.apache.org/thread.html/r41b5bfe009c845f67d4f68948cc9419ac2d62e287804aafd72892b08%40%3Cissues.flink.apache.org%3E"
    },
    {
      "type": "WEB",
      "url": "https://lists.apache.org/thread.html/r38f0d1aa3c923c22977fe7376508f030f22e22c1379fbb155bf29766@%3Cdev.syncope.apache.org%3E"
    },
    {
      "type": "WEB",
      "url": "https://lists.apache.org/thread.html/r38f0d1aa3c923c22977fe7376508f030f22e22c1379fbb155bf29766%40%3Cdev.syncope.apache.org%3E"
    },
    {
      "type": "WEB",
      "url": "https://lists.apache.org/thread.html/r2baacab6e0acb5a2092eb46ae04fd6c3e8277b4fd79b1ffb7f3254fa@%3Cissues.flink.apache.org%3E"
    },
    {
      "type": "WEB",
      "url": "https://lists.apache.org/thread.html/r2baacab6e0acb5a2092eb46ae04fd6c3e8277b4fd79b1ffb7f3254fa%40%3Cissues.flink.apache.org%3E"
    },
    {
      "type": "WEB",
      "url": "https://lists.apache.org/thread.html/r2041a75d3fc09dec55adfd95d598b38d22715303f65c997c054844c9@%3Cissues.flink.apache.org%3E"
    },
    {
      "type": "WEB",
      "url": "https://lists.apache.org/thread.html/r2041a75d3fc09dec55adfd95d598b38d22715303f65c997c054844c9%40%3Cissues.flink.apache.org%3E"
    },
    {
      "type": "WEB",
      "url": "https://lists.apache.org/thread.html/f9bc3e55f4e28d1dcd1a69aae6d53e609a758e34d2869b4d798e13cc@%3Cissues.drill.apache.org%3E"
    },
    {
      "type": "WEB",
      "url": "https://lists.apache.org/thread.html/f9bc3e55f4e28d1dcd1a69aae6d53e609a758e34d2869b4d798e13cc%40%3Cissues.drill.apache.org%3E"
    },
    {
      "type": "WEB",
      "url": "https://lists.apache.org/thread.html/bcce5a9c532b386c68dab2f6b3ce8b0cc9b950ec551766e76391caa3@%3Ccommits.nifi.apache.org%3E"
    },
    {
      "type": "WEB",
      "url": "https://lists.apache.org/thread.html/bcce5a9c532b386c68dab2f6b3ce8b0cc9b950ec551766e76391caa3%40%3Ccommits.nifi.apache.org%3E"
    },
    {
      "type": "WEB",
      "url": "https://lists.apache.org/thread.html/ba79cf1658741e9f146e4c59b50aee56656ea95d841d358d006c18b6@%3Ccommits.roller.apache.org%3E"
    },
    {
      "type": "WEB",
      "url": "https://lists.apache.org/thread.html/ba79cf1658741e9f146e4c59b50aee56656ea95d841d358d006c18b6%40%3Ccommits.roller.apache.org%3E"
    },
    {
      "type": "WEB",
      "url": "https://lists.apache.org/thread.html/b736d0784cf02f5a30fbb4c5902762a15ad6d47e17e2c5a17b7d6205@%3Ccommits.airflow.apache.org%3E"
    },
    {
      "type": "WEB",
      "url": "https://lists.apache.org/thread.html/b736d0784cf02f5a30fbb4c5902762a15ad6d47e17e2c5a17b7d6205%40%3Ccommits.airflow.apache.org%3E"
    },
    {
      "type": "WEB",
      "url": "http://lists.opensuse.org/opensuse-security-announce/2019-08/msg00006.html"
    },
    {
      "type": "WEB",
      "url": "http://lists.opensuse.org/opensuse-security-announce/2019-08/msg00025.html"
    },
    {
      "type": "WEB",
      "url": "http://packetstormsecurity.com/files/152787/dotCMS-5.1.1-Vulnerable-Dependencies.html"
    },
    {
      "type": "WEB",
      "url": "http://packetstormsecurity.com/files/153237/RetireJS-CORS-Issue-Script-Execution.html"
    },
    {
      "type": "WEB",
      "url": "http://packetstormsecurity.com/files/156743/OctoberCMS-Insecure-Dependencies.html"
    },
    {
      "type": "WEB",
      "url": "http://seclists.org/fulldisclosure/2019/May/10"
    },
    {
      "type": "WEB",
      "url": "http://seclists.org/fulldisclosure/2019/May/11"
    },
    {
      "type": "WEB",
      "url": "http://seclists.org/fulldisclosure/2019/May/13"
    },
    {
      "type": "WEB",
      "url": "http://www.openwall.com/lists/oss-security/2019/06/03/2"
    },
    {
      "type": "WEB",
      "url": "http://www.securityfocus.com/bid/108023"
    }
  ],
  "affected": [
    {
      "package": {
        "name": "jquery",
        "ecosystem": "npm",
        "purl": "pkg:npm/jquery"
      },
      "ranges": [
        {
          "type": "SEMVER",
          "events": [
            {
              "introduced": "1.1.4"
            },
            {
              "fixed": "3.4.0"
            }
          ]
        }
      ],
      "database_specific": {
        "source": "https://github.com/github/advisory-database/blob/main/advisories/github-reviewed/2019/04/GHSA-6c3j-c64m-qhgq/GHSA-6c3j-c64m-qhgq.json"
      }
    },
    {
      "package": {
        "name": "jquery-rails",
        "ecosystem": "RubyGems",
        "purl": "pkg:gem/jquery-rails"
      },
      "ranges": [
        {
          "type": "ECOSYSTEM",
          "events": [
            {
              "introduced": "0"
            },
            {
              "fixed": "4.3.4"
            }
          ]
        }
      ],
      "versions": [
        "0.1.1",
        "0.1.2",
        "0.1.3",
        "0.2",
        "0.2.1",
        "0.2.2",
        "0.2.3",
        "0.2.4",
        "0.2.5",
        "0.2.6",
        "0.2.7",
        "1.0",
        "1.0.1",
        "1.0.10",
        "1.0.11",
        "1.0.12",
        "1.0.13",
        "1.0.14",
        "1.0.15",
        "1.0.16",
        "1.0.17",
        "1.0.18",
        "1.0.19",
        "1.0.2",
        "1.0.3",
        "1.0.4",
        "1.0.5",
        "1.0.6",
        "1.0.7",
        "1.0.8",
        "1.0.9",
        "1.0.rc",
        "2.0.1",
        "2.0.2",
        "2.0.3",
        "2.1.0",
        "2.1.1",
        "2.1.2",
        "2.1.3",
        "2.1.4",
        "2.2.0",
        "2.2.1",
        "2.2.2",
        "2.3.0",
        "3.0.0",
        "3.0.1",
        "3.0.2",
        "3.0.3",
        "3.0.4",
        "3.1.0",
        "3.1.1",
        "3.1.2",
        "3.1.3",
        "3.1.4",
        "3.1.5",
        "4.0.0",
        "4.0.0.beta1",
        "4.0.0.beta2",
        "4.0.1",
        "4.0.2",
        "4.0.3",
        "4.0.4",
        "4.0.5",
        "4.1.0",
        "4.1.1",
        "4.2.0",
        "4.2.1",
        "4.2.2",
        "4.3.0",
        "4.3.1",
        "4.3.2",
        "4.3.3"
      ],
      "database_specific": {
        "source": "https://github.com/github/advisory-database/blob/main/advisories/github-reviewed/2019/04/GHSA-6c3j-c64m-qhgq/GHSA-6c3j-c64m-qhgq.json"
      }
    },
    {
      "package": {
        "name": "jQuery",
        "ecosystem": "NuGet",
        "purl": "pkg:nuget/jQuery"
      },
      "ranges": [
        {
          "type": "ECOSYSTEM",
          "events": [
            {
              "introduced": "1.1.4"
            },
            {
              "fixed": "3.4.0"
            }
          ]
        }
      ],
      "versions": [
        "1.10.0",
        "1.10.0.1",
        "1.10.1",
        "1.10.2",
        "1.11.0",
        "1.11.1",
        "1.11.2",
        "1.11.3",
        "1.12.0",
        "1.12.1",
        "1.12.2",
        "1.12.3",
        "1.12.4",
        "1.4.1",
        "1.4.2",
        "1.4.3",
        "1.4.4",
        "1.5.0",
        "1.5.1",
        "1.5.2",
        "1.6.0",
        "1.6.1",
        "1.6.2",
        "1.6.3",
        "1.6.4",
        "1.7.0",
        "1.7.1",
        "1.7.1.1",
        "1.7.2",
        "1.8.0",
        "1.8.1",
        "1.8.2",
        "1.8.3",
        "1.9.0",
        "1.9.1",
        "2.0.0",
        "2.0.1",
        "2.0.1.1",
        "2.0.2",
        "2.0.3",
        "2.1.0",
        "2.1.1",
        "2.1.2",
        "2.1.3",
        "2.1.4",
        "2.2.0",
        "2.2.1",
        "2.2.2",
        "2.2.3",
        "2.2.4",
        "3.0.0",
        "3.0.0.1",
        "3.1.0",
        "3.1.1",
        "3.2.1",
        "3.3.1"
      ],
      "database_specific": {
        "source": "https://github.com/github/advisory-database/blob/main/advisories/github-reviewed/2019/04/GHSA-6c3j-c64m-qhgq/GHSA-6c3j-c64m-qhgq.json"
      }
    },
    {
      "package": {
        "name": "django",
        "ecosystem": "PyPI",
        "purl": "pkg:pypi/django"
      },
      "ranges": [
        {
          "type": "ECOSYSTEM",
          "events": [
            {
              "introduced": "2.0a1"
            },
            {
              "fixed": "2.1.9"
            }
          ]
        }
      ],
      "versions": [
        "2.0",
        "2.0.1",
        "2.0.10",
        "2.0.12",
        "2.0.13",
        "2.0.2",
        "2.0.3",
        "2.0.4",
        "2.0.5",
        "2.0.6",
        "2.0.7",
        "2.0.8",
        "2.0.9",
        "2.0a1",
        "2.0b1",
        "2.0rc1",
        "2.1",
        "2.1.1",
        "2.1.2",
        "2.1.3",
        "2.1.4",
        "2.1.5",
        "2.1.7",
        "2.1.8",
        "2.1a1",
        "2.1b1",
        "2.1rc1"
      ],
      "database_specific": {
        "source": "https://github.com/github/advisory-database/blob/main/advisories/github-reviewed/2019/04/GHSA-6c3j-c64m-qhgq/GHSA-6c3j-c64m-qhgq.json"
      }
    },
    {
      "package": {
        "name": "django",
        "ecosystem": "PyPI",
        "purl": "pkg:pypi/django"
      },
      "ranges": [
        {
          "type": "ECOSYSTEM",
          "events": [
            {
              "introduced": "2.2a1"
            },
            {
              "fixed": "2.2.2"
            }
          ]
        }
      ],
      "versions": [
        "2.2",
        "2.2.1",
        "2.2a1",
        "2.2b1",
        "2.2rc1"
      ],
      "database_specific": {
        "source": "https://github.com/github/advisory-database/blob/main/advisories/github-reviewed/2019/04/GHSA-6c3j-c64m-qhgq/GHSA-6c3j-c64m-qhgq.json"
      }
    },
    {
      "package": {
        "name": "org.webjars.npm:jquery",
        "ecosystem": "Maven",
        "purl": "pkg:maven/org.webjars.npm/jquery"
      },
      "ranges": [
        {
          "type": "ECOSYSTEM",
          "events": [
            {
              "introduced": "1.1.4"
            },
            {
              "fixed": "3.4.0"
            }
          ]
        }
      ],
      "versions": [
        "1.11.0",
        "1.11.1",
        "1.11.3",
        "1.12.1",
        "1.12.2",
        "1.12.3",
        "1.12.4",
        "1.7.2",
        "1.7.3",
        "1.8.2",
        "1.8.3",
        "1.9.1",
        "2.1.0",
        "2.1.1",
        "2.1.1-rc1",
        "2.1.1-rc2",
        "2.1.3",
        "2.1.4",
        "2.2.0",
        "2.2.1",
        "2.2.2",
        "2.2.3",
        "2.2.4",
        "3.0.0",
        "3.0.0-alpha1",
        "3.0.0-beta1",
        "3.0.0-rc1",
        "3.1.0",
        "3.1.1",
        "3.2.0",
        "3.2.1",
        "3.3.0",
        "3.3.1"
      ],
      "database_specific": {
        "source": "https://github.com/github/advisory-database/blob/main/advisories/github-reviewed/2019/04/GHSA-6c3j-c64m-qhgq/GHSA-6c3j-c64m-qhgq.json"
      }
    }
  ],
  "schema_version": "1.6.0",
  "severity": [
    {
      "type": "CVSS_V3",
      "score": "CVSS:3.1/AV:N/AC:L/PR:N/UI:R/S:C/C:L/I:L/A:N"
    }
  ]
}