{
  "id": "GHSA-m5vv-6r4h-3vj9",
  "summary": "Azure Identity Libraries and Microsoft Authentication Library Elevation of Privilege Vulnerability",
  "details": "Azure Identity Libraries and Microsoft Authentication Library Elevation of Privilege Vulnerability.",
  "aliases": [
    "CVE-2024-35255",
    "GO-2024-2918"
  ],
  "modified": "2024-07-15T22:27:04.667309Z",
  "published": "2024-06-11T18:30:50Z",
  "related": [
    "CGA-22v2-fxwf-9fr6",
    "CGA-239r-c5f9-fpfj",
    "CGA-23qm-339g-q5rq",
    "CGA-24w3-c8cq-57qw",
    "CGA-2692-hcq7-xjm8",
    "CGA-28v8-7f8r-m9ww",
    "CGA-295j-75j3-84vw",
    "CGA-2cm4-vpc6-pv3j",
    "CGA-2jpc-9pc4-35x9",
    "CGA-2p8f-mv2m-8p2g",
    "CGA-2q47-7rqc-rvpr",
    "CGA-2r8r-8pf9-93p6",
    "CGA-2whj-v58w-p3cw",
    "CGA-33cm-cxfp-hq9x",
    "CGA-35qq-v4x7-g8hr",
    "CGA-3gfh-xg79-64rx",
    "CGA-3hgh-xw5g-q968",
    "CGA-3mg9-gppp-p5xg",
    "CGA-42mp-vp7j-m293",
    "CGA-46jv-359v-37c2",
    "CGA-48qh-3cmx-x3q7",
    "CGA-4c8h-55mj-27g9",
    "CGA-4cp8-v8x9-xf65",
    "CGA-4g9m-vv8j-hw69",
    "CGA-4gf6-v2x3-r55p",
    "CGA-4hfg-7vmx-9jvw",
    "CGA-4q6g-7c97-xpcc",
    "CGA-525c-q846-rphh",
    "CGA-562h-vqjm-ghfg",
    "CGA-56xw-wjg8-j46r",
    "CGA-5f2c-7cjw-vfxg",
    "CGA-5hj9-rjqf-qcxc",
    "CGA-5ppx-hc8c-fq3g",
    "CGA-5qxp-943m-6pf3",
    "CGA-5rw9-rrmv-pmfr",
    "CGA-5xwc-hffc-phx4",
    "CGA-63vw-p545-47gm",
    "CGA-67hg-88j4-hpq8",
    "CGA-6ppc-7w2f-hw86",
    "CGA-6w2h-93jf-xf67",
    "CGA-73qv-xhj6-j54c",
    "CGA-7c7g-h9fv-q8j3",
    "CGA-7f7r-5pp2-5g35",
    "CGA-7g64-4rrc-2xmx",
    "CGA-7qrr-xjp6-fjxm",
    "CGA-84mf-6w7v-xpm3",
    "CGA-87rr-22r2-g8x6",
    "CGA-8mj5-qc52-76qf",
    "CGA-8qw6-v3xw-qphj",
    "CGA-8x4m-9598-h9g4",
    "CGA-8xqf-2j7q-9gjw",
    "CGA-925c-qrgr-37xp",
    "CGA-94wr-fc7q-9496",
    "CGA-96hr-8566-xc9j",
    "CGA-98x5-2cwf-6r85",
    "CGA-99j2-2p96-3v6m",
    "CGA-9mpm-96vr-8v53",
    "CGA-9q5x-f9q6-j52q",
    "CGA-9qh2-h2gh-qp89",
    "CGA-9qwr-q2wh-qfvf",
    "CGA-9x78-w7v8-whxf",
    "CGA-c7cv-4x3g-mg7h",
    "CGA-c8q8-c29m-7vmq",
    "CGA-f2q2-cx8f-c86p",
    "CGA-f42v-9vqh-cg28",
    "CGA-f697-72xm-6h8m",
    "CGA-f7gg-hgq4-hpf4",
    "CGA-f87j-mwwr-p28x",
    "CGA-fcv3-88m9-wp7j",
    "CGA-ff6m-2686-9x3m",
    "CGA-frrf-2vc3-mfr3",
    "CGA-g7v9-vhpv-q43g",
    "CGA-g9xv-mrf3-2jx9",
    "CGA-h77w-v467-3cxg",
    "CGA-h92v-4jxh-fr55",
    "CGA-h96h-jwq9-2843",
    "CGA-h97j-j3cx-2f23",
    "CGA-hfq8-fhqg-qhqx",
    "CGA-hjwx-8794-hj5w",
    "CGA-hqvj-7964-g4jg",
    "CGA-hvcv-mvpr-vc77",
    "CGA-j3pv-xcfg-x4gc",
    "CGA-jq77-vh5j-x3gh",
    "CGA-m5m3-54c5-23rr",
    "CGA-mc8m-44p5-273h",
    "CGA-mf3v-prm8-j3gq",
    "CGA-mg58-x2gv-pr6r",
    "CGA-mhr5-mm59-g9v8",
    "CGA-mpvw-q85f-chh9",
    "CGA-mwp3-p76c-m3qq",
    "CGA-p3w2-7jg8-hqrq",
    "CGA-p5hj-4w5m-gvwp",
    "CGA-p95p-m854-8783",
    "CGA-p9mr-h84j-x2p6",
    "CGA-pgfm-3gq9-vjmg",
    "CGA-pvqw-fpfq-xh69",
    "CGA-q5w3-f5vm-g9m3",
    "CGA-q643-mc95-9f4f",
    "CGA-q662-93cq-rqr3",
    "CGA-q6c6-rcxj-5fmh",
    "CGA-q97p-h56j-m4fv",
    "CGA-qv5p-9m82-733m",
    "CGA-r82q-hw76-gmrc",
    "CGA-r84x-fv23-6q9m",
    "CGA-rgv3-wg25-j59v",
    "CGA-rm3q-73jc-4q9m",
    "CGA-rq8w-587r-f9pm",
    "CGA-rqxq-m4c2-x9ph",
    "CGA-v3cj-jgcv-jmhw",
    "CGA-v6vj-gm26-7r8p",
    "CGA-vfm9-cgcj-prvp",
    "CGA-vhj2-vrq8-mm67",
    "CGA-vw5v-7qhc-9gg5",
    "CGA-vw6g-89v3-x8pv",
    "CGA-w34q-7mx6-527r",
    "CGA-w6v8-wcmv-cfjx",
    "CGA-wcmr-gjcv-ccpm",
    "CGA-wqxh-m97h-j5f6",
    "CGA-wwww-fc3r-f74g",
    "CGA-wx3h-6vhc-mqpv",
    "CGA-x3fq-g96j-xmjq",
    "CGA-x6c3-p37f-phhf",
    "CGA-x8q8-gpj4-r44c",
    "CGA-xcg6-jg76-p7wq",
    "CGA-xcmv-3hxx-7m2v",
    "CGA-xj36-3hv3-chh7",
    "CGA-xj6j-5vv8-pjv3",
    "CGA-xvjv-2jwr-6897",
    "CGA-xvp5-g73c-c5j4"
  ],
  "database_specific": {
    "nvd_published_at": "2024-06-11T17:16:03Z",
    "cwe_ids": [
      "CWE-362"
    ],
    "severity": "MODERATE",
    "github_reviewed": true,
    "github_reviewed_at": "2024-06-11T19:57:01Z"
  },
  "references": [
    {
      "type": "ADVISORY",
      "url": "https://nvd.nist.gov/vuln/detail/CVE-2024-35255"
    },
    {
      "type": "WEB",
      "url": "https://github.com/AzureAD/microsoft-authentication-library-for-dotnet/issues/4806#issuecomment-2178960340"
    },
    {
      "type": "WEB",
      "url": "https://github.com/Azure/azure-sdk-for-go/commit/50774cd9709905523136fb05e8c85a50e8984499"
    },
    {
      "type": "WEB",
      "url": "https://github.com/Azure/azure-sdk-for-java/commit/5bf020d6ea056de40e2738e3647a4e06f902c18d"
    },
    {
      "type": "WEB",
      "url": "https://github.com/Azure/azure-sdk-for-js/commit/c6aa75d312ae463e744163cedfd8fc480cc8d492"
    },
    {
      "type": "WEB",
      "url": "https://github.com/Azure/azure-sdk-for-net/commit/9279a4f38bf69b457cfb9b354f210e0a540a5c53"
    },
    {
      "type": "WEB",
      "url": "https://github.com/Azure/azure-sdk-for-python/commit/cb065acd7d0f957327dc4f02d1646d4e51a94178"
    },
    {
      "type": "WEB",
      "url": "https://msrc.microsoft.com/update-guide/vulnerability/CVE-2024-35255"
    }
  ],
  "affected": [
    {
      "package": {
        "name": "azure-identity",
        "ecosystem": "PyPI",
        "purl": "pkg:pypi/azure-identity"
      },
      "ranges": [
        {
          "type": "ECOSYSTEM",
          "events": [
            {
              "introduced": "0"
            },
            {
              "fixed": "1.16.1"
            }
          ]
        }
      ],
      "versions": [
        "1.0.0",
        "1.0.0b1",
        "1.0.0b2",
        "1.0.0b3",
        "1.0.0b4",
        "1.0.1",
        "1.1.0",
        "1.10.0",
        "1.10.0b1",
        "1.11.0",
        "1.11.0b1",
        "1.11.0b2",
        "1.11.0b3",
        "1.12.0",
        "1.12.0b1",
        "1.12.0b2",
        "1.13.0",
        "1.13.0b1",
        "1.13.0b2",
        "1.13.0b3",
        "1.13.0b4",
        "1.14.0",
        "1.14.0b1",
        "1.14.0b2",
        "1.14.1",
        "1.15.0",
        "1.15.0b1",
        "1.15.0b2",
        "1.16.0",
        "1.16.0b1",
        "1.16.0b2",
        "1.2.0",
        "1.3.0",
        "1.3.1",
        "1.4.0",
        "1.4.0b1",
        "1.4.0b2",
        "1.4.0b3",
        "1.4.0b4",
        "1.4.0b5",
        "1.4.0b6",
        "1.4.0b7",
        "1.4.1",
        "1.5.0",
        "1.5.0b1",
        "1.5.0b2",
        "1.6.0",
        "1.6.0b1",
        "1.6.0b2",
        "1.6.0b3",
        "1.6.1",
        "1.7.0",
        "1.7.0b1",
        "1.7.0b2",
        "1.7.0b3",
        "1.7.0b4",
        "1.7.1",
        "1.8.0",
        "1.8.0b1",
        "1.9.0",
        "1.9.0b1"
      ],
      "database_specific": {
        "source": "https://github.com/github/advisory-database/blob/main/advisories/github-reviewed/2024/06/GHSA-m5vv-6r4h-3vj9/GHSA-m5vv-6r4h-3vj9.json"
      }
    },
    {
      "package": {
        "name": "@azure/identity",
        "ecosystem": "npm",
        "purl": "pkg:npm/%40azure/identity"
      },
      "ranges": [
        {
          "type": "SEMVER",
          "events": [
            {
              "introduced": "0"
            },
            {
              "fixed": "4.2.1"
            }
          ]
        }
      ],
      "database_specific": {
        "source": "https://github.com/github/advisory-database/blob/main/advisories/github-reviewed/2024/06/GHSA-m5vv-6r4h-3vj9/GHSA-m5vv-6r4h-3vj9.json"
      }
    },
    {
      "package": {
        "name": "com.azure:azure-identity",
        "ecosystem": "Maven",
        "purl": "pkg:maven/com.azure/azure-identity"
      },
      "ranges": [
        {
          "type": "ECOSYSTEM",
          "events": [
            {
              "introduced": "0"
            },
            {
              "fixed": "1.12.2"
            }
          ]
        }
      ],
      "versions": [
        "1.0.0",
        "1.0.0-preview.1",
        "1.0.0-preview.2",
        "1.0.0-preview.3",
        "1.0.0-preview.4",
        "1.0.0-preview.5",
        "1.0.1",
        "1.0.2",
        "1.0.3",
        "1.0.4",
        "1.0.5",
        "1.0.6",
        "1.0.7",
        "1.0.8",
        "1.0.9",
        "1.1.0",
        "1.1.0-beta.1",
        "1.1.0-beta.2",
        "1.1.0-beta.3",
        "1.1.0-beta.4",
        "1.1.0-beta.5",
        "1.1.0-beta.6",
        "1.1.0-beta.7",
        "1.1.1",
        "1.1.2",
        "1.1.3",
        "1.10.0",
        "1.10.0-beta.1",
        "1.10.1",
        "1.10.2",
        "1.10.3",
        "1.10.4",
        "1.11.0",
        "1.11.0-beta.1",
        "1.11.0-beta.2",
        "1.11.1",
        "1.11.2",
        "1.11.3",
        "1.11.4",
        "1.12.0",
        "1.12.0-beta.1",
        "1.12.1",
        "1.2.0",
        "1.2.0-beta.1",
        "1.2.0-beta.2",
        "1.2.1",
        "1.2.2",
        "1.2.3",
        "1.2.4",
        "1.2.5",
        "1.3.0",
        "1.3.0-beta.1",
        "1.3.0-beta.2",
        "1.3.1",
        "1.3.2",
        "1.3.3",
        "1.3.4",
        "1.3.5",
        "1.3.6",
        "1.3.7",
        "1.4.0",
        "1.4.0-beta.1",
        "1.4.1",
        "1.4.2",
        "1.4.3",
        "1.4.4",
        "1.4.5",
        "1.4.6",
        "1.5.0",
        "1.5.0-beta.1",
        "1.5.0-beta.2",
        "1.5.1",
        "1.5.2",
        "1.5.3",
        "1.5.4",
        "1.5.5",
        "1.6.0",
        "1.6.0-beta.1",
        "1.6.1",
        "1.7.0",
        "1.7.0-beta.1",
        "1.7.0-beta.2",
        "1.7.1",
        "1.7.2",
        "1.7.3",
        "1.8.0",
        "1.8.0-beta.1",
        "1.8.1",
        "1.8.2",
        "1.8.3",
        "1.9.0",
        "1.9.0-beta.1",
        "1.9.0-beta.2",
        "1.9.0-beta.3",
        "1.9.1",
        "1.9.2"
      ],
      "database_specific": {
        "source": "https://github.com/github/advisory-database/blob/main/advisories/github-reviewed/2024/06/GHSA-m5vv-6r4h-3vj9/GHSA-m5vv-6r4h-3vj9.json"
      }
    },
    {
      "package": {
        "name": "@azure/msal-node",
        "ecosystem": "npm",
        "purl": "pkg:npm/%40azure/msal-node"
      },
      "ranges": [
        {
          "type": "SEMVER",
          "events": [
            {
              "introduced": "2.7.0"
            },
            {
              "fixed": "2.9.2"
            }
          ]
        }
      ],
      "database_specific": {
        "source": "https://github.com/github/advisory-database/blob/main/advisories/github-reviewed/2024/06/GHSA-m5vv-6r4h-3vj9/GHSA-m5vv-6r4h-3vj9.json"
      }
    },
    {
      "package": {
        "name": "Microsoft.Identity.Client",
        "ecosystem": "NuGet",
        "purl": "pkg:nuget/Microsoft.Identity.Client"
      },
      "ranges": [
        {
          "type": "ECOSYSTEM",
          "events": [
            {
              "introduced": "4.49.1"
            },
            {
              "fixed": "4.60.4"
            }
          ]
        }
      ],
      "versions": [
        "4.49.1",
        "4.50.0",
        "4.51.0",
        "4.52.0",
        "4.53.0",
        "4.54.0",
        "4.54.1",
        "4.55.0",
        "4.55.0-TestPackage",
        "4.56.0",
        "4.57.0",
        "4.58.0",
        "4.58.1",
        "4.59.0",
        "4.59.1",
        "4.60.0",
        "4.60.0-netonly",
        "4.60.1",
        "4.60.2",
        "4.60.3"
      ],
      "database_specific": {
        "source": "https://github.com/github/advisory-database/blob/main/advisories/github-reviewed/2024/06/GHSA-m5vv-6r4h-3vj9/GHSA-m5vv-6r4h-3vj9.json"
      }
    },
    {
      "package": {
        "name": "github.com/Azure/azure-sdk-for-go/sdk/azidentity",
        "ecosystem": "Go",
        "purl": "pkg:golang/github.com/Azure/azure-sdk-for-go/sdk/azidentity"
      },
      "ranges": [
        {
          "type": "SEMVER",
          "events": [
            {
              "introduced": "0"
            },
            {
              "fixed": "1.6.0"
            }
          ]
        }
      ],
      "database_specific": {
        "source": "https://github.com/github/advisory-database/blob/main/advisories/github-reviewed/2024/06/GHSA-m5vv-6r4h-3vj9/GHSA-m5vv-6r4h-3vj9.json"
      }
    },
    {
      "package": {
        "name": "com.microsoft.azure:msal4j",
        "ecosystem": "Maven",
        "purl": "pkg:maven/com.microsoft.azure/msal4j"
      },
      "ranges": [
        {
          "type": "ECOSYSTEM",
          "events": [
            {
              "introduced": "1.14.4-beta"
            },
            {
              "fixed": "1.15.1"
            }
          ]
        }
      ],
      "versions": [
        "1.14.4-beta",
        "1.15.0"
      ],
      "database_specific": {
        "source": "https://github.com/github/advisory-database/blob/main/advisories/github-reviewed/2024/06/GHSA-m5vv-6r4h-3vj9/GHSA-m5vv-6r4h-3vj9.json"
      }
    },
    {
      "package": {
        "name": "Azure.Identity",
        "ecosystem": "NuGet",
        "purl": "pkg:nuget/Azure.Identity"
      },
      "ranges": [
        {
          "type": "ECOSYSTEM",
          "events": [
            {
              "introduced": "0"
            },
            {
              "fixed": "1.11.4"
            }
          ]
        }
      ],
      "versions": [
        "1.0.0",
        "1.1.0",
        "1.1.1",
        "1.10.0",
        "1.10.1",
        "1.10.2",
        "1.10.3",
        "1.10.4",
        "1.11.0",
        "1.11.1",
        "1.11.2",
        "1.11.3",
        "1.2.0",
        "1.2.1",
        "1.2.2",
        "1.2.3",
        "1.3.0",
        "1.4.0",
        "1.4.1",
        "1.5.0",
        "1.6.0",
        "1.6.1",
        "1.7.0",
        "1.8.0",
        "1.8.1",
        "1.8.2",
        "1.9.0"
      ],
      "database_specific": {
        "source": "https://github.com/github/advisory-database/blob/main/advisories/github-reviewed/2024/06/GHSA-m5vv-6r4h-3vj9/GHSA-m5vv-6r4h-3vj9.json"
      }
    },
    {
      "package": {
        "name": "Microsoft.Identity.Client",
        "ecosystem": "NuGet",
        "purl": "pkg:nuget/Microsoft.Identity.Client"
      },
      "ranges": [
        {
          "type": "ECOSYSTEM",
          "events": [
            {
              "introduced": "4.61.0"
            },
            {
              "fixed": "4.61.3"
            }
          ]
        }
      ],
      "versions": [
        "4.61.0",
        "4.61.1",
        "4.61.2"
      ],
      "database_specific": {
        "source": "https://github.com/github/advisory-database/blob/main/advisories/github-reviewed/2024/06/GHSA-m5vv-6r4h-3vj9/GHSA-m5vv-6r4h-3vj9.json"
      }
    }
  ],
  "schema_version": "1.6.0",
  "severity": [
    {
      "type": "CVSS_V3",
      "score": "CVSS:3.1/AV:L/AC:L/PR:L/UI:N/S:U/C:H/I:N/A:N"
    },
    {
      "type": "CVSS_V4",
      "score": "CVSS:4.0/AV:L/AC:L/AT:N/PR:L/UI:N/VC:H/VI:N/VA:N/SC:N/SI:N/SA:N"
    }
  ]
}