{
  "id": "GHSA-5c66-x4wm-rjfx",
  "summary": "Cross-site scripting (XSS) vulnerability in the user-profile biography section in DotNetNuke (DNN)",
  "details": "Cross-site scripting (XSS) vulnerability in the user-profile biography section in DotNetNuke (DNN) before 8.0.1 allows remote authenticated users to inject arbitrary web script or HTML via a crafted onclick attribute in an IMG element.",
  "aliases": [
    "CVE-2016-7119"
  ],
  "modified": "2023-11-08T03:58:34.501654Z",
  "published": "2018-10-16T19:34:10Z",
  "database_specific": {
    "nvd_published_at": null,
    "github_reviewed_at": "2020-06-16T21:00:25Z",
    "severity": "MODERATE",
    "github_reviewed": true,
    "cwe_ids": [
      "CWE-79"
    ]
  },
  "references": [
    {
      "type": "ADVISORY",
      "url": "https://nvd.nist.gov/vuln/detail/CVE-2016-7119"
    },
    {
      "type": "ADVISORY",
      "url": "https://github.com/advisories/GHSA-5c66-x4wm-rjfx"
    },
    {
      "type": "WEB",
      "url": "http://www.dnnsoftware.com/community/security/security-center"
    },
    {
      "type": "WEB",
      "url": "http://www.securityfocus.com/bid/92719"
    }
  ],
  "affected": [
    {
      "package": {
        "name": "DotNetNuke.Core",
        "ecosystem": "NuGet",
        "purl": "pkg:nuget/DotNetNuke.Core"
      },
      "ranges": [
        {
          "type": "ECOSYSTEM",
          "events": [
            {
              "introduced": "0"
            },
            {
              "fixed": "8.0.1"
            }
          ]
        }
      ],
      "versions": [
        "6.0.0",
        "7.0.0",
        "7.0.6.121",
        "7.1.0",
        "7.1.2",
        "7.2.0.613",
        "7.3.0.499",
        "7.3.1.20",
        "7.4.0.353",
        "7.4.1.280",
        "7.4.2.216",
        "8.0.0.809"
      ],
      "database_specific": {
        "source": "https://github.com/github/advisory-database/blob/main/advisories/github-reviewed/2018/10/GHSA-5c66-x4wm-rjfx/GHSA-5c66-x4wm-rjfx.json"
      }
    }
  ],
  "schema_version": "1.6.0",
  "severity": [
    {
      "type": "CVSS_V3",
      "score": "CVSS:3.0/AV:N/AC:L/PR:L/UI:R/S:C/C:L/I:L/A:N"
    }
  ]
}