{
  "id": "GHSA-h6m7-jphx-f9p5",
  "summary": "ChakraCore information disclosure vulnerability",
  "details": "Microsoft Edge in Microsoft Windows 10 1703 allows an attacker to obtain information to further compromise the user's system due to the Chakra scripting engine not properly handling objects in memory, aka \"Scripting Engine Information Disclosure Vulnerability\".",
  "aliases": [
    "CVE-2017-8659"
  ],
  "modified": "2024-02-16T08:19:20.066339Z",
  "published": "2022-05-17T02:13:52Z",
  "database_specific": {
    "nvd_published_at": "2017-08-08T21:29:00Z",
    "cwe_ids": [
      "CWE-200"
    ],
    "severity": "MODERATE",
    "github_reviewed": true,
    "github_reviewed_at": "2023-07-27T21:32:55Z"
  },
  "references": [
    {
      "type": "ADVISORY",
      "url": "https://nvd.nist.gov/vuln/detail/CVE-2017-8659"
    },
    {
      "type": "WEB",
      "url": "https://github.com/chakra-core/ChakraCore/pull/3509"
    },
    {
      "type": "WEB",
      "url": "https://github.com/chakra-core/ChakraCore/commit/2500e1cdc12cb35af73d5c8c9b85656aba6bab4d"
    },
    {
      "type": "PACKAGE",
      "url": "https://github.com/chakra-core/ChakraCore"
    },
    {
      "type": "WEB",
      "url": "https://portal.msrc.microsoft.com/en-US/security-guidance/advisory/CVE-2017-8659"
    },
    {
      "type": "WEB",
      "url": "https://web.archive.org/web/20210612224703/http://www.securityfocus.com/bid/100029"
    },
    {
      "type": "WEB",
      "url": "https://web.archive.org/web/20211127144809/http://www.securitytracker.com/id/1039095"
    }
  ],
  "affected": [
    {
      "package": {
        "name": "Microsoft.ChakraCore",
        "ecosystem": "NuGet",
        "purl": "pkg:nuget/Microsoft.ChakraCore"
      },
      "ranges": [
        {
          "type": "ECOSYSTEM",
          "events": [
            {
              "introduced": "0"
            },
            {
              "fixed": "1.6.1"
            }
          ]
        }
      ],
      "versions": [
        "1.2.0",
        "1.2.1",
        "1.2.2",
        "1.2.3",
        "1.2.6.62716-preview",
        "1.3.0",
        "1.3.1",
        "1.3.2",
        "1.4.0",
        "1.4.1",
        "1.4.2",
        "1.4.3",
        "1.4.4",
        "1.4.5",
        "1.5.0",
        "1.5.1",
        "1.5.2",
        "1.5.3",
        "1.6.0"
      ],
      "database_specific": {
        "source": "https://github.com/github/advisory-database/blob/main/advisories/github-reviewed/2022/05/GHSA-h6m7-jphx-f9p5/GHSA-h6m7-jphx-f9p5.json"
      }
    }
  ],
  "schema_version": "1.6.0",
  "severity": [
    {
      "type": "CVSS_V3",
      "score": "CVSS:3.0/AV:N/AC:L/PR:N/UI:R/S:U/C:L/I:N/A:N"
    }
  ]
}