{
  "id": "GHSA-mj5w-w588-j6xg",
  "summary": "Use of Hard-coded Credentials in AgileConfig.Client",
  "details": "Hardcoded JWT Secret in AgileConfig <1.6.8 Server allows remote attackers to use the generated JWT token to gain administrator access.",
  "aliases": [
    "CVE-2022-35540"
  ],
  "modified": "2023-11-08T04:09:51.086306Z",
  "published": "2022-08-19T00:00:16Z",
  "database_specific": {
    "nvd_published_at": "2022-08-18T23:15:00Z",
    "github_reviewed_at": "2022-08-30T20:19:47Z",
    "severity": "CRITICAL",
    "github_reviewed": true,
    "cwe_ids": [
      "CWE-798"
    ]
  },
  "references": [
    {
      "type": "ADVISORY",
      "url": "https://nvd.nist.gov/vuln/detail/CVE-2022-35540"
    },
    {
      "type": "WEB",
      "url": "https://github.com/dotnetcore/AgileConfig/issues/91"
    },
    {
      "type": "PACKAGE",
      "url": "https://github.com/dotnetcore/AgileConfig"
    }
  ],
  "affected": [
    {
      "package": {
        "name": "AgileConfig.Client",
        "ecosystem": "NuGet",
        "purl": "pkg:nuget/AgileConfig.Client"
      },
      "ranges": [
        {
          "type": "ECOSYSTEM",
          "events": [
            {
              "introduced": "0"
            },
            {
              "fixed": "1.6.8"
            }
          ]
        }
      ],
      "versions": [
        "1.0.0",
        "1.0.1",
        "1.0.10",
        "1.0.11",
        "1.0.2",
        "1.0.3",
        "1.0.4",
        "1.0.5",
        "1.0.6",
        "1.0.7",
        "1.0.8",
        "1.0.9",
        "1.1.0",
        "1.1.1",
        "1.1.2",
        "1.1.3",
        "1.1.4",
        "1.1.5",
        "1.1.6",
        "1.1.7",
        "1.1.8",
        "1.1.8.1",
        "1.1.8.10",
        "1.1.8.11",
        "1.1.8.2",
        "1.1.8.3",
        "1.1.8.4",
        "1.1.8.5",
        "1.1.8.6",
        "1.1.8.7",
        "1.1.8.8",
        "1.1.8.9",
        "1.1.9",
        "1.2.0",
        "1.2.1",
        "1.2.1.1",
        "1.2.1.10",
        "1.2.1.2",
        "1.2.1.3",
        "1.2.1.4",
        "1.2.1.5",
        "1.2.1.6",
        "1.2.1.7",
        "1.2.1.8",
        "1.2.1.9",
        "1.6.0",
        "1.6.0-preview",
        "1.6.1",
        "1.6.2",
        "1.6.2.1",
        "1.6.2.2"
      ],
      "database_specific": {
        "source": "https://github.com/github/advisory-database/blob/main/advisories/github-reviewed/2022/08/GHSA-mj5w-w588-j6xg/GHSA-mj5w-w588-j6xg.json"
      }
    }
  ],
  "schema_version": "1.6.0",
  "severity": [
    {
      "type": "CVSS_V3",
      "score": "CVSS:3.1/AV:N/AC:L/PR:N/UI:N/S:U/C:H/I:H/A:H"
    }
  ]
}