{
  "id": "GHSA-c3h4-9gc2-f7h4",
  "summary": "tgstation-server's DreamMaker environment files outside the deployment directory can be compiled and ran by insufficiently permissioned users",
  "details": "### Impact\n_What kind of vulnerability is it? Who is impacted?_\n\nLow permission users using the \"Set .dme Path\" privilege could potentially set malicious .dme files existing on the host machine to be compiled and executed. \n\nThese .dme files could be uploaded via tgstation-server (requiring a separate, isolated privilege) or some other means.\n\nA server configured to execute in BYOND's trusted security level (requiring a third separate, isolated privilege OR being set by another user) could lead to this escalating into remote code execution via BYOND's shell() proc.\n\nThe ability to execute this kind of attack is a known side effect of having privileged TGS users, but normally requires multiple privileges with known weaknesses. This vector is not intentional as it does not require control over the where deployment code is sourced from and _may_ not require remote write access to an instance's `Configuration` directory.\n\n### Patches\n_Has the problem been patched? What versions should users upgrade to?_\n\nThis problem is patched by pull request #1835 and fixed in versions 6.8.0 and above.\n\n### Workarounds\n_Is there a way for users to fix or remediate the vulnerability without upgrading?_\n\nDo not give un-trusted users the Deployment permission to set a .dme path on instances.\n",
  "aliases": [
    "CVE-2024-41799"
  ],
  "modified": "2024-07-29T17:12:10.448988Z",
  "published": "2024-07-29T16:44:15Z",
  "database_specific": {
    "nvd_published_at": "2024-07-29T15:15:16Z",
    "cwe_ids": [
      "CWE-22"
    ],
    "severity": "HIGH",
    "github_reviewed": true,
    "github_reviewed_at": "2024-07-29T16:44:15Z"
  },
  "references": [
    {
      "type": "WEB",
      "url": "https://github.com/tgstation/tgstation-server/security/advisories/GHSA-c3h4-9gc2-f7h4"
    },
    {
      "type": "ADVISORY",
      "url": "https://nvd.nist.gov/vuln/detail/CVE-2024-41799"
    },
    {
      "type": "WEB",
      "url": "https://github.com/tgstation/tgstation-server/pull/1835"
    },
    {
      "type": "WEB",
      "url": "https://github.com/tgstation/tgstation-server/commit/374852fe5ae306415eb5aafb2d16b06897d7afe4"
    },
    {
      "type": "PACKAGE",
      "url": "https://github.com/tgstation/tgstation-server"
    }
  ],
  "affected": [
    {
      "package": {
        "name": "Tgstation.Server.Api",
        "ecosystem": "NuGet",
        "purl": "pkg:nuget/Tgstation.Server.Api"
      },
      "ranges": [
        {
          "type": "ECOSYSTEM",
          "events": [
            {
              "introduced": "4.0.0"
            },
            {
              "fixed": "6.8.0"
            }
          ]
        }
      ],
      "versions": [
        "4.0.0",
        "4.0.2",
        "6.1.0",
        "6.2.0",
        "6.3.0",
        "6.4.0",
        "6.4.1",
        "6.5.0",
        "6.5.1",
        "6.6.0"
      ],
      "database_specific": {
        "source": "https://github.com/github/advisory-database/blob/main/advisories/github-reviewed/2024/07/GHSA-c3h4-9gc2-f7h4/GHSA-c3h4-9gc2-f7h4.json"
      }
    },
    {
      "package": {
        "name": "Tgstation.Server.Host",
        "ecosystem": "NuGet",
        "purl": "pkg:nuget/Tgstation.Server.Host"
      },
      "ranges": [
        {
          "type": "ECOSYSTEM",
          "events": [
            {
              "introduced": "4.0.0"
            },
            {
              "fixed": "6.8.0"
            }
          ]
        }
      ],
      "database_specific": {
        "source": "https://github.com/github/advisory-database/blob/main/advisories/github-reviewed/2024/07/GHSA-c3h4-9gc2-f7h4/GHSA-c3h4-9gc2-f7h4.json"
      },
      "versions": []
    }
  ],
  "schema_version": "1.6.0",
  "severity": [
    {
      "type": "CVSS_V3",
      "score": "CVSS:3.1/AV:N/AC:H/PR:L/UI:N/S:C/C:H/I:L/A:H"
    },
    {
      "type": "CVSS_V4",
      "score": "CVSS:4.0/AV:N/AC:L/AT:P/PR:L/UI:N/VC:H/VI:L/VA:H/SC:H/SI:L/SA:H"
    }
  ]
}