{
  "id": "GHSA-55p7-v223-x366",
  "summary": "IdentityServer Open Redirect vulnerability",
  "details": "### Impact\nIt is possible for an attacker to craft malicious Urls that certain functions in IdentityServer will incorrectly treat as local and trusted. If such a Url is returned as a redirect, some browsers will follow it to a third-party, untrusted site.\n\n### Affected Methods\n- In the `DefaultIdentityServerInteractionService`, the `GetAuthorizationContextAsync` method may return non-null and the `IsValidReturnUrl` method may return true for malicious Urls, indicating incorrectly that they can be safely redirected to.\n\n   _UI code calling these two methods is the most commonly used code path that will expose the vulnerability. The default UI templates rely on this behavior in the Login, Challenge, and Consent pages. Customized user interface code might also rely on this behavior. The following uncommonly used APIs are also vulnerable:_\n\n- The `ServerUrlExtensions.GetIdentityServerRelativeUrl`, `ReturnUrlParser.ParseAsync` and `OidcReturnUrlParser.ParseAsync`  methods may incorrectly return non-null, and the `ReturnUrlParser.IsValidReturnUrl` and `OidcReturnUrlParser.IsValidReturnUrl` methods may incorrectly return true for malicious Urls.\n\n### Patches\nIdentityServer4 is no longer supported and will not be receiving updates. Please consider updating to [Duende.IdentityServer](https://duendesoftware.com).\n",
  "modified": "2024-07-31T20:20:57.093035Z",
  "published": "2024-07-31T19:57:33Z",
  "database_specific": {
    "nvd_published_at": null,
    "cwe_ids": [
      "CWE-601"
    ],
    "severity": "MODERATE",
    "github_reviewed": true,
    "github_reviewed_at": "2024-07-31T19:57:33Z"
  },
  "references": [
    {
      "type": "WEB",
      "url": "https://github.com/DuendeSoftware/IdentityServer/security/advisories/GHSA-ff4q-64jc-gx98"
    },
    {
      "type": "WEB",
      "url": "https://github.com/IdentityServer/IdentityServer4/security/advisories/GHSA-55p7-v223-x366"
    },
    {
      "type": "ADVISORY",
      "url": "https://nvd.nist.gov/vuln/detail/CVE-2024-39694"
    },
    {
      "type": "PACKAGE",
      "url": "https://github.com/IdentityServer/IdentityServer4"
    }
  ],
  "affected": [
    {
      "package": {
        "name": "IdentityServer4",
        "ecosystem": "NuGet",
        "purl": "pkg:nuget/IdentityServer4"
      },
      "ranges": [
        {
          "type": "ECOSYSTEM",
          "events": [
            {
              "introduced": "0"
            },
            {
              "last_affected": "4.1.2"
            }
          ]
        }
      ],
      "versions": [
        "1.0.0",
        "1.0.0-beta1",
        "1.0.0-beta1-update1",
        "1.0.0-beta2",
        "1.0.0-beta2-update1",
        "1.0.0-beta2-update2",
        "1.0.0-beta3",
        "1.0.0-beta4",
        "1.0.0-beta4-update1",
        "1.0.0-beta4-update2",
        "1.0.0-beta5",
        "1.0.0-rc1",
        "1.0.0-rc1-update1",
        "1.0.0-rc1-update2",
        "1.0.0-rc2",
        "1.0.0-rc3",
        "1.0.0-rc4",
        "1.0.0-rc4-update1",
        "1.0.0-rc5",
        "1.0.1",
        "1.0.2",
        "1.1.0",
        "1.1.1",
        "1.2.0",
        "1.2.1",
        "1.3.0",
        "1.3.1",
        "1.4.0",
        "1.4.1",
        "1.4.2",
        "1.5.0",
        "1.5.1",
        "1.5.2",
        "1.5.3",
        "2.0.0",
        "2.0.0-preview2",
        "2.0.0-preview3",
        "2.0.0-preview4",
        "2.0.0-rc1",
        "2.0.0-rc1-update1",
        "2.0.1",
        "2.0.2",
        "2.0.3",
        "2.0.4",
        "2.0.5",
        "2.0.6",
        "2.0.6-preview1",
        "2.1.0",
        "2.1.1",
        "2.1.2",
        "2.1.3",
        "2.2.0",
        "2.3.0",
        "2.3.0-preview1",
        "2.3.0-preview1-update1",
        "2.3.0-preview1-update2",
        "2.3.0-preview2",
        "2.3.1",
        "2.3.2",
        "2.4.0",
        "2.4.0-preview1",
        "2.5.0",
        "2.5.1",
        "2.5.2",
        "2.5.3",
        "2.5.4",
        "3.0.1",
        "3.0.2",
        "3.1.0",
        "3.1.1",
        "3.1.2",
        "3.1.3",
        "3.1.4",
        "4.0.0",
        "4.0.1",
        "4.0.2",
        "4.0.3",
        "4.0.4",
        "4.1.0",
        "4.1.1",
        "4.1.2"
      ],
      "database_specific": {
        "source": "https://github.com/github/advisory-database/blob/main/advisories/github-reviewed/2024/07/GHSA-55p7-v223-x366/GHSA-55p7-v223-x366.json"
      }
    }
  ],
  "schema_version": "1.6.0",
  "severity": [
    {
      "type": "CVSS_V3",
      "score": "CVSS:3.1/AV:N/AC:L/PR:N/UI:R/S:C/C:L/I:N/A:N"
    },
    {
      "type": "CVSS_V4",
      "score": "CVSS:4.0/AV:N/AC:L/AT:N/PR:N/UI:A/VC:L/VI:N/VA:N/SC:L/SI:N/SA:N"
    }
  ]
}