{
  "id": "GHSA-5633-f33j-c6f7",
  "summary": "Tampering vulnerability in .NET Core",
  "details": "A tampering vulnerability exists when .NET Core improperly handles specially crafted files, aka \".NET Core Tampering Vulnerability.\" This affects .NET Core 2.1.",
  "aliases": [
    "CVE-2018-8416"
  ],
  "modified": "2023-11-08T04:00:28.161140Z",
  "published": "2022-05-13T01:20:52Z",
  "database_specific": {
    "nvd_published_at": "2018-11-14T01:29:00Z",
    "github_reviewed_at": "2022-07-08T19:24:09Z",
    "severity": "MODERATE",
    "github_reviewed": true,
    "cwe_ids": []
  },
  "references": [
    {
      "type": "ADVISORY",
      "url": "https://nvd.nist.gov/vuln/detail/CVE-2018-8416"
    },
    {
      "type": "WEB",
      "url": "https://github.com/dotnet/announcements/issues/95"
    },
    {
      "type": "WEB",
      "url": "https://github.com/github/advisory-database/issues/302"
    },
    {
      "type": "WEB",
      "url": "https://access.redhat.com/errata/RHSA-2018:3676"
    },
    {
      "type": "WEB",
      "url": "https://portal.msrc.microsoft.com/en-US/security-guidance/advisory/CVE-2018-8416"
    }
  ],
  "affected": [
    {
      "package": {
        "name": "Microsoft.NETCore.App",
        "ecosystem": "NuGet",
        "purl": "pkg:nuget/Microsoft.NETCore.App"
      },
      "ranges": [
        {
          "type": "ECOSYSTEM",
          "events": [
            {
              "introduced": "2.1.0"
            },
            {
              "fixed": "2.1.7"
            }
          ]
        }
      ],
      "versions": [
        "2.1.0",
        "2.1.1",
        "2.1.2",
        "2.1.3",
        "2.1.4",
        "2.1.5",
        "2.1.6"
      ],
      "database_specific": {
        "source": "https://github.com/github/advisory-database/blob/main/advisories/github-reviewed/2022/05/GHSA-5633-f33j-c6f7/GHSA-5633-f33j-c6f7.json"
      }
    }
  ],
  "schema_version": "1.6.0",
  "severity": [
    {
      "type": "CVSS_V3",
      "score": "CVSS:3.0/AV:N/AC:L/PR:L/UI:N/S:U/C:N/I:H/A:N"
    }
  ]
}