{
  "id": "GHSA-hq7w-xv5x-g34j",
  "summary": "Microsoft Security Advisory CVE-2024-38081 | .NET Denial of Service Vulnerability",
  "details": "# Microsoft Security Advisory CVE-2024-38081 | .NET Denial of Service Vulnerability\n\n## <a name=\"executive-summary\"></a>Executive summary\n\nMicrosoft is releasing this security advisory to provide information about a vulnerability in .NET 6.0 . This advisory also provides guidance on what developers can do to update their applications to remove this vulnerability.\n\nA Vulnerability exist in Visual Studio installer on Windows OS where an unprivileged user is allowed to manipulate the Visual Studio installation resulting in elevation of privilege.\n\n## Announcement\n\nAnnouncement for this issue can be found at  https://github.com/dotnet/announcements/issues/313\n\n## <a name=\"mitigation-factors\"></a>Mitigation factors\n\nMicrosoft has not identified any mitigating factors for this vulnerability.\n\n## <a name=\"affected-software\"></a>Affected software\n\n* Any .NET 6.0 application running on .NET 6.0.31 or earlier.\n\n## <a name=\"affected-packages\"></a>Affected Packages\nThe vulnerability affects any Microsoft .NET Core project if it uses any of affected packages versions listed below\n\n### <a name=\".NET 6\"></a>.NET 6\n\nPackage name | Affected version | Patched version\n------------ | ---------------- | -------------------------\n[Microsoft.IO.Redist](https://www.nuget.org/packages/Microsoft.IO.Redist)               |  >=4.6.0-preview.18571.3, <=6.0.0 | 6.0.1\n\n\n## Advisory FAQ\n\n### <a name=\"how-affected\"></a>How do I know if I am affected?\n\nIf you have a runtime or SDK with a version listed, or an affected package listed in [affected software](#affected-packages) or [affected packages](#affected-software), you're exposed to the vulnerability.\n\n### <a name=\"how-fix\"></a>How do I fix the issue?\n\n* To fix the issue please install the latest version of .NET 8.0 or .NET 7.0 or .NET 6.0. If you have installed one or more .NET SDKs through Visual Studio, Visual Studio will prompt you to update Visual Studio, which will also update your .NET  SDKs.\n* If you have .NET 6.0 or greater installed, you can list the versions you have installed by running the `dotnet --info` command. You will see output like the following;\n\n```\n.NET Core SDK (reflecting any global.json):\n\n\n Version:   8.0.200\n Commit:    8473146e7d\n\nRuntime Environment:\n\n OS Name:     Windows\n OS Version:  10.0.18363\n OS Platform: Windows\n RID:         win10-x64\n Base Path:   C:\\Program Files\\dotnet\\sdk\\6.0.300\\\n\nHost (useful for support):\n\n  Version: 8.0.3\n  Commit:  8473146e7d\n\n.NET Core SDKs installed:\n\n  8.0.200 [C:\\Program Files\\dotnet\\sdk]\n\n.NET Core runtimes installed:\n\n  Microsoft.AspAspNetCore.App 8.0.3 [C:\\Program Files\\dotnet\\shared\\Microsoft.AspAspNetCore.App]\n  Microsoft.AspNetCore.App 8.0.3 [C:\\Program Files\\dotnet\\shared\\Microsoft.AspNetCore.App]\n  Microsoft.WindowsDesktop.App 8.0.3 [C:\\Program Files\\dotnet\\shared\\Microsoft.WindowsDesktop.App]\n\n\nTo install additional .NET Core runtimes or SDKs:\n  https://aka.ms/dotnet-download\n```\n\n* If you're using .NET 6.0, you should download and install Runtime 6.0.32 or SDK 6.0.132 (for Visual Studio 2022 v17.4) from https://dotnet.microsoft.com/download/dotnet-core/7.0.\n\n.NET 6.0 updates are also available from Microsoft Update. To access this either type \"Check for updates\" in your Windows search, or open Settings, choose Update & Security and then click Check for Updates.\n\nOnce you have installed the updated runtime or SDK, restart your apps for the update to take effect.\n\nAdditionally, if you've deployed [self-contained applications](https://docs.microsoft.com/dotnet/core/deploying/#self-contained-deployments-scd) targeting any of the impacted versions, these applications are also vulnerable and must be recompiled and redeployed.\n\n## Other Information\n\n### Reporting Security Issues\n\nIf you have found a potential security issue in .NET 8.0 or .NET 7.0 or .NET 6.0, please email details to secure@microsoft.com. Reports may qualify for the Microsoft .NET Core & .NET 5 Bounty. Details of the Microsoft .NET Bounty Program including terms and conditions are at <https://aka.ms/corebounty>.\n\n### Support\n\nYou can ask questions about this issue on GitHub in the .NET GitHub organization. The main repos are located at https://github.com/dotnet/runtime and https://github.com/dotnet/aspnet/. The Announcements repo (https://github.com/dotnet/Announcements) will contain this bulletin as an issue and will include a link to a discussion issue. You can ask questions in the linked discussion issue.\n\n### Disclaimer\n\nThe information provided in this advisory is provided \"as is\" without warranty of any kind. Microsoft disclaims all warranties, either express or implied, including the warranties of merchantability and fitness for a particular purpose. In no event shall Microsoft Corporation or its suppliers be liable for any damages whatsoever including direct, indirect, incidental, consequential, loss of business profits or special damages, even if Microsoft Corporation or its suppliers have been advised of the possibility of such damages. Some states do not allow the exclusion or limitation of liability for consequential or incidental damages so the foregoing limitation may not apply.\n\n### External Links\n\n[CVE-2024-38081]( https://www.cve.org/CVERecord?id=CVE-2024-38081)\n\n### Revisions\n\nV1.0 (July 09, 2024): Advisory published.\n\n_Version 1.0_\n\n_Last Updated 2024-07-09_",
  "aliases": [
    "BIT-dotnet-2024-38081",
    "BIT-dotnet-sdk-2024-38081",
    "CVE-2024-38081"
  ],
  "modified": "2024-08-20T08:13:42.950573Z",
  "published": "2024-07-09T21:14:35Z",
  "database_specific": {
    "nvd_published_at": "2024-07-09T17:15:43Z",
    "cwe_ids": [
      "CWE-59"
    ],
    "severity": "HIGH",
    "github_reviewed": true,
    "github_reviewed_at": "2024-07-09T21:14:35Z"
  },
  "references": [
    {
      "type": "WEB",
      "url": "https://github.com/dotnet/runtime/security/advisories/GHSA-hq7w-xv5x-g34j"
    },
    {
      "type": "ADVISORY",
      "url": "https://nvd.nist.gov/vuln/detail/CVE-2024-38081"
    },
    {
      "type": "PACKAGE",
      "url": "https://github.com/dotnet/runtime"
    },
    {
      "type": "WEB",
      "url": "https://msrc.microsoft.com/update-guide/vulnerability/CVE-2024-38081"
    }
  ],
  "affected": [
    {
      "package": {
        "name": "Microsoft.IO.Redist",
        "ecosystem": "NuGet",
        "purl": "pkg:nuget/Microsoft.IO.Redist"
      },
      "ranges": [
        {
          "type": "ECOSYSTEM",
          "events": [
            {
              "introduced": "4.6.0-preview.18571.3"
            },
            {
              "fixed": "6.0.1"
            }
          ]
        }
      ],
      "versions": [
        "4.6.0",
        "4.7.0",
        "4.7.1",
        "5.0.0",
        "6.0.0"
      ],
      "database_specific": {
        "last_known_affected_version_range": "<= 6.0.0",
        "source": "https://github.com/github/advisory-database/blob/main/advisories/github-reviewed/2024/07/GHSA-hq7w-xv5x-g34j/GHSA-hq7w-xv5x-g34j.json"
      }
    }
  ],
  "schema_version": "1.6.0",
  "severity": [
    {
      "type": "CVSS_V3",
      "score": "CVSS:3.1/AV:L/AC:L/PR:L/UI:R/S:U/C:H/I:H/A:H"
    },
    {
      "type": "CVSS_V4",
      "score": "CVSS:4.0/AV:L/AC:L/AT:N/PR:L/UI:P/VC:H/VI:H/VA:H/SC:N/SI:N/SA:N"
    }
  ]
}