{
  "id": "GHSA-5whg-j5fv-xcm2",
  "summary": "ChakraCore RCE Vulnerability",
  "details": "The Chakra JavaScript scripting engine in Microsoft Edge allows remote attackers to execute arbitrary code or cause a denial of service (memory corruption) via a crafted web site, aka \"Scripting Engine Memory Corruption Vulnerability,\" a different vulnerability than CVE-2016-7201, CVE-2016-7202, CVE-2016-7203, CVE-2016-7208, CVE-2016-7240, CVE-2016-7242, and CVE-2016-7243.",
  "aliases": [
    "CVE-2016-7200"
  ],
  "modified": "2024-07-09T21:32:19.569074Z",
  "published": "2022-05-14T02:22:42Z",
  "database_specific": {
    "nvd_published_at": "2016-11-10T06:59:00Z",
    "cwe_ids": [
      "CWE-119",
      "CWE-787"
    ],
    "severity": "HIGH",
    "github_reviewed": true,
    "github_reviewed_at": "2023-07-28T20:27:48Z"
  },
  "references": [
    {
      "type": "ADVISORY",
      "url": "https://nvd.nist.gov/vuln/detail/CVE-2016-7200"
    },
    {
      "type": "WEB",
      "url": "https://github.com/chakra-core/ChakraCore/pull/1982"
    },
    {
      "type": "WEB",
      "url": "https://github.com/chakra-core/ChakraCore/commit/c2787ef8fdb7401922e9ec6540e4e5895d11c631"
    },
    {
      "type": "WEB",
      "url": "https://docs.microsoft.com/en-us/security-updates/securitybulletins/2016/ms16-129"
    },
    {
      "type": "PACKAGE",
      "url": "https://github.com/chakra-core/ChakraCore"
    },
    {
      "type": "WEB",
      "url": "https://github.com/theori-io/chakra-2016-11"
    },
    {
      "type": "WEB",
      "url": "https://web.archive.org/web/20210123184454/http://www.securityfocus.com/bid/93968"
    },
    {
      "type": "WEB",
      "url": "https://web.archive.org/web/20211126224744/http://www.securitytracker.com/id/1037245"
    },
    {
      "type": "WEB",
      "url": "https://www.exploit-db.com/exploits/40785"
    },
    {
      "type": "WEB",
      "url": "https://www.exploit-db.com/exploits/40990"
    },
    {
      "type": "WEB",
      "url": "http://packetstormsecurity.com/files/140382/Microsoft-Edge-chakra.dll-Information-Leak-Type-Confusion.html"
    }
  ],
  "affected": [
    {
      "package": {
        "name": "Microsoft.ChakraCore",
        "ecosystem": "NuGet",
        "purl": "pkg:nuget/Microsoft.ChakraCore"
      },
      "ranges": [
        {
          "type": "ECOSYSTEM",
          "events": [
            {
              "introduced": "0"
            },
            {
              "fixed": "1.2.2"
            }
          ]
        }
      ],
      "versions": [
        "1.2.0",
        "1.2.1"
      ],
      "database_specific": {
        "source": "https://github.com/github/advisory-database/blob/main/advisories/github-reviewed/2022/05/GHSA-5whg-j5fv-xcm2/GHSA-5whg-j5fv-xcm2.json"
      }
    }
  ],
  "schema_version": "1.6.0",
  "severity": [
    {
      "type": "CVSS_V3",
      "score": "CVSS:3.0/AV:N/AC:H/PR:N/UI:R/S:U/C:H/I:H/A:H"
    },
    {
      "type": "CVSS_V4",
      "score": "CVSS:4.0/AV:N/AC:H/AT:N/PR:N/UI:P/VC:H/VI:H/VA:H/SC:N/SI:N/SA:N"
    }
  ]
}