{
  "id": "GHSA-mhpp-875w-9cpv",
  "summary": "Denial of Service in jquery",
  "details": "Affected versions of `jquery` use a lowercasing logic on attribute names. When given a boolean attribute with a name that contains uppercase characters, `jquery` enters into an infinite recursion loop, exceeding the call stack limit, and resulting in a denial of service condition.\n\n\n## Recommendation\n\nUpdate to version 3.0.0 or later.",
  "aliases": [
    "CVE-2016-10707"
  ],
  "modified": "2024-02-12T15:03:44Z",
  "published": "2018-01-22T13:32:42Z",
  "database_specific": {
    "nvd_published_at": "2018-01-18T23:29:00Z",
    "cwe_ids": [
      "CWE-400",
      "CWE-674"
    ],
    "severity": "HIGH",
    "github_reviewed": true,
    "github_reviewed_at": "2020-06-16T21:46:22Z"
  },
  "references": [
    {
      "type": "ADVISORY",
      "url": "https://nvd.nist.gov/vuln/detail/CVE-2016-10707"
    },
    {
      "type": "WEB",
      "url": "https://github.com/jquery/jquery/issues/3133"
    },
    {
      "type": "WEB",
      "url": "https://github.com/jquery/jquery/issues/3133#issuecomment-358978489"
    },
    {
      "type": "WEB",
      "url": "https://github.com/jquery/jquery/pull/3134"
    },
    {
      "type": "ADVISORY",
      "url": "https://github.com/advisories/GHSA-mhpp-875w-9cpv"
    },
    {
      "type": "PACKAGE",
      "url": "https://github.com/jquery/jquery"
    },
    {
      "type": "WEB",
      "url": "https://github.com/rubysec/ruby-advisory-db/blob/master/gems/jquery-rails/CVE-2016-10707.yml"
    },
    {
      "type": "WEB",
      "url": "https://snyk.io/vuln/npm:jquery:20160529"
    },
    {
      "type": "WEB",
      "url": "https://www.npmjs.com/advisories/330"
    }
  ],
  "affected": [
    {
      "package": {
        "name": "jquery",
        "ecosystem": "npm",
        "purl": "pkg:npm/jquery"
      },
      "ranges": [
        {
          "type": "SEMVER",
          "events": [
            {
              "introduced": "3.0.0-rc.1"
            },
            {
              "fixed": "3.0.0"
            }
          ]
        }
      ],
      "versions": [
        "3.0.0-rc.1"
      ],
      "database_specific": {
        "source": "https://github.com/github/advisory-database/blob/main/advisories/github-reviewed/2018/01/GHSA-mhpp-875w-9cpv/GHSA-mhpp-875w-9cpv.json"
      }
    },
    {
      "package": {
        "name": "jQuery",
        "ecosystem": "NuGet",
        "purl": "pkg:nuget/jQuery"
      },
      "ranges": [
        {
          "type": "ECOSYSTEM",
          "events": [
            {
              "introduced": "3.0.0-rc.1"
            },
            {
              "fixed": "3.0.0"
            }
          ]
        }
      ],
      "versions": [
        "3.0.0-rc.1"
      ],
      "database_specific": {
        "source": "https://github.com/github/advisory-database/blob/main/advisories/github-reviewed/2018/01/GHSA-mhpp-875w-9cpv/GHSA-mhpp-875w-9cpv.json"
      }
    },
    {
      "package": {
        "name": "org.webjars.npm:jquery",
        "ecosystem": "Maven",
        "purl": "pkg:maven/org.webjars.npm/jquery"
      },
      "ranges": [
        {
          "type": "ECOSYSTEM",
          "events": [
            {
              "introduced": "3.0.0-rc.1"
            },
            {
              "fixed": "3.0.0"
            }
          ]
        }
      ],
      "versions": [
        "3.0.0-rc.1"
      ],
      "database_specific": {
        "source": "https://github.com/github/advisory-database/blob/main/advisories/github-reviewed/2018/01/GHSA-mhpp-875w-9cpv/GHSA-mhpp-875w-9cpv.json"
      }
    },
    {
      "package": {
        "name": "jquery-rails",
        "ecosystem": "RubyGems",
        "purl": "pkg:gem/jquery-rails"
      },
      "ranges": [
        {
          "type": "ECOSYSTEM",
          "events": [
            {
              "introduced": "3.0.0-rc.1"
            },
            {
              "fixed": "3.0.0"
            }
          ]
        }
      ],
      "versions": [
        "3.0.0-rc.1"
      ],
      "database_specific": {
        "source": "https://github.com/github/advisory-database/blob/main/advisories/github-reviewed/2018/01/GHSA-mhpp-875w-9cpv/GHSA-mhpp-875w-9cpv.json"
      }
    }
  ],
  "schema_version": "1.6.0",
  "severity": [
    {
      "type": "CVSS_V3",
      "score": "CVSS:3.0/AV:N/AC:L/PR:N/UI:N/S:U/C:N/I:N/A:H"
    }
  ]
}