{
  "id": "GHSA-cmhx-cq75-c4mj",
  "summary": "Regular Expression Denial of Service in System.Text.RegularExpressions",
  "details": "A denial of service vulnerability exists when .NET Framework and .NET Core improperly process RegEx strings, aka '.NET Framework and .NET Core Denial of Service Vulnerability'. This CVE ID is unique from CVE-2019-0980, CVE-2019-0981.",
  "aliases": [
    "CVE-2019-0820"
  ],
  "modified": "2023-11-08T04:00:33.819349Z",
  "published": "2021-08-04T21:03:46Z",
  "database_specific": {
    "nvd_published_at": "2019-05-16T19:29:00Z",
    "github_reviewed_at": "2021-08-04T21:03:27Z",
    "severity": "HIGH",
    "github_reviewed": true,
    "cwe_ids": [
      "CWE-1333",
      "CWE-400"
    ]
  },
  "references": [
    {
      "type": "ADVISORY",
      "url": "https://nvd.nist.gov/vuln/detail/CVE-2019-0820"
    },
    {
      "type": "WEB",
      "url": "https://access.redhat.com/errata/RHSA-2019:1259"
    },
    {
      "type": "WEB",
      "url": "https://portal.msrc.microsoft.com/en-US/security-guidance/advisory/CVE-2019-0820"
    }
  ],
  "affected": [
    {
      "package": {
        "name": "System.Text.RegularExpressions",
        "ecosystem": "NuGet",
        "purl": "pkg:nuget/System.Text.RegularExpressions"
      },
      "ranges": [
        {
          "type": "ECOSYSTEM",
          "events": [
            {
              "introduced": "4.3.0"
            },
            {
              "fixed": "4.3.1"
            }
          ]
        }
      ],
      "versions": [
        "4.3.0"
      ],
      "database_specific": {
        "source": "https://github.com/github/advisory-database/blob/main/advisories/github-reviewed/2021/08/GHSA-cmhx-cq75-c4mj/GHSA-cmhx-cq75-c4mj.json"
      }
    }
  ],
  "schema_version": "1.6.0",
  "severity": [
    {
      "type": "CVSS_V3",
      "score": "CVSS:3.1/AV:N/AC:L/PR:N/UI:N/S:U/C:N/I:N/A:H"
    }
  ]
}