{
  "id": "GHSA-735f-mx7h-46w8",
  "summary": "ChakraCore vulnerable to remote code execution due to insufficient InlineCache check",
  "details": "ChakraCore and Windows 10 Gold, 1511, 1607, 1703, 1709, and Windows Server 2016 allows an attacker to execute arbitrary code in the context of the current user, due to how the scripting engine handles objects in memory, aka \"Scripting Engine Memory Corruption Vulnerability\". An insufficient `InlineCache` check can lead to type confusion, which could potentially allow for remote code execution.\n\nThis CVE ID is unique from CVE-2017-11886, CVE-2017-11889, CVE-2017-11890, CVE-2017-11893, CVE-2017-11894, CVE-2017-11895, CVE-2017-11901, CVE-2017-11903, CVE-2017-11905, CVE-2017-11905, CVE-2017-11907, CVE-2017-11908, CVE-2017-11909, CVE-2017-11911, CVE-2017-11912, CVE-2017-11913, CVE-2017-11914, CVE-2017-11916, CVE-2017-11918, and CVE-2017-11930.",
  "aliases": [
    "CVE-2017-11910"
  ],
  "modified": "2024-02-16T08:24:34.792401Z",
  "published": "2022-05-17T00:11:59Z",
  "database_specific": {
    "nvd_published_at": "2017-12-12T21:29:00Z",
    "cwe_ids": [
      "CWE-119"
    ],
    "severity": "HIGH",
    "github_reviewed": true,
    "github_reviewed_at": "2023-07-27T19:46:38Z"
  },
  "references": [
    {
      "type": "ADVISORY",
      "url": "https://nvd.nist.gov/vuln/detail/CVE-2017-11910"
    },
    {
      "type": "WEB",
      "url": "https://github.com/chakra-core/ChakraCore/pull/4411"
    },
    {
      "type": "WEB",
      "url": "https://github.com/chakra-core/ChakraCore/commit/40232a443c6316a58941572b0a4776b0677975ca"
    },
    {
      "type": "PACKAGE",
      "url": "https://github.com/chakra-core/ChakraCore"
    },
    {
      "type": "WEB",
      "url": "https://portal.msrc.microsoft.com/en-US/security-guidance/advisory/CVE-2017-11910"
    },
    {
      "type": "WEB",
      "url": "https://web.archive.org/web/20210124122716/http://www.securityfocus.com/bid/102086"
    },
    {
      "type": "WEB",
      "url": "https://web.archive.org/web/20210829201729/http://www.securitytracker.com/id/1039990"
    }
  ],
  "affected": [
    {
      "package": {
        "name": "Microsoft.ChakraCore",
        "ecosystem": "NuGet",
        "purl": "pkg:nuget/Microsoft.ChakraCore"
      },
      "ranges": [
        {
          "type": "ECOSYSTEM",
          "events": [
            {
              "introduced": "0"
            },
            {
              "fixed": "1.7.5"
            }
          ]
        }
      ],
      "versions": [
        "1.2.0",
        "1.2.1",
        "1.2.2",
        "1.2.3",
        "1.2.6.62716-preview",
        "1.3.0",
        "1.3.1",
        "1.3.2",
        "1.4.0",
        "1.4.1",
        "1.4.2",
        "1.4.3",
        "1.4.4",
        "1.4.5",
        "1.5.0",
        "1.5.1",
        "1.5.2",
        "1.5.3",
        "1.6.0",
        "1.6.2",
        "1.7.0",
        "1.7.1",
        "1.7.2",
        "1.7.3",
        "1.7.4"
      ],
      "database_specific": {
        "source": "https://github.com/github/advisory-database/blob/main/advisories/github-reviewed/2022/05/GHSA-735f-mx7h-46w8/GHSA-735f-mx7h-46w8.json"
      }
    }
  ],
  "schema_version": "1.6.0",
  "severity": [
    {
      "type": "CVSS_V3",
      "score": "CVSS:3.0/AV:N/AC:H/PR:N/UI:R/S:U/C:H/I:H/A:H"
    }
  ]
}