{
  "id": "GHSA-fvxf-r9fw-49pc",
  "summary": "Incorrect Implementation of Authentication Algorithm in OPCFoundation.NetStandard.Opc.Ua.Core",
  "details": "A vulnerability was discovered in the OPC UA .NET Standard Stack that\n-  allows a malicious client or server to bypass the application authentication mechanism\n-  and allow a connection to an untrusted peer.",
  "aliases": [
    "CVE-2022-29865"
  ],
  "modified": "2024-02-16T08:11:07.050304Z",
  "published": "2022-06-17T21:44:39Z",
  "database_specific": {
    "nvd_published_at": "2022-06-16T17:15:00Z",
    "cwe_ids": [
      "CWE-287"
    ],
    "severity": "HIGH",
    "github_reviewed": true,
    "github_reviewed_at": "2022-06-17T21:44:39Z"
  },
  "references": [
    {
      "type": "WEB",
      "url": "https://github.com/OPCFoundation/UA-.NETStandard/security/advisories/GHSA-fvxf-r9fw-49pc"
    },
    {
      "type": "ADVISORY",
      "url": "https://nvd.nist.gov/vuln/detail/CVE-2022-29865"
    },
    {
      "type": "WEB",
      "url": "https://files.opcfoundation.org/SecurityBulletins/OPC%20Foundation%20Security%20Bulletin%20CVE-2022-29865.pdf"
    },
    {
      "type": "PACKAGE",
      "url": "https://github.com/OPCFoundation/UA-.NETStandard"
    },
    {
      "type": "WEB",
      "url": "https://opcfoundation.org/security"
    }
  ],
  "affected": [
    {
      "package": {
        "name": "OPCFoundation.NetStandard.Opc.Ua.Core",
        "ecosystem": "NuGet",
        "purl": "pkg:nuget/OPCFoundation.NetStandard.Opc.Ua.Core"
      },
      "ranges": [
        {
          "type": "ECOSYSTEM",
          "events": [
            {
              "introduced": "0"
            },
            {
              "fixed": "1.4.368.58"
            }
          ]
        }
      ],
      "versions": [
        "0.0.3",
        "0.0.6",
        "0.0.7",
        "0.0.8",
        "0.0.9",
        "0.1.0",
        "0.1.1",
        "0.1.2",
        "0.1.3",
        "0.1.5",
        "0.1.6",
        "0.1.7",
        "0.1.8",
        "0.1.9",
        "0.2.0",
        "0.2.1",
        "0.2.2",
        "0.2.3",
        "0.2.4",
        "1.4.363.104-preview",
        "1.4.363.107",
        "1.4.364.40",
        "1.4.365-gfc341ee8c5",
        "1.4.365.1-preview",
        "1.4.365.10",
        "1.4.365.2",
        "1.4.365.23",
        "1.4.365.48",
        "1.4.366.31-preview",
        "1.4.366.38",
        "1.4.367.100",
        "1.4.367.39",
        "1.4.367.41",
        "1.4.367.42",
        "1.4.367.64-preview",
        "1.4.367.75",
        "1.4.367.95",
        "1.4.368.27-preview",
        "1.4.368.33",
        "1.4.368.52-preview",
        "1.4.368.53"
      ],
      "database_specific": {
        "last_known_affected_version_range": "<= 1.4.368.53",
        "source": "https://github.com/github/advisory-database/blob/main/advisories/github-reviewed/2022/06/GHSA-fvxf-r9fw-49pc/GHSA-fvxf-r9fw-49pc.json"
      }
    }
  ],
  "schema_version": "1.6.0",
  "severity": [
    {
      "type": "CVSS_V3",
      "score": "CVSS:3.1/AV:N/AC:L/PR:N/UI:N/S:U/C:N/I:H/A:N"
    }
  ]
}