{
  "id": "GHSA-8v6j-gc74-fmpp",
  "summary": "Ajax Pro Cross-site Scripting",
  "details": "### Overview\n\nAffected versions of this package are vulnerable to Deserialization of Untrusted Data due to the possibility of deserialization of arbitrary JavaScript objects.\n\n### Description\n\nCross-Site Scripting (XSS) attacks are a type of injection, in which malicious scripts are injected into otherwise benign and trusted websites. XSS attacks occur when an attacker uses a web application to send malicious code, generally in the form of a browser side script, to a different end user. Flaws that allow these attacks to succeed are quite widespread and occur anywhere a web application uses input from a user within the output it generates without validating or encoding it.\n\nXSS effects vary in range from petty nuisance to significant security risk, depending on the sensitivity of the data handled by the vulnerable site and the nature of any security mitigation implemented by the site's owner network.\n\n### Releases\n\nReleases before version 21.12.22.1 are affected. Please be careful to download any binary DLL from other web sites, especially we found NuGet packages not owned by us that contain vulnerable versions.\n\n### Workarounds\n\nA workaround exists that replaces one of the core JavaScript files embedded in the library. Using a XML configuration allows to replace the default JavaScript code to be replaced with the version on GitHub.\n\n```xml\n<configuration>\n\t<configSections>\n\t\t<sectionGroup name=\"ajaxNet\">\n\t\t\t<section name=\"ajaxSettings\" type=\"AjaxPro.AjaxSettingsSectionHandler,AjaxPro.2\" requirePermission=\"false\" restartOnExternalChanges=\"true\"/>\n\t\t</sectionGroup>\n\t</configSections>\n\t<ajaxNet>\n\t\t<ajaxSettings>\n\t\t\t<coreScript>~/ajaxpro-core-fixed.js</coreScript>\n\t\t</ajaxSettings>\n\t</ajaxNet>\n</configuration>\n```\n\nCopy the file core.js from the main project folder to your web server root folder and rename that ajaxpro-core-fixed.js.\n\nClients need to refresh the web page to download the changed JavaScript code.\n\n### References\n\nCommit fixing the issue: c89e39b9679fcb8ab6644fe21cc7e652cb615e2b\n\nNote: the official Ajax.NET Professional (AjaxPro) NuGet package is available here: https://www.nuget.org/packages/AjaxNetProfessional/\n",
  "aliases": [
    "CVE-2023-49289"
  ],
  "modified": "2024-02-16T07:58:41.090698Z",
  "published": "2023-12-05T00:06:04Z",
  "database_specific": {
    "nvd_published_at": "2023-12-05T00:15:08Z",
    "cwe_ids": [
      "CWE-79"
    ],
    "severity": "MODERATE",
    "github_reviewed": true,
    "github_reviewed_at": "2023-12-05T00:06:04Z"
  },
  "references": [
    {
      "type": "WEB",
      "url": "https://github.com/michaelschwarz/Ajax.NET-Professional/security/advisories/GHSA-8v6j-gc74-fmpp"
    },
    {
      "type": "ADVISORY",
      "url": "https://nvd.nist.gov/vuln/detail/CVE-2023-49289"
    },
    {
      "type": "WEB",
      "url": "https://github.com/michaelschwarz/Ajax.NET-Professional/commit/c89e39b9679fcb8ab6644fe21cc7e652cb615e2b"
    },
    {
      "type": "PACKAGE",
      "url": "https://github.com/michaelschwarz/Ajax.NET-Professional"
    },
    {
      "type": "WEB",
      "url": "https://www.nuget.org/packages/AjaxNetProfessional"
    }
  ],
  "affected": [
    {
      "package": {
        "name": "AjaxNetProfessional",
        "ecosystem": "NuGet",
        "purl": "pkg:nuget/AjaxNetProfessional"
      },
      "ranges": [
        {
          "type": "ECOSYSTEM",
          "events": [
            {
              "introduced": "0"
            },
            {
              "fixed": "21.12.22.1"
            }
          ]
        }
      ],
      "versions": [
        "21.10.30",
        "21.11.22",
        "21.11.29",
        "21.12.21.1",
        "21.12.8.1"
      ],
      "database_specific": {
        "source": "https://github.com/github/advisory-database/blob/main/advisories/github-reviewed/2023/12/GHSA-8v6j-gc74-fmpp/GHSA-8v6j-gc74-fmpp.json"
      }
    }
  ],
  "schema_version": "1.6.0",
  "severity": [
    {
      "type": "CVSS_V3",
      "score": "CVSS:3.1/AV:N/AC:L/PR:N/UI:R/S:U/C:L/I:L/A:L"
    }
  ]
}