{
  "id": "GHSA-782p-53wq-cxmj",
  "summary": "High severity vulnerability that affects OPCFoundation.NetStandard.Opc.Ua",
  "details": "Buffer overflow in OPC UA applications allows remote attackers to trigger a stack overflow with carefully structured requests.",
  "aliases": [
    "CVE-2018-12086"
  ],
  "modified": "2023-11-08T03:59:49.114679Z",
  "published": "2018-10-16T19:51:31Z",
  "database_specific": {
    "nvd_published_at": null,
    "github_reviewed_at": "2020-06-16T21:22:05Z",
    "severity": "HIGH",
    "github_reviewed": true,
    "cwe_ids": [
      "CWE-787"
    ]
  },
  "references": [
    {
      "type": "ADVISORY",
      "url": "https://nvd.nist.gov/vuln/detail/CVE-2018-12086"
    },
    {
      "type": "ADVISORY",
      "url": "https://github.com/advisories/GHSA-782p-53wq-cxmj"
    },
    {
      "type": "WEB",
      "url": "https://opcfoundation-onlineapplications.org/faq/SecurityBulletins/OPC_Foundation_Security_Bulletin_CVE-2018-12086.pdf"
    },
    {
      "type": "WEB",
      "url": "https://www.debian.org/security/2018/dsa-4359"
    },
    {
      "type": "WEB",
      "url": "http://lists.opensuse.org/opensuse-security-announce/2020-03/msg00027.html"
    },
    {
      "type": "WEB",
      "url": "http://www.securityfocus.com/bid/105538"
    },
    {
      "type": "WEB",
      "url": "http://www.securitytracker.com/id/1041909"
    }
  ],
  "affected": [
    {
      "package": {
        "name": "OPCFoundation.NetStandard.Opc.Ua",
        "ecosystem": "NuGet",
        "purl": "pkg:nuget/OPCFoundation.NetStandard.Opc.Ua"
      },
      "ranges": [
        {
          "type": "ECOSYSTEM",
          "events": [
            {
              "introduced": "0"
            },
            {
              "fixed": "1.4.353.15"
            }
          ]
        }
      ],
      "versions": [
        "0.4.0",
        "0.4.1",
        "0.4.3",
        "0.4.4",
        "0.4.5",
        "1.3.348",
        "1.3.349",
        "1.3.350",
        "1.3.350.1",
        "1.3.350.3",
        "1.3.350.4",
        "1.3.350.5",
        "1.3.350.6",
        "1.3.351.7",
        "1.3.352.10",
        "1.3.352.11",
        "1.3.352.12",
        "1.3.352.9",
        "1.4.353.13",
        "1.4.353.14"
      ],
      "database_specific": {
        "last_known_affected_version_range": "<= 1.4.352.12",
        "source": "https://github.com/github/advisory-database/blob/main/advisories/github-reviewed/2018/10/GHSA-782p-53wq-cxmj/GHSA-782p-53wq-cxmj.json"
      }
    }
  ],
  "schema_version": "1.6.0",
  "severity": [
    {
      "type": "CVSS_V3",
      "score": "CVSS:3.0/AV:N/AC:L/PR:N/UI:N/S:U/C:N/I:N/A:H"
    }
  ]
}