{
  "id": "ASB-A-177911676",
  "summary": "[Q-Case#05087528]Security Report - Fragment and Forge vulnerabilities: Breaking Wi-Fi Through Frame Aggregation and Fragmentation (CR 2869483)",
  "aliases": [
    "2869483",
    "A-177911676",
    "CVE-2020-26141"
  ],
  "modified": "2024-08-13T23:59:29.065091Z",
  "published": "2021-10-01T00:00:00Z",
  "references": [
    {
      "type": "ADVISORY",
      "url": "https://source.android.com/security/bulletin/2021-10-01"
    },
    {
      "type": "FIX",
      "url": "https://source.codeaurora.org/quic/la/platform/vendor/qcom-opensource/wlan/qcacld-3.0/commit/?id=7620843c0b2adb8222e09cd85699a88b68f32893"
    }
  ],
  "affected": [
    {
      "package": {
        "name": "platform/vendor/qcom-opensource/wlan/qcacld-3.0",
        "ecosystem": "Android"
      },
      "ranges": [
        {
          "type": "ECOSYSTEM",
          "events": [
            {
              "introduced": "SoCVersion:0"
            },
            {
              "fixed": "SoCVersion:2021-10-05"
            }
          ]
        }
      ],
      "versions": [
        "SoCVersion"
      ],
      "ecosystem_specific": {
        "vanir_signatures": [
          {
            "digest": {
              "threshold": 0.9,
              "line_hashes": [
                "217624985468609048840601371762000529299",
                "182746541634663431618878052381533190013",
                "26495111539840095588322507129279180480",
                "262924140861792944087419894793723618958"
              ]
            },
            "id": "ASB-A-177911676-0bde3015",
            "source": "https://git.codelinaro.org/clo/la/platform/vendor/qcom-opensource/wlan/qcacld-3.0/commit/7620843c0b2adb8222e09cd85699a88b68f32893",
            "deprecated": false,
            "signature_version": "v1",
            "target": {
              "file": "core/dp/txrx/ol_rx_defrag.c"
            },
            "signature_type": "Line"
          },
          {
            "digest": {
              "length": 715.0,
              "function_hash": "283358061041900984216622441929049455836"
            },
            "id": "ASB-A-177911676-2c76b860",
            "source": "https://git.codelinaro.org/clo/la/platform/vendor/qcom-opensource/wlan/qcacld-3.0/commit/7620843c0b2adb8222e09cd85699a88b68f32893",
            "deprecated": false,
            "signature_version": "v1",
            "target": {
              "file": "core/dp/txrx/ol_rx_defrag.c",
              "function": "ol_rx_frag_tkip_demic"
            },
            "signature_type": "Function"
          }
        ],
        "fixes": [
          "https://source.codeaurora.org/quic/la/platform/vendor/qcom-opensource/wlan/qcacld-3.0/commit/?id=7620843c0b2adb8222e09cd85699a88b68f32893"
        ],
        "spl": "2021-10-05",
        "severity": "High",
        "types": [
          "Unknown"
        ]
      },
      "database_specific": {
        "source": "https://storage.googleapis.com/android-osv/ASB-A-177911676.json"
      }
    }
  ],
  "schema_version": "1.6.0"
}