{
  "id": "ASB-A-190402578",
  "summary": "Use After Free in Modem",
  "aliases": [
    "2774954",
    "A-190402578",
    "CVE-2021-30262"
  ],
  "modified": "2024-08-13T23:59:27.749697Z",
  "published": "2021-12-01T00:00:00Z",
  "references": [
    {
      "type": "ADVISORY",
      "url": "https://source.android.com/security/bulletin/2021-12-01"
    },
    {
      "type": "FIX",
      "url": "https://source.codeaurora.org/quic/le/kernel/msm-4.19/commit/?id=b84b5c3c6a17b3f74e29cecfdb2967ba7875cf70"
    }
  ],
  "affected": [
    {
      "package": {
        "name": ":linux_kernel:Qualcomm",
        "ecosystem": "Android"
      },
      "ranges": [
        {
          "type": "ECOSYSTEM",
          "events": [
            {
              "introduced": "SoCVersion:0"
            },
            {
              "fixed": "SoCVersion:2021-12-05"
            }
          ]
        }
      ],
      "versions": [
        "SoCVersion"
      ],
      "ecosystem_specific": {
        "vanir_signatures": [
          {
            "digest": {
              "length": 450.0,
              "function_hash": "9810131555656393979712087147436970702"
            },
            "id": "ASB-A-190402578-22af1fad",
            "source": "https://git.codelinaro.org/clo/la/kernel/msm-4.19/commit/b84b5c3c6a17b3f74e29cecfdb2967ba7875cf70",
            "deprecated": false,
            "signature_version": "v1",
            "target": {
              "file": "net/socket.c",
              "function": "__sys_bind"
            },
            "signature_type": "Function"
          },
          {
            "digest": {
              "length": 445.0,
              "function_hash": "253634850923715430203961283203702944526"
            },
            "id": "ASB-A-190402578-2c3ee294",
            "source": "https://git.codelinaro.org/clo/la/kernel/msm-4.19/commit/b84b5c3c6a17b3f74e29cecfdb2967ba7875cf70",
            "deprecated": false,
            "signature_version": "v1",
            "target": {
              "file": "net/socket.c",
              "function": "__sys_listen"
            },
            "signature_type": "Function"
          },
          {
            "digest": {
              "threshold": 0.9,
              "line_hashes": [
                "197318711973902298749850345758627384870",
                "105402348083738877029964037129902177962",
                "146363847908565509147441061576334824471",
                "272567212345703616174047715416597764567",
                "131424568776483165325184229286922299365",
                "57910418497508079741926538677400834840",
                "291779398535524085158407176325281323989",
                "245079526555330280944559530656047798853",
                "101514179629341399957886851694523069836",
                "29438171195447432528101212468268673840",
                "311167187935299260643866079046865674295",
                "236742545112496768464324092365438014717"
              ]
            },
            "id": "ASB-A-190402578-316c759a",
            "source": "https://git.codelinaro.org/clo/la/kernel/msm-4.19/commit/b84b5c3c6a17b3f74e29cecfdb2967ba7875cf70",
            "deprecated": false,
            "signature_version": "v1",
            "target": {
              "file": "net/socket.c"
            },
            "signature_type": "Line"
          }
        ],
        "fixes": [
          "https://source.codeaurora.org/quic/le/kernel/msm-4.19/commit/?id=b84b5c3c6a17b3f74e29cecfdb2967ba7875cf70"
        ],
        "spl": "2021-12-05",
        "severity": "High",
        "types": [
          "Unknown"
        ]
      },
      "database_specific": {
        "source": "https://storage.googleapis.com/android-osv/ASB-A-190402578.json"
      }
    }
  ],
  "schema_version": "1.6.0"
}