{
  "id": "ASB-A-172349048",
  "summary": "Use After Free in DSP Services",
  "aliases": [
    "2731406",
    "A-172349048",
    "CVE-2020-11277"
  ],
  "modified": "2024-08-13T23:59:27.183863Z",
  "published": "2021-02-01T00:00:00Z",
  "references": [
    {
      "type": "ADVISORY",
      "url": "https://source.android.com/security/bulletin/2021-02-01"
    }
  ],
  "affected": [
    {
      "package": {
        "name": ":unknown:",
        "ecosystem": "Android"
      },
      "ranges": [
        {
          "type": "ECOSYSTEM",
          "events": [
            {
              "introduced": "SoCVersion:0"
            },
            {
              "fixed": "SoCVersion:2021-02-05"
            }
          ]
        }
      ],
      "versions": [
        "SoCVersion"
      ],
      "ecosystem_specific": {
        "spl": "2021-02-05",
        "severity": "High",
        "types": [
          "Unknown"
        ]
      },
      "database_specific": {
        "source": "https://storage.googleapis.com/android-osv/ASB-A-172349048.json"
      }
    }
  ],
  "schema_version": "1.6.0"
}