{
  "id": "ASB-A-152064592",
  "summary": "FLAG_PARTIALLY_OBSCURED doesn't respect non windows",
  "details": "In several functions of InputDispatcher.cpp, WindowManagerService.java, and related files, there is a possible tapjacking attack due to an incorrect FLAG_OBSCURED value. This could lead to local escalation of privilege with no additional execution privileges needed. User interaction is needed for exploitation.",
  "aliases": [
    "A-152064592",
    "CVE-2021-0438"
  ],
  "modified": "2024-08-07T19:29:49.942109Z",
  "published": "2021-04-01T00:00:00Z",
  "references": [
    {
      "type": "ADVISORY",
      "url": "https://source.android.com/security/bulletin/2021-04-01"
    },
    {
      "type": "FIX",
      "url": "https://android.googlesource.com/platform/frameworks/base/+/d49dbebe1acc5788a300cf6772f25c8ab88a1df3"
    }
  ],
  "affected": [
    {
      "package": {
        "name": "platform/frameworks/base",
        "ecosystem": "Android"
      },
      "ranges": [
        {
          "type": "ECOSYSTEM",
          "events": [
            {
              "introduced": "8.1:0"
            },
            {
              "fixed": "8.1:2021-04-01"
            }
          ]
        }
      ],
      "versions": [
        "8.1"
      ],
      "ecosystem_specific": {
        "vanir_signatures": [
          {
            "digest": {
              "length": 11538.0,
              "function_hash": "245417364887964578931082778496842187324"
            },
            "id": "ASB-A-152064592-01b10344",
            "source": "https://android.googlesource.com/platform/frameworks/base/+/9661bf7a40d33470bcd35f15758ab71c7c635c63",
            "deprecated": false,
            "signature_version": "v1",
            "target": {
              "file": "services/core/java/com/android/server/wm/WindowManagerService.java",
              "function": "addWindow"
            },
            "signature_type": "Function"
          },
          {
            "digest": {
              "length": 6838.0,
              "function_hash": "120548723177840845919256656497900625926"
            },
            "id": "ASB-A-152064592-2cc1f695",
            "source": "https://android.googlesource.com/platform/frameworks/base/+/9661bf7a40d33470bcd35f15758ab71c7c635c63",
            "deprecated": false,
            "signature_version": "v1",
            "target": {
              "file": "core/java/android/view/ViewRootImpl.java",
              "function": "setView"
            },
            "signature_type": "Function"
          },
          {
            "digest": {
              "threshold": 0.9,
              "line_hashes": [
                "191756847136270296369553763081771832688",
                "106390184753104213513027313323794346740",
                "114298727263903920143565307254917568216",
                "85431566168118264752420830628812281522",
                "162443295245741336675999627289494297403"
              ]
            },
            "id": "ASB-A-152064592-3070776d",
            "source": "https://android.googlesource.com/platform/frameworks/base/+/9661bf7a40d33470bcd35f15758ab71c7c635c63",
            "deprecated": false,
            "signature_version": "v1",
            "target": {
              "file": "services/core/java/com/android/server/wm/WindowManagerService.java"
            },
            "signature_type": "Line"
          },
          {
            "digest": {
              "threshold": 0.9,
              "line_hashes": [
                "144314963066041979339326556589679816627",
                "26796930622200074222979280170233243811",
                "63210466038713291057509881786749335701"
              ]
            },
            "id": "ASB-A-152064592-4e9c5c27",
            "source": "https://android.googlesource.com/platform/frameworks/base/+/9661bf7a40d33470bcd35f15758ab71c7c635c63",
            "deprecated": false,
            "signature_version": "v1",
            "target": {
              "file": "core/java/android/view/InputChannel.java"
            },
            "signature_type": "Line"
          },
          {
            "digest": {
              "threshold": 0.9,
              "line_hashes": [
                "232764122002406498189910346406296609933",
                "267461055333102777668738625415609828294",
                "111687512615550132499321364881693223187",
                "107793811789574803013945368211033877433",
                "223813062959423223440481869870848888888",
                "105268195857313583150489635476326296352",
                "205111092423982176402492038393576354845",
                "207096956224682607809407367494887235819",
                "74757220120589641769880561030983441264",
                "324669705019895517519890249251155226442",
                "311504105775882186708492469294199040366"
              ]
            },
            "id": "ASB-A-152064592-9b134427",
            "source": "https://android.googlesource.com/platform/frameworks/base/+/9661bf7a40d33470bcd35f15758ab71c7c635c63",
            "deprecated": false,
            "signature_version": "v1",
            "target": {
              "file": "core/java/android/view/ViewRootImpl.java"
            },
            "signature_type": "Line"
          }
        ],
        "fixes": [
          "https://android.googlesource.com/platform/frameworks/base/+/9661bf7a40d33470bcd35f15758ab71c7c635c63"
        ],
        "spl": "2021-04-01",
        "severity": "High",
        "types": [
          "EoP"
        ]
      },
      "database_specific": {
        "source": "https://storage.googleapis.com/android-osv/ASB-A-152064592.json"
      }
    },
    {
      "package": {
        "name": "platform/frameworks/base",
        "ecosystem": "Android"
      },
      "ranges": [
        {
          "type": "ECOSYSTEM",
          "events": [
            {
              "introduced": "9:0"
            },
            {
              "fixed": "9:2021-04-01"
            }
          ]
        }
      ],
      "versions": [
        "9"
      ],
      "ecosystem_specific": {
        "vanir_signatures": [
          {
            "digest": {
              "length": 7105.0,
              "function_hash": "154181737550920605205700378612111025202"
            },
            "id": "ASB-A-152064592-2b3012c7",
            "source": "https://android.googlesource.com/platform/frameworks/base/+/0fed2d8e7e2b9757c7c40cd445772d52398478b1",
            "deprecated": false,
            "signature_version": "v1",
            "target": {
              "file": "core/java/android/view/ViewRootImpl.java",
              "function": "setView"
            },
            "signature_type": "Function"
          },
          {
            "digest": {
              "threshold": 0.9,
              "line_hashes": [
                "232764122002406498189910346406296609933",
                "267461055333102777668738625415609828294",
                "111687512615550132499321364881693223187",
                "107793811789574803013945368211033877433",
                "223813062959423223440481869870848888888",
                "105268195857313583150489635476326296352",
                "205111092423982176402492038393576354845",
                "207096956224682607809407367494887235819",
                "74757220120589641769880561030983441264",
                "324669705019895517519890249251155226442",
                "311504105775882186708492469294199040366"
              ]
            },
            "id": "ASB-A-152064592-59927bf6",
            "source": "https://android.googlesource.com/platform/frameworks/base/+/0fed2d8e7e2b9757c7c40cd445772d52398478b1",
            "deprecated": false,
            "signature_version": "v1",
            "target": {
              "file": "core/java/android/view/ViewRootImpl.java"
            },
            "signature_type": "Line"
          },
          {
            "digest": {
              "threshold": 0.9,
              "line_hashes": [
                "144314963066041979339326556589679816627",
                "26796930622200074222979280170233243811",
                "63210466038713291057509881786749335701"
              ]
            },
            "id": "ASB-A-152064592-84da5882",
            "source": "https://android.googlesource.com/platform/frameworks/base/+/0fed2d8e7e2b9757c7c40cd445772d52398478b1",
            "deprecated": false,
            "signature_version": "v1",
            "target": {
              "file": "core/java/android/view/InputChannel.java"
            },
            "signature_type": "Line"
          },
          {
            "digest": {
              "threshold": 0.9,
              "line_hashes": [
                "191756847136270296369553763081771832688",
                "106390184753104213513027313323794346740",
                "114298727263903920143565307254917568216",
                "85431566168118264752420830628812281522",
                "162443295245741336675999627289494297403"
              ]
            },
            "id": "ASB-A-152064592-ca660a01",
            "source": "https://android.googlesource.com/platform/frameworks/base/+/0fed2d8e7e2b9757c7c40cd445772d52398478b1",
            "deprecated": false,
            "signature_version": "v1",
            "target": {
              "file": "services/core/java/com/android/server/wm/WindowManagerService.java"
            },
            "signature_type": "Line"
          },
          {
            "digest": {
              "length": 11895.0,
              "function_hash": "150734779361418601709594417967709985204"
            },
            "id": "ASB-A-152064592-f1d7ea8d",
            "source": "https://android.googlesource.com/platform/frameworks/base/+/0fed2d8e7e2b9757c7c40cd445772d52398478b1",
            "deprecated": false,
            "signature_version": "v1",
            "target": {
              "file": "services/core/java/com/android/server/wm/WindowManagerService.java",
              "function": "addWindow"
            },
            "signature_type": "Function"
          }
        ],
        "fixes": [
          "https://android.googlesource.com/platform/frameworks/base/+/0fed2d8e7e2b9757c7c40cd445772d52398478b1"
        ],
        "spl": "2021-04-01",
        "severity": "High",
        "types": [
          "EoP"
        ]
      },
      "database_specific": {
        "source": "https://storage.googleapis.com/android-osv/ASB-A-152064592.json"
      }
    },
    {
      "package": {
        "name": "platform/frameworks/base",
        "ecosystem": "Android"
      },
      "ranges": [
        {
          "type": "ECOSYSTEM",
          "events": [
            {
              "introduced": "10:0"
            },
            {
              "fixed": "10:2021-04-01"
            }
          ]
        }
      ],
      "versions": [
        "10"
      ],
      "ecosystem_specific": {
        "vanir_signatures": [
          {
            "digest": {
              "threshold": 0.9,
              "line_hashes": [
                "191756847136270296369553763081771832688",
                "106390184753104213513027313323794346740",
                "114298727263903920143565307254917568216",
                "85431566168118264752420830628812281522",
                "162443295245741336675999627289494297403"
              ]
            },
            "id": "ASB-A-152064592-02ba8553",
            "source": "https://android.googlesource.com/platform/frameworks/base/+/514b3297768f4a7469117a7005556663124040f9",
            "deprecated": false,
            "signature_version": "v1",
            "target": {
              "file": "services/core/java/com/android/server/wm/WindowManagerService.java"
            },
            "signature_type": "Line"
          },
          {
            "digest": {
              "threshold": 0.9,
              "line_hashes": [
                "232764122002406498189910346406296609933",
                "267461055333102777668738625415609828294",
                "111687512615550132499321364881693223187",
                "107793811789574803013945368211033877433",
                "223813062959423223440481869870848888888",
                "105268195857313583150489635476326296352",
                "205111092423982176402492038393576354845",
                "207096956224682607809407367494887235819",
                "74757220120589641769880561030983441264",
                "324669705019895517519890249251155226442",
                "311504105775882186708492469294199040366"
              ]
            },
            "id": "ASB-A-152064592-0ef61e24",
            "source": "https://android.googlesource.com/platform/frameworks/base/+/514b3297768f4a7469117a7005556663124040f9",
            "deprecated": false,
            "signature_version": "v1",
            "target": {
              "file": "core/java/android/view/ViewRootImpl.java"
            },
            "signature_type": "Line"
          },
          {
            "digest": {
              "length": 7207.0,
              "function_hash": "83733493411385955548328862155120065153"
            },
            "id": "ASB-A-152064592-238dff57",
            "source": "https://android.googlesource.com/platform/frameworks/base/+/514b3297768f4a7469117a7005556663124040f9",
            "deprecated": false,
            "signature_version": "v1",
            "target": {
              "file": "core/java/android/view/ViewRootImpl.java",
              "function": "setView"
            },
            "signature_type": "Function"
          },
          {
            "digest": {
              "threshold": 0.9,
              "line_hashes": [
                "144314963066041979339326556589679816627",
                "26796930622200074222979280170233243811",
                "63210466038713291057509881786749335701"
              ]
            },
            "id": "ASB-A-152064592-97449418",
            "source": "https://android.googlesource.com/platform/frameworks/base/+/514b3297768f4a7469117a7005556663124040f9",
            "deprecated": false,
            "signature_version": "v1",
            "target": {
              "file": "core/java/android/view/InputChannel.java"
            },
            "signature_type": "Line"
          },
          {
            "digest": {
              "length": 11965.0,
              "function_hash": "94006466396770710472872429492784209001"
            },
            "id": "ASB-A-152064592-98f727e2",
            "source": "https://android.googlesource.com/platform/frameworks/base/+/514b3297768f4a7469117a7005556663124040f9",
            "deprecated": false,
            "signature_version": "v1",
            "target": {
              "file": "services/core/java/com/android/server/wm/WindowManagerService.java",
              "function": "addWindow"
            },
            "signature_type": "Function"
          }
        ],
        "fixes": [
          "https://android.googlesource.com/platform/frameworks/base/+/514b3297768f4a7469117a7005556663124040f9"
        ],
        "spl": "2021-04-01",
        "severity": "High",
        "types": [
          "EoP"
        ]
      },
      "database_specific": {
        "source": "https://storage.googleapis.com/android-osv/ASB-A-152064592.json"
      }
    }
  ],
  "schema_version": "1.6.0"
}