{
  "id": "ASB-A-204905109",
  "summary": "Incorrect Type Conversion or Cast in Linux Graphics",
  "aliases": [
    "3008877",
    "A-204905109",
    "CVE-2021-35091"
  ],
  "modified": "2024-08-13T23:59:29.930139Z",
  "published": "2022-04-01T00:00:00Z",
  "references": [
    {
      "type": "ADVISORY",
      "url": "https://source.android.com/security/bulletin/2022-04-01"
    },
    {
      "type": "FIX",
      "url": "https://source.codeaurora.org/quic/la/kernel/msm-5.10/commit/?id=9ca200b6d0df44ba423a908dbda97cbf4c7bb10a"
    }
  ],
  "affected": [
    {
      "package": {
        "name": ":linux_kernel:Qualcomm",
        "ecosystem": "Android"
      },
      "ranges": [
        {
          "type": "ECOSYSTEM",
          "events": [
            {
              "introduced": "SoCVersion:0"
            },
            {
              "fixed": "SoCVersion:2022-04-05"
            }
          ]
        }
      ],
      "versions": [
        "SoCVersion"
      ],
      "ecosystem_specific": {
        "vanir_signatures": [
          {
            "digest": {
              "threshold": 0.9,
              "line_hashes": [
                "137387404050047608290767598245893711666",
                "222683163649940169891606253207625968250",
                "338257919228516186168557125436372841104",
                "63997281790045224762344599995561676241",
                "206079375656061021924985388921304494424",
                "227195344745686182913041250819242138975",
                "316173606950749938598001867582249895915",
                "144893792475466931815519631371120227069",
                "81734828092132419510320804134764110154"
              ]
            },
            "id": "ASB-A-204905109-050b4ffd",
            "source": "https://git.codelinaro.org/clo/la/kernel/msm-5.10/commit/9ca200b6d0df44ba423a908dbda97cbf4c7bb10a",
            "deprecated": false,
            "signature_version": "v1",
            "target": {
              "file": "drivers/gpu/msm/kgsl_sharedmem.c"
            },
            "signature_type": "Line"
          },
          {
            "digest": {
              "length": 957.0,
              "function_hash": "37133073589383563006210211962196978122"
            },
            "id": "ASB-A-204905109-c73bf6e7",
            "source": "https://git.codelinaro.org/clo/la/kernel/msm-5.10/commit/9ca200b6d0df44ba423a908dbda97cbf4c7bb10a",
            "deprecated": false,
            "signature_version": "v1",
            "target": {
              "file": "drivers/gpu/msm/kgsl_sharedmem.c",
              "function": "kgsl_paged_vmfault"
            },
            "signature_type": "Function"
          }
        ],
        "fixes": [
          "https://source.codeaurora.org/quic/la/kernel/msm-5.10/commit/?id=9ca200b6d0df44ba423a908dbda97cbf4c7bb10a"
        ],
        "spl": "2022-04-05",
        "severity": "High",
        "types": [
          "Unknown"
        ]
      },
      "database_specific": {
        "source": "https://storage.googleapis.com/android-osv/ASB-A-204905109.json"
      }
    }
  ],
  "schema_version": "1.6.0"
}