{
  "id": "ASB-A-184561582",
  "summary": "[Q-Case#05163861]Security Vulnerability - Reachable Assertion in WLAN",
  "aliases": [
    "2810235",
    "2857049",
    "2857052",
    "A-184561582",
    "CVE-2021-1955"
  ],
  "modified": "2024-08-14T00:12:02.356414Z",
  "published": "2021-07-01T00:00:00Z",
  "references": [
    {
      "type": "ADVISORY",
      "url": "https://source.android.com/security/bulletin/2021-07-01"
    },
    {
      "type": "FIX",
      "url": "https://source.codeaurora.org/quic/la/platform/vendor/qcom-opensource/wlan/qcacld-3.0/commit/?id=e3731bc5080eb91349d3adc6aaf6b9f43481d2df"
    },
    {
      "type": "FIX",
      "url": "https://source.codeaurora.org/quic/le/platform/vendor/qcom-opensource/wlan/qcacld-2.0/commit/?id=c275fefd8ce11ea9414dcafd54793fdae7caccd1"
    },
    {
      "type": "FIX",
      "url": "https://source.codeaurora.org/quic/le/platform/vendor/qcom-opensource/wlan/qcacld-2.0/commit/?id=55974aef92f38a46d5143a1dc436edf6c2fcc3dd"
    }
  ],
  "affected": [
    {
      "package": {
        "name": "platform/vendor/qcom-opensource/wlan/qcacld-2.0",
        "ecosystem": "Android"
      },
      "ranges": [
        {
          "type": "ECOSYSTEM",
          "events": [
            {
              "introduced": "SoCVersion:0"
            },
            {
              "fixed": "SoCVersion:2021-07-05"
            }
          ]
        }
      ],
      "versions": [
        "SoCVersion"
      ],
      "ecosystem_specific": {
        "vanir_signatures": [
          {
            "digest": {
              "threshold": 0.9,
              "line_hashes": [
                "108634121707569720381744382468368854449",
                "86015382726141765861357087435808213324",
                "109164010340259069136314532682543050330",
                "35070954297974310338690759204568053051",
                "57020633676895644149234675306394458046"
              ]
            },
            "id": "ASB-A-184561582-0f107c7b",
            "source": "https://git.codelinaro.org/clo/la/platform/vendor/qcom-opensource/wlan/qcacld-2.0/commit/55974aef92f38a46d5143a1dc436edf6c2fcc3dd",
            "deprecated": false,
            "signature_version": "v1",
            "target": {
              "file": "CORE/MAC/src/pe/lim/limProcessMlmRspMessages.c"
            },
            "signature_type": "Line"
          },
          {
            "digest": {
              "threshold": 0.9,
              "line_hashes": [
                "155050701273503366028293650343659214274",
                "43502891296379134914151143560678888725",
                "60282880292504643625838361933665445664",
                "252522626459519091609681660150397659926",
                "166312483789850770052560670821085788285"
              ]
            },
            "id": "ASB-A-184561582-295228ad",
            "source": "https://git.codelinaro.org/clo/la/platform/vendor/qcom-opensource/wlan/qcacld-2.0/commit/c275fefd8ce11ea9414dcafd54793fdae7caccd1",
            "deprecated": false,
            "signature_version": "v1",
            "target": {
              "file": "CORE/MAC/src/pe/lim/limTypes.h"
            },
            "signature_type": "Line"
          },
          {
            "digest": {
              "length": 11940.0,
              "function_hash": "151230507511220372709597179698212483018"
            },
            "id": "ASB-A-184561582-6087bdc8",
            "source": "https://git.codelinaro.org/clo/la/platform/vendor/qcom-opensource/wlan/qcacld-2.0/commit/55974aef92f38a46d5143a1dc436edf6c2fcc3dd",
            "deprecated": false,
            "signature_version": "v1",
            "target": {
              "file": "CORE/MAC/src/pe/lim/limProcessAssocReqFrame.c",
              "function": "limSendMlmAssocInd"
            },
            "signature_type": "Function"
          },
          {
            "digest": {
              "threshold": 0.9,
              "line_hashes": [
                "128793099624045932790457044860225100323",
                "34320075843730377771320877041296467082",
                "241206185629931011268551223356151097714",
                "340160128569356138099408899501450808608",
                "132449514678653879727636085013942714461",
                "333845347612476613614496500055276574103",
                "744572828692681988931896361262519099",
                "34462801868865638483755595829736622047",
                "6106705427296045927893255589840273873",
                "215276135183221666507651236114143293825",
                "93630607826932806453140433156813088109",
                "112690232264702972297165555578360568708",
                "1146794191470302957966241000615440658",
                "83944497608771585972294961257408233464",
                "2987735865059871737240938353604707784",
                "223797118124721801311656050432382799097",
                "174505944524829771408648398481224007459",
                "200374209346916591737862556816863815362",
                "58777241320939072425124753036145106765"
              ]
            },
            "id": "ASB-A-184561582-7bc4d0ef",
            "source": "https://git.codelinaro.org/clo/la/platform/vendor/qcom-opensource/wlan/qcacld-2.0/commit/c275fefd8ce11ea9414dcafd54793fdae7caccd1",
            "deprecated": false,
            "signature_version": "v1",
            "target": {
              "file": "CORE/MAC/src/pe/lim/limProcessAssocReqFrame.c"
            },
            "signature_type": "Line"
          },
          {
            "digest": {
              "threshold": 0.9,
              "line_hashes": [
                "128793099624045932790457044860225100323",
                "34320075843730377771320877041296467082",
                "241206185629931011268551223356151097714",
                "340160128569356138099408899501450808608",
                "132449514678653879727636085013942714461",
                "333845347612476613614496500055276574103",
                "744572828692681988931896361262519099",
                "34462801868865638483755595829736622047",
                "6106705427296045927893255589840273873",
                "215276135183221666507651236114143293825",
                "93630607826932806453140433156813088109",
                "112690232264702972297165555578360568708",
                "1146794191470302957966241000615440658",
                "83944497608771585972294961257408233464",
                "2987735865059871737240938353604707784",
                "223797118124721801311656050432382799097",
                "174505944524829771408648398481224007459",
                "200374209346916591737862556816863815362",
                "58777241320939072425124753036145106765"
              ]
            },
            "id": "ASB-A-184561582-a4f71587",
            "source": "https://git.codelinaro.org/clo/la/platform/vendor/qcom-opensource/wlan/qcacld-2.0/commit/55974aef92f38a46d5143a1dc436edf6c2fcc3dd",
            "deprecated": false,
            "signature_version": "v1",
            "target": {
              "file": "CORE/MAC/src/pe/lim/limProcessAssocReqFrame.c"
            },
            "signature_type": "Line"
          },
          {
            "digest": {
              "length": 1488.0,
              "function_hash": "222423024308378844378598676988478076530"
            },
            "id": "ASB-A-184561582-b6f276ce",
            "source": "https://git.codelinaro.org/clo/la/platform/vendor/qcom-opensource/wlan/qcacld-2.0/commit/55974aef92f38a46d5143a1dc436edf6c2fcc3dd",
            "deprecated": false,
            "signature_version": "v1",
            "target": {
              "file": "CORE/MAC/src/pe/lim/limProcessMlmRspMessages.c",
              "function": "limProcessBtAmpApMlmAddStaRsp"
            },
            "signature_type": "Function"
          },
          {
            "digest": {
              "threshold": 0.9,
              "line_hashes": [
                "155050701273503366028293650343659214274",
                "43502891296379134914151143560678888725",
                "60282880292504643625838361933665445664",
                "252522626459519091609681660150397659926",
                "166312483789850770052560670821085788285"
              ]
            },
            "id": "ASB-A-184561582-c695cae8",
            "source": "https://git.codelinaro.org/clo/la/platform/vendor/qcom-opensource/wlan/qcacld-2.0/commit/55974aef92f38a46d5143a1dc436edf6c2fcc3dd",
            "deprecated": false,
            "signature_version": "v1",
            "target": {
              "file": "CORE/MAC/src/pe/lim/limTypes.h"
            },
            "signature_type": "Line"
          },
          {
            "digest": {
              "threshold": 0.9,
              "line_hashes": [
                "108634121707569720381744382468368854449",
                "86015382726141765861357087435808213324",
                "109164010340259069136314532682543050330",
                "35070954297974310338690759204568053051",
                "57020633676895644149234675306394458046"
              ]
            },
            "id": "ASB-A-184561582-e703b9da",
            "source": "https://git.codelinaro.org/clo/la/platform/vendor/qcom-opensource/wlan/qcacld-2.0/commit/c275fefd8ce11ea9414dcafd54793fdae7caccd1",
            "deprecated": false,
            "signature_version": "v1",
            "target": {
              "file": "CORE/MAC/src/pe/lim/limProcessMlmRspMessages.c"
            },
            "signature_type": "Line"
          },
          {
            "digest": {
              "length": 11826.0,
              "function_hash": "38571056266283530702764050765707274460"
            },
            "id": "ASB-A-184561582-e9a77ea8",
            "source": "https://git.codelinaro.org/clo/la/platform/vendor/qcom-opensource/wlan/qcacld-2.0/commit/c275fefd8ce11ea9414dcafd54793fdae7caccd1",
            "deprecated": false,
            "signature_version": "v1",
            "target": {
              "file": "CORE/MAC/src/pe/lim/limProcessAssocReqFrame.c",
              "function": "limSendMlmAssocInd"
            },
            "signature_type": "Function"
          },
          {
            "digest": {
              "length": 1488.0,
              "function_hash": "222423024308378844378598676988478076530"
            },
            "id": "ASB-A-184561582-f1d08e04",
            "source": "https://git.codelinaro.org/clo/la/platform/vendor/qcom-opensource/wlan/qcacld-2.0/commit/c275fefd8ce11ea9414dcafd54793fdae7caccd1",
            "deprecated": false,
            "signature_version": "v1",
            "target": {
              "file": "CORE/MAC/src/pe/lim/limProcessMlmRspMessages.c",
              "function": "limProcessBtAmpApMlmAddStaRsp"
            },
            "signature_type": "Function"
          }
        ],
        "fixes": [
          "https://source.codeaurora.org/quic/le/platform/vendor/qcom-opensource/wlan/qcacld-2.0/commit/?id=c275fefd8ce11ea9414dcafd54793fdae7caccd1",
          "https://source.codeaurora.org/quic/le/platform/vendor/qcom-opensource/wlan/qcacld-2.0/commit/?id=55974aef92f38a46d5143a1dc436edf6c2fcc3dd"
        ],
        "spl": "2021-07-05",
        "severity": "High",
        "types": [
          "Unknown"
        ]
      },
      "database_specific": {
        "source": "https://storage.googleapis.com/android-osv/ASB-A-184561582.json"
      }
    },
    {
      "package": {
        "name": "platform/vendor/qcom-opensource/wlan/qcacld-3.0",
        "ecosystem": "Android"
      },
      "ranges": [
        {
          "type": "ECOSYSTEM",
          "events": [
            {
              "introduced": "SoCVersion:0"
            },
            {
              "fixed": "SoCVersion:2021-07-05"
            }
          ]
        }
      ],
      "versions": [
        "SoCVersion"
      ],
      "ecosystem_specific": {
        "vanir_signatures": [
          {
            "digest": {
              "length": 1489.0,
              "function_hash": "88297181644597097614142886197811421817"
            },
            "id": "ASB-A-184561582-4669e9e9",
            "source": "https://git.codelinaro.org/clo/la/platform/vendor/qcom-opensource/wlan/qcacld-3.0/commit/e3731bc5080eb91349d3adc6aaf6b9f43481d2df",
            "deprecated": false,
            "signature_version": "v1",
            "target": {
              "file": "core/mac/src/pe/lim/lim_process_mlm_rsp_messages.c",
              "function": "lim_process_ap_mlm_add_sta_rsp"
            },
            "signature_type": "Function"
          },
          {
            "digest": {
              "length": 5780.0,
              "function_hash": "312369861715931776647284983847856229561"
            },
            "id": "ASB-A-184561582-874045e4",
            "source": "https://git.codelinaro.org/clo/la/platform/vendor/qcom-opensource/wlan/qcacld-3.0/commit/e3731bc5080eb91349d3adc6aaf6b9f43481d2df",
            "deprecated": false,
            "signature_version": "v1",
            "target": {
              "file": "core/mac/src/pe/lim/lim_process_assoc_req_frame.c",
              "function": "lim_send_mlm_assoc_ind"
            },
            "signature_type": "Function"
          },
          {
            "digest": {
              "threshold": 0.9,
              "line_hashes": [
                "250520806111830314681861557865120646480",
                "5208658217518476440163734818289310188",
                "300446708552694052372029331287620755383",
                "157469607326554160975904059823566429188",
                "15851694384122082499855708029715113748",
                "188278508534875925207976633062784025393",
                "196819386108767629593464649523237489345",
                "261486335441396438318465178811105089168",
                "37283734199552799350697162031269652438",
                "269773968632209641014319255948364974492",
                "232177188610571457259596376269192303588",
                "270326206867457113022823742669063751954",
                "90564178648179170303189405597385278421",
                "79542498917171901539317108234621677775",
                "265913043693514296063376690825744792957",
                "139987966850682405392737954394698288686",
                "271941498311355470182228768750945703154",
                "240945493291940365753086157969785721174",
                "115480927227490417246679792356540305870",
                "263881426126660238801459539000467928471",
                "95740739057088140114651350461178598516",
                "272143810621308379481700101065600053086",
                "106435847598142485698139668591452905397",
                "186644416834912189910403169133475967632",
                "268737104506995876902294780256480857998",
                "204468240278870370161665938442755578812",
                "165032283665986905095685739099719033101",
                "104747650810549363604283392613983113837",
                "92252187755014397897166061786464941583",
                "281238702092028705368166804790438778360",
                "328547635855477789833297878238043736175",
                "57895083795247687602517717019951181823",
                "314855958793222379392300092085366853206",
                "169002590604440994631889610643912597379",
                "272901140955308026120841053628038392482",
                "226537246448511166217081868677738956891",
                "72686517769508665844130621777151730332",
                "233584968159504427760860390085761547280",
                "36865880903308921545544907106713829916",
                "255570271452425207203261402130262693405",
                "125605404439747668116232327540840443012",
                "122591335961531752986218608214052712044",
                "248660122665792843561161161740437034438",
                "11447868954178510471428488982520605845",
                "20928695119906330480419371554741067527",
                "170677906627582370725390369932465382858",
                "15034423550755757155290135782324246624",
                "36869837173968343423392269683101438486",
                "141360823218774033530884750733773387778",
                "322397563214443235058669947567752206876",
                "1433995342493547554975652729324064235",
                "330343089327610517877589601443638321516",
                "313278589526475869694118182342274515273",
                "234331402444717584412880941581167457848",
                "25489792214984980462523229174662813521",
                "38131658975579647512559715516724876638",
                "24353639637777520353673571935350226060",
                "69012581147946764411922718033737804947",
                "155409715380576649632737402806258363273",
                "248443633426475695087746981716701928764",
                "109233936824669946495453149811969294629",
                "303541904117523888017285761527298083546",
                "6016209081553665537392625567274145199",
                "239954463925082430094711963950773689608",
                "336091494537900013817189423637849587411",
                "133303192779602034241339921207359257197",
                "125030698462315605124829326642139854011",
                "221541609252397968831275382690997729669",
                "138662096657057190282811255217212093482",
                "256252714875540849440648965344263990986",
                "74923702847778048706674760571864747452",
                "267804268344305468971770811564123476784",
                "65230026102431445320846900636808621167",
                "61516493682896913484437850839813763594",
                "254649842164995555967087109036220197541",
                "162855198426683119242905731409464698304",
                "244559634543003558062018119653859653336",
                "190267905050152613610733964344815811061",
                "111543645087724607106320769591304995142",
                "274393379017039200273790878496095194227",
                "4833742982223127611002693129897534254",
                "293249227522163150793092001826863653121",
                "200625484197197428004383033117325594281",
                "187834617650132321805311848479138203730",
                "139756110835597109723676707688021241240",
                "187459423920259092798328930259182934258",
                "211497142260612433769336905272229374949",
                "338166971524282923543250275458174846106",
                "261579053798541567830959970642119325092",
                "27505394300654575944390191984824330839",
                "159590423760515057136905905971777094690",
                "157452651753191909319620615386322937291",
                "160377022241967681070195980257151292286",
                "93799124592947052934379953056036210364",
                "52939234085659262092476974767386586952",
                "38984889661928376181170105862337637352",
                "14794237782709639646678269609739560441",
                "332200972187586898704883797764739584482",
                "309358555277810171340590078043876831104",
                "68194004194775085672472718845061500596",
                "53413901228637357720343610761755863773",
                "336354258384793081559832893299414031759",
                "228020896502165567417552746352583167802",
                "152591336238270263307497355359707823628",
                "121233612477664669504956630550480382348",
                "78073378009987366589983032494578423985",
                "69169305151035637255362410421791415801",
                "80423523061529244978091418061559371102",
                "88468831986247208717473496412103509229",
                "11317017292446988197469050908073338663",
                "64893813089335012325897190192823891816",
                "267940393759439447799728387327718572315",
                "289521424602916905021006675658611740806",
                "77597598428794145704964640992376538857",
                "11159060735336856562642674896320467418",
                "84980243693977238423802198158263110751",
                "76158836322132482085556640311189687896",
                "277777491436294344825285345265941726085",
                "78064446503639401278842893629847340782",
                "23580000529825283868095255473711111052",
                "323364422138201941679636534419260770332",
                "5313833601147401133349270158431028971",
                "7046381780974972222908699043171155436",
                "135597240720509941181030561383366241907",
                "237215234040629622917851737914008324320",
                "85109710776609639810065485913872400348",
                "26514918361116477159791419645442820177",
                "39848387418340187793198953565155604714",
                "23518187253137526695843902047606846941",
                "211144682780157081831850759984299865021",
                "293839328513546870723816710499493131685",
                "256391496139803001829047833486393170741",
                "13925920925448336786132209013448926188",
                "74443707154582629166045212954993731401",
                "251829955684416741201923929998458007802",
                "166159998039468342640560085922201786860",
                "239884513240080657100846876373074323179",
                "55276771245542933210241063260503577578",
                "156386418031623039484937576204917444772",
                "51809656661940586504246251417313976785",
                "212774539893168257971780446852259024130",
                "155328706831376434699908879869137499904",
                "265829602298228474596036736901915318255",
                "155780376275636552259996810611450919705",
                "308172092783347384660896756340576754654",
                "274529524989236390611925676281032839473",
                "315197922005240129443182164139039610391",
                "9519721000496257487605403044370183186",
                "4123488964275118172040477468301195200",
                "40216462123420069981276924234025719419",
                "281568515636978405590510687387166659932",
                "192239028977981690768698470546408315268",
                "48652814770391312383320431799781789772",
                "127144137500697867050433637530790979478",
                "162532379687246651299840856503221649754",
                "264158763687705143127611286051326186423",
                "216452319944507798586182065507745192546",
                "240593200369307151333842086483570709261",
                "257565605703799132578929592531111199439",
                "302296079199621837469934516028846731532",
                "222284263654834042939979457402779204389",
                "246954140773247707468778763892145707780",
                "277221776983829907227730633350397851375",
                "22017554270087854204056589350580687268",
                "327763345434179956041839052344000756364",
                "179008093132766164221416668112310246511",
                "265299531706638279536608598215103236466",
                "227159177466140160671288637589488300350",
                "30464676546206551525176718196964084666",
                "218105912908388078239135408221007953847",
                "312648495167744866773129579376524384697",
                "222134818588315076408381040426645032395",
                "155054422457081481956050950341497579728",
                "22224450389501907990783279080044218718",
                "38695910865193735310544667599888504000",
                "5200062714897598127034400500683960798",
                "29547873027916034650316818853446940128"
              ]
            },
            "id": "ASB-A-184561582-a8215dce",
            "source": "https://git.codelinaro.org/clo/la/platform/vendor/qcom-opensource/wlan/qcacld-3.0/commit/e3731bc5080eb91349d3adc6aaf6b9f43481d2df",
            "deprecated": false,
            "signature_version": "v1",
            "target": {
              "file": "core/mac/src/pe/lim/lim_process_assoc_req_frame.c"
            },
            "signature_type": "Line"
          },
          {
            "digest": {
              "threshold": 0.9,
              "line_hashes": [
                "15328095940853184283801522874548934408",
                "2103337548927812695740171532827959521",
                "35986064091774169087769834856250899599",
                "14984325371607192140318347510634051644",
                "319150473448568280216913133621418966220",
                "129104129809152817729815728344474494481",
                "11163078821986918357648204820554766208",
                "91436106949661560140485439224191396176",
                "128303799929448004245020417255955669270",
                "275851054951441449344174869598835114214",
                "30412982413809936030918031242476790781",
                "242877695257512244865529977009672618480"
              ]
            },
            "id": "ASB-A-184561582-ba60ced7",
            "source": "https://git.codelinaro.org/clo/la/platform/vendor/qcom-opensource/wlan/qcacld-3.0/commit/e3731bc5080eb91349d3adc6aaf6b9f43481d2df",
            "deprecated": false,
            "signature_version": "v1",
            "target": {
              "file": "core/mac/src/pe/lim/lim_process_mlm_rsp_messages.c"
            },
            "signature_type": "Line"
          },
          {
            "digest": {
              "threshold": 0.9,
              "line_hashes": [
                "320388839037819297540814449165315387773",
                "37363279506956505516226853081770975378",
                "161944314895940836294827715237751354101",
                "131430023846783409474510589058032090960",
                "195192993011706862592336293624348827424",
                "323258686839066685986486217031653477540"
              ]
            },
            "id": "ASB-A-184561582-bdfb6530",
            "source": "https://git.codelinaro.org/clo/la/platform/vendor/qcom-opensource/wlan/qcacld-3.0/commit/e3731bc5080eb91349d3adc6aaf6b9f43481d2df",
            "deprecated": false,
            "signature_version": "v1",
            "target": {
              "file": "core/mac/src/pe/lim/lim_types.h"
            },
            "signature_type": "Line"
          }
        ],
        "fixes": [
          "https://source.codeaurora.org/quic/la/platform/vendor/qcom-opensource/wlan/qcacld-3.0/commit/?id=e3731bc5080eb91349d3adc6aaf6b9f43481d2df"
        ],
        "spl": "2021-07-05",
        "severity": "High",
        "types": [
          "Unknown"
        ]
      },
      "database_specific": {
        "source": "https://storage.googleapis.com/android-osv/ASB-A-184561582.json"
      }
    }
  ],
  "schema_version": "1.6.0"
}