{
  "id": "ASB-A-129287265",
  "summary": "Crafted instance of android.accounts.Account causes full loss of non cloud user data",
  "details": "In Account of Account.java, there is a possible boot loop due to improper input validation. This could lead to local denial of service with no additional execution privileges needed. User interaction is not needed for exploitation.",
  "aliases": [
    "A-129287265",
    "CVE-2019-9376"
  ],
  "modified": "2024-08-07T19:29:09.606829Z",
  "published": "2021-01-01T00:00:00Z",
  "references": [
    {
      "type": "ADVISORY",
      "url": "https://source.android.com/security/bulletin/2021-01-01"
    },
    {
      "type": "FIX",
      "url": "https://android.googlesource.com/platform/frameworks/base/+/32e85796389f57e2539c28f9e670277ab610459a"
    }
  ],
  "affected": [
    {
      "package": {
        "name": "platform/frameworks/base",
        "ecosystem": "Android"
      },
      "ranges": [
        {
          "type": "ECOSYSTEM",
          "events": [
            {
              "introduced": "8.0:0"
            },
            {
              "fixed": "8.0:2021-01-01"
            }
          ]
        }
      ],
      "versions": [
        "8.0"
      ],
      "ecosystem_specific": {
        "vanir_signatures": [
          {
            "digest": {
              "length": 502.0,
              "function_hash": "303272402508098275636729450647001765464"
            },
            "id": "ASB-A-129287265-0f220cb9",
            "source": "https://android.googlesource.com/platform/frameworks/base/+/32e85796389f57e2539c28f9e670277ab610459a",
            "deprecated": false,
            "signature_version": "v1",
            "target": {
              "file": "core/java/android/accounts/Account.java",
              "function": "Account"
            },
            "signature_type": "Function"
          },
          {
            "digest": {
              "threshold": 0.9,
              "line_hashes": [
                "240678306769112865673036937849606237874",
                "204034619643449479767973298642443106729",
                "289227224245239442804117635816539488005",
                "257172067581006261837950954908487293128"
              ]
            },
            "id": "ASB-A-129287265-0ff6bbea",
            "source": "https://android.googlesource.com/platform/frameworks/base/+/32e85796389f57e2539c28f9e670277ab610459a",
            "deprecated": false,
            "signature_version": "v1",
            "target": {
              "file": "core/java/android/accounts/Account.java"
            },
            "signature_type": "Line"
          }
        ],
        "fixes": [
          "https://android.googlesource.com/platform/frameworks/base/+/32e85796389f57e2539c28f9e670277ab610459a"
        ],
        "spl": "2021-01-01",
        "severity": "High",
        "types": [
          "DoS"
        ]
      },
      "database_specific": {
        "source": "https://storage.googleapis.com/android-osv/ASB-A-129287265.json"
      }
    },
    {
      "package": {
        "name": "platform/frameworks/base",
        "ecosystem": "Android"
      },
      "ranges": [
        {
          "type": "ECOSYSTEM",
          "events": [
            {
              "introduced": "8.1:0"
            },
            {
              "fixed": "8.1:2021-01-01"
            }
          ]
        }
      ],
      "versions": [
        "8.1"
      ],
      "ecosystem_specific": {
        "vanir_signatures": [
          {
            "digest": {
              "length": 502.0,
              "function_hash": "303272402508098275636729450647001765464"
            },
            "id": "ASB-A-129287265-2afca73b",
            "source": "https://android.googlesource.com/platform/frameworks/base/+/32e85796389f57e2539c28f9e670277ab610459a",
            "deprecated": false,
            "signature_version": "v1",
            "target": {
              "file": "core/java/android/accounts/Account.java",
              "function": "Account"
            },
            "signature_type": "Function"
          },
          {
            "digest": {
              "threshold": 0.9,
              "line_hashes": [
                "240678306769112865673036937849606237874",
                "204034619643449479767973298642443106729",
                "289227224245239442804117635816539488005",
                "257172067581006261837950954908487293128"
              ]
            },
            "id": "ASB-A-129287265-39551a0c",
            "source": "https://android.googlesource.com/platform/frameworks/base/+/32e85796389f57e2539c28f9e670277ab610459a",
            "deprecated": false,
            "signature_version": "v1",
            "target": {
              "file": "core/java/android/accounts/Account.java"
            },
            "signature_type": "Line"
          }
        ],
        "fixes": [
          "https://android.googlesource.com/platform/frameworks/base/+/32e85796389f57e2539c28f9e670277ab610459a"
        ],
        "spl": "2021-01-01",
        "severity": "High",
        "types": [
          "DoS"
        ]
      },
      "database_specific": {
        "source": "https://storage.googleapis.com/android-osv/ASB-A-129287265.json"
      }
    },
    {
      "package": {
        "name": "platform/frameworks/base",
        "ecosystem": "Android"
      },
      "ranges": [
        {
          "type": "ECOSYSTEM",
          "events": [
            {
              "introduced": "9:0"
            },
            {
              "fixed": "9:2021-01-01"
            }
          ]
        }
      ],
      "versions": [
        "9"
      ],
      "ecosystem_specific": {
        "vanir_signatures": [
          {
            "digest": {
              "length": 502.0,
              "function_hash": "303272402508098275636729450647001765464"
            },
            "id": "ASB-A-129287265-7583fa11",
            "source": "https://android.googlesource.com/platform/frameworks/base/+/32e85796389f57e2539c28f9e670277ab610459a",
            "deprecated": false,
            "signature_version": "v1",
            "target": {
              "file": "core/java/android/accounts/Account.java",
              "function": "Account"
            },
            "signature_type": "Function"
          },
          {
            "digest": {
              "threshold": 0.9,
              "line_hashes": [
                "240678306769112865673036937849606237874",
                "204034619643449479767973298642443106729",
                "289227224245239442804117635816539488005",
                "257172067581006261837950954908487293128"
              ]
            },
            "id": "ASB-A-129287265-8a3156de",
            "source": "https://android.googlesource.com/platform/frameworks/base/+/32e85796389f57e2539c28f9e670277ab610459a",
            "deprecated": false,
            "signature_version": "v1",
            "target": {
              "file": "core/java/android/accounts/Account.java"
            },
            "signature_type": "Line"
          }
        ],
        "fixes": [
          "https://android.googlesource.com/platform/frameworks/base/+/32e85796389f57e2539c28f9e670277ab610459a"
        ],
        "spl": "2021-01-01",
        "severity": "High",
        "types": [
          "DoS"
        ]
      },
      "database_specific": {
        "source": "https://storage.googleapis.com/android-osv/ASB-A-129287265.json"
      }
    }
  ],
  "schema_version": "1.6.0"
}