{
  "id": "ASB-A-168917883",
  "summary": "Use After Free in Display",
  "aliases": [
    "2761634",
    "A-168917883",
    "CVE-2020-11290"
  ],
  "modified": "2024-08-13T23:59:27.588565Z",
  "published": "2021-03-01T00:00:00Z",
  "references": [
    {
      "type": "ADVISORY",
      "url": "https://source.android.com/security/bulletin/2021-03-01"
    },
    {
      "type": "FIX",
      "url": "https://source.codeaurora.org/quic/la/kernel/msm-4.9/commit/?id=1f383b13c485d9b2d083b01c0bda52641e2a83bd"
    }
  ],
  "affected": [
    {
      "package": {
        "name": ":linux_kernel:Qualcomm",
        "ecosystem": "Android"
      },
      "ranges": [
        {
          "type": "ECOSYSTEM",
          "events": [
            {
              "introduced": "SoCVersion:0"
            },
            {
              "fixed": "SoCVersion:2021-03-05"
            }
          ]
        }
      ],
      "versions": [
        "SoCVersion"
      ],
      "ecosystem_specific": {
        "vanir_signatures": [
          {
            "digest": {
              "threshold": 0.9,
              "line_hashes": [
                "256833228359102359982445766960099186622",
                "205558318681552611397029760384068518523",
                "193144841301974153165448429519127355668",
                "299100602506286126680581966509997409407",
                "257477240292609070813415912790070391895",
                "76835549974216776792065850671503021334",
                "128100627276013145808370352001857461350",
                "50328657481570204925478128783964924227",
                "203737503555913041489179921044363549606",
                "8416025000686174891950052426900098348",
                "73574960645260242849526354274248999692",
                "37595063494701698843074383651585582573",
                "106690460201382005701917477758135390454",
                "234799570983463214263222930172720015661",
                "4721215051804036892548181004068344747",
                "232099037143487935418628839127552887516",
                "80881597001884059933064356163367043723",
                "47276202522249593102293325727198639897",
                "331919824914349787333143135620324785544"
              ]
            },
            "id": "ASB-A-168917883-64d8eb2a",
            "source": "https://git.codelinaro.org/clo/la/kernel/msm-4.9/commit/1f383b13c485d9b2d083b01c0bda52641e2a83bd",
            "deprecated": false,
            "signature_version": "v1",
            "target": {
              "file": "drivers/gpu/drm/msm/msm_drv.c"
            },
            "signature_type": "Line"
          },
          {
            "digest": {
              "length": 1715.0,
              "function_hash": "228541668979061200228206630339601562640"
            },
            "id": "ASB-A-168917883-e44e1cf0",
            "source": "https://git.codelinaro.org/clo/la/kernel/msm-4.9/commit/1f383b13c485d9b2d083b01c0bda52641e2a83bd",
            "deprecated": false,
            "signature_version": "v1",
            "target": {
              "file": "drivers/gpu/drm/msm/msm_drv.c",
              "function": "msm_ioctl_register_event"
            },
            "signature_type": "Function"
          }
        ],
        "fixes": [
          "https://source.codeaurora.org/quic/la/kernel/msm-4.9/commit/?id=1f383b13c485d9b2d083b01c0bda52641e2a83bd"
        ],
        "spl": "2021-03-05",
        "severity": "High",
        "types": [
          "Unknown"
        ]
      },
      "database_specific": {
        "source": "https://storage.googleapis.com/android-osv/ASB-A-168917883.json"
      }
    }
  ],
  "schema_version": "1.6.0"
}