{
  "id": "ASB-A-204905738",
  "summary": "[Q-Case#05512601]Security Vulnerability - Buffer Over-read in WLAN",
  "aliases": [
    "3007473",
    "A-204905738",
    "CVE-2021-35088"
  ],
  "modified": "2024-08-13T23:59:29.867053Z",
  "published": "2022-03-01T00:00:00Z",
  "references": [
    {
      "type": "ADVISORY",
      "url": "https://source.android.com/security/bulletin/2022-03-01"
    },
    {
      "type": "FIX",
      "url": "https://source.codeaurora.org/quic/qsdk/platform/vendor/qcom-opensource/wlan/qca-wifi-host-cmn/commit/?id=6196d775c367df4dca39bf5c20546058bd4b6cc6"
    }
  ],
  "affected": [
    {
      "package": {
        "name": "platform/vendor/qcom-opensource/wlan/qca-wifi-host-cmn",
        "ecosystem": "Android"
      },
      "ranges": [
        {
          "type": "ECOSYSTEM",
          "events": [
            {
              "introduced": "SoCVersion:0"
            },
            {
              "fixed": "SoCVersion:2022-03-05"
            }
          ]
        }
      ],
      "versions": [
        "SoCVersion"
      ],
      "ecosystem_specific": {
        "fixes": [
          "https://source.codeaurora.org/quic/qsdk/platform/vendor/qcom-opensource/wlan/qca-wifi-host-cmn/commit/?id=6196d775c367df4dca39bf5c20546058bd4b6cc6"
        ],
        "spl": "2022-03-05",
        "severity": "High",
        "types": [
          "Unknown"
        ]
      },
      "database_specific": {
        "source": "https://storage.googleapis.com/android-osv/ASB-A-204905738.json"
      }
    }
  ],
  "schema_version": "1.6.0"
}