{
  "id": "ASB-A-184561361",
  "summary": "[Q-Case#05163856]Security Vulnerability - Buffer Over-read in WLAN",
  "aliases": [
    "2836205",
    "A-184561361",
    "CVE-2021-1943"
  ],
  "modified": "2024-08-13T23:59:28.308653Z",
  "published": "2021-07-01T00:00:00Z",
  "references": [
    {
      "type": "ADVISORY",
      "url": "https://source.android.com/security/bulletin/2021-07-01"
    },
    {
      "type": "FIX",
      "url": "https://source.codeaurora.org/quic/qsdk/platform/vendor/qcom-opensource/wlan/qca-wifi-host-cmn/commit/?id=67129820f7352fbf96415e632f7cd746bfbc6185"
    }
  ],
  "affected": [
    {
      "package": {
        "name": "platform/vendor/qcom-opensource/wlan/qca-wifi-host-cmn",
        "ecosystem": "Android"
      },
      "ranges": [
        {
          "type": "ECOSYSTEM",
          "events": [
            {
              "introduced": "SoCVersion:0"
            },
            {
              "fixed": "SoCVersion:2021-07-05"
            }
          ]
        }
      ],
      "versions": [
        "SoCVersion"
      ],
      "ecosystem_specific": {
        "fixes": [
          "https://source.codeaurora.org/quic/qsdk/platform/vendor/qcom-opensource/wlan/qca-wifi-host-cmn/commit/?id=67129820f7352fbf96415e632f7cd746bfbc6185"
        ],
        "spl": "2021-07-05",
        "severity": "High",
        "types": [
          "Unknown"
        ]
      },
      "database_specific": {
        "source": "https://storage.googleapis.com/android-osv/ASB-A-184561361.json"
      }
    }
  ],
  "schema_version": "1.6.0"
}