{
  "id": "ASB-A-168692734",
  "summary": "Synthetic password gets overwritten when password reset token is auto-activated.",
  "details": "In addEscrowToken of LockSettingsService.java, there is a possible loss of the synthetic password due to logic error. This could lead to local denial of service with no additional execution privileges needed. User interaction is not needed for exploitation.",
  "aliases": [
    "A-168692734",
    "CVE-2020-0469"
  ],
  "modified": "2024-08-07T19:30:17.020592Z",
  "published": "2020-12-01T00:00:00Z",
  "references": [
    {
      "type": "ADVISORY",
      "url": "https://source.android.com/security/bulletin/2020-12-01"
    },
    {
      "type": "FIX",
      "url": "https://android.googlesource.com/platform/frameworks/base/+/1a6f1fb402b96df561b9672aef1e4fce8a13de80"
    }
  ],
  "affected": [
    {
      "package": {
        "name": "platform/frameworks/base",
        "ecosystem": "Android"
      },
      "ranges": [
        {
          "type": "ECOSYSTEM",
          "events": [
            {
              "introduced": "11:0"
            },
            {
              "fixed": "11:2020-12-01"
            }
          ]
        }
      ],
      "versions": [
        "11"
      ],
      "ecosystem_specific": {
        "vanir_signatures": [
          {
            "digest": {
              "length": 855.0,
              "function_hash": "331169300333107926343020140939072705206"
            },
            "id": "ASB-A-168692734-b39cebbf",
            "source": "https://android.googlesource.com/platform/frameworks/base/+/1a6f1fb402b96df561b9672aef1e4fce8a13de80",
            "deprecated": false,
            "signature_version": "v1",
            "target": {
              "file": "services/core/java/com/android/server/locksettings/LockSettingsService.java",
              "function": "initializeSyntheticPasswordLocked"
            },
            "signature_type": "Function"
          },
          {
            "digest": {
              "length": 48.0,
              "function_hash": "96394997500601448676737221830763040134"
            },
            "id": "ASB-A-168692734-e1250ca6",
            "source": "https://android.googlesource.com/platform/frameworks/base/+/1a6f1fb402b96df561b9672aef1e4fce8a13de80",
            "deprecated": false,
            "signature_version": "v1",
            "target": {
              "file": "services/core/java/com/android/server/locksettings/LockSettingsService.java",
              "function": "shouldMigrateToSyntheticPasswordLocked"
            },
            "signature_type": "Function"
          },
          {
            "digest": {
              "threshold": 0.9,
              "line_hashes": [
                "251550690581497423073937327260480606352",
                "170125846614404205879020400085042593894",
                "138144614483412455258960286212840580277",
                "156587801624632000706238271320574735130",
                "17748398500746310132563250961750529776",
                "338776862070514492001845004348732116951",
                "271723429315829656446388442982048252443",
                "259288527986033092891475662013340766746",
                "102766727341725255193336268302347785160",
                "318955282145310672252016941305067844070",
                "327608454589390501832279443579911710309",
                "248850631743975608060784979100489083508"
              ]
            },
            "id": "ASB-A-168692734-fbc3e40c",
            "source": "https://android.googlesource.com/platform/frameworks/base/+/1a6f1fb402b96df561b9672aef1e4fce8a13de80",
            "deprecated": false,
            "signature_version": "v1",
            "target": {
              "file": "services/core/java/com/android/server/locksettings/LockSettingsService.java"
            },
            "signature_type": "Line"
          }
        ],
        "fixes": [
          "https://android.googlesource.com/platform/frameworks/base/+/1a6f1fb402b96df561b9672aef1e4fce8a13de80"
        ],
        "spl": "2020-12-01",
        "severity": "High",
        "types": [
          "DoS"
        ]
      },
      "database_specific": {
        "source": "https://storage.googleapis.com/android-osv/ASB-A-168692734.json"
      }
    }
  ],
  "schema_version": "1.6.0"
}