{
  "id": "ASB-A-190403734",
  "summary": "[HOLD CR=2728644][Q-Case#05258594]Security Vulnerability - Buffer Over-read in WLAN",
  "aliases": [
    "2728644",
    "A-190403734",
    "CVE-2021-1974"
  ],
  "modified": "2024-08-14T00:12:02.079033Z",
  "published": "2021-09-01T00:00:00Z",
  "references": [
    {
      "type": "ADVISORY",
      "url": "https://source.android.com/security/bulletin/2021-09-01"
    },
    {
      "type": "FIX",
      "url": "https://source.codeaurora.org/quic/qsdk/platform/vendor/qcom-opensource/wlan/qca-wifi-host-cmn/commit/?id=b4462910f414ffa2ad40e19d400e389c13ac6001"
    },
    {
      "type": "FIX",
      "url": "https://source.codeaurora.org/quic/qsdk/platform/vendor/qcom-opensource/wlan/qca-wifi-host-cmn/commit/?id=d10dd6666567d84d7c753931059d827014442ebf"
    }
  ],
  "affected": [
    {
      "package": {
        "name": "platform/vendor/qcom-opensource/wlan/qca-wifi-host-cmn",
        "ecosystem": "Android"
      },
      "ranges": [
        {
          "type": "ECOSYSTEM",
          "events": [
            {
              "introduced": "SoCVersion:0"
            },
            {
              "fixed": "SoCVersion:2021-09-05"
            }
          ]
        }
      ],
      "versions": [
        "SoCVersion"
      ],
      "ecosystem_specific": {
        "fixes": [
          "https://source.codeaurora.org/quic/qsdk/platform/vendor/qcom-opensource/wlan/qca-wifi-host-cmn/commit/?id=b4462910f414ffa2ad40e19d400e389c13ac6001",
          "https://source.codeaurora.org/quic/qsdk/platform/vendor/qcom-opensource/wlan/qca-wifi-host-cmn/commit/?id=d10dd6666567d84d7c753931059d827014442ebf"
        ],
        "spl": "2021-09-05",
        "severity": "High",
        "types": [
          "Unknown"
        ]
      },
      "database_specific": {
        "source": "https://storage.googleapis.com/android-osv/ASB-A-190403734.json"
      }
    }
  ],
  "schema_version": "1.6.0"
}