{
  "id": "ASB-A-174243830",
  "summary": "[two bugs in android::setPowerModeWithHandle function]",
  "details": "In setPowerModeWithHandle of com_android_server_power_PowerManagerService.cpp, there is a possible out of bounds write due to a missing bounds check. This could lead to local escalation of privilege with no additional execution privileges needed. User interaction is not needed for exploitation.",
  "aliases": [
    "A-174243830",
    "CVE-2021-0439"
  ],
  "modified": "2024-08-07T19:29:10.343148Z",
  "published": "2021-04-01T00:00:00Z",
  "references": [
    {
      "type": "ADVISORY",
      "url": "https://source.android.com/security/bulletin/2021-04-01"
    },
    {
      "type": "FIX",
      "url": "https://android.googlesource.com/platform/frameworks/base/+/260e747d200c7b984b16bcfeca992cb3b478276f"
    }
  ],
  "affected": [
    {
      "package": {
        "name": "platform/frameworks/base",
        "ecosystem": "Android"
      },
      "ranges": [
        {
          "type": "ECOSYSTEM",
          "events": [
            {
              "introduced": "11:0"
            },
            {
              "fixed": "11:2021-04-01"
            }
          ]
        }
      ],
      "versions": [
        "11"
      ],
      "ecosystem_specific": {
        "vanir_signatures": [
          {
            "digest": {
              "threshold": 0.9,
              "line_hashes": [
                "96991885765115505475066252335694599916",
                "273922987633740860841505973695188527767",
                "270091768945198598193258492359184190108",
                "64205244571183048567679183391949558531",
                "212893886433266374958240553564488320109",
                "20938530277577266907359184084044216867",
                "110006106884010207983081217542663599541",
                "125086066664810405775232003594993594214",
                "229216421008578521348879821148732494666",
                "195478624320315993648943912302646496010",
                "46704122301940164194278319291421983977",
                "208997585642586150717060693395011784020",
                "57584374418139434918737515078687283483",
                "297645485397830571402904992574058236662",
                "111533090527312627149407305151690132604",
                "300100997696033668252368351853991920809",
                "281278560213192793065827282603829063497",
                "130124360848044646004962442902557624427",
                "213959317843305007925795518982060420425",
                "133913021268363244034123103870974558401",
                "282141342398053936689739310441005562170",
                "57846412058526012077099202344636348965",
                "278413228405870178899917096683907491562",
                "74484561210222128247657159809481301320",
                "71249626891052790175679826150612773199",
                "158648707315037667844268992612908230351",
                "243597661729778640561861798013032154214",
                "263835920365801970449077070795675480026"
              ]
            },
            "id": "ASB-A-174243830-2c8f614a",
            "source": "https://android.googlesource.com/platform/frameworks/base/+/20b47da57ac2067429519c83f3053269195a38c8",
            "deprecated": false,
            "signature_version": "v1",
            "target": {
              "file": "services/core/jni/com_android_server_power_PowerManagerService.cpp"
            },
            "signature_type": "Line"
          },
          {
            "digest": {
              "length": 975.0,
              "function_hash": "74139256840613774441234374873579228793"
            },
            "id": "ASB-A-174243830-5db1cab7",
            "source": "https://android.googlesource.com/platform/frameworks/base/+/20b47da57ac2067429519c83f3053269195a38c8",
            "deprecated": false,
            "signature_version": "v1",
            "target": {
              "file": "services/core/jni/com_android_server_power_PowerManagerService.cpp",
              "function": "setPowerBoostWithHandle"
            },
            "signature_type": "Function"
          },
          {
            "digest": {
              "length": 988.0,
              "function_hash": "84135374911577923711946618575558859906"
            },
            "id": "ASB-A-174243830-7c48108d",
            "source": "https://android.googlesource.com/platform/frameworks/base/+/20b47da57ac2067429519c83f3053269195a38c8",
            "deprecated": false,
            "signature_version": "v1",
            "target": {
              "file": "services/core/jni/com_android_server_power_PowerManagerService.cpp",
              "function": "setPowerModeWithHandle"
            },
            "signature_type": "Function"
          }
        ],
        "fixes": [
          "https://android.googlesource.com/platform/frameworks/base/+/20b47da57ac2067429519c83f3053269195a38c8"
        ],
        "spl": "2021-04-01",
        "severity": "High",
        "types": [
          "EoP"
        ]
      },
      "database_specific": {
        "source": "https://storage.googleapis.com/android-osv/ASB-A-174243830.json"
      }
    }
  ],
  "schema_version": "1.6.0"
}