{
  "id": "ASB-A-204905255",
  "summary": "Integer Overflow or Wraparound in Kernel",
  "aliases": [
    "2998013",
    "A-204905255",
    "CVE-2021-35074"
  ],
  "modified": "2024-08-14T00:12:03.164039Z",
  "published": "2022-02-01T00:00:00Z",
  "references": [
    {
      "type": "ADVISORY",
      "url": "https://source.android.com/security/bulletin/2022-02-01"
    },
    {
      "type": "FIX",
      "url": "https://source.codeaurora.org/quic/la/kernel/msm-5.4/commit/?id=b8f8e895b6b715360e79c51e2cd50b27ce2005b3"
    }
  ],
  "affected": [
    {
      "package": {
        "name": ":linux_kernel:Qualcomm",
        "ecosystem": "Android"
      },
      "ranges": [
        {
          "type": "ECOSYSTEM",
          "events": [
            {
              "introduced": "SoCVersion:0"
            },
            {
              "fixed": "SoCVersion:2022-02-05"
            }
          ]
        }
      ],
      "versions": [
        "SoCVersion"
      ],
      "ecosystem_specific": {
        "vanir_signatures": [
          {
            "digest": {
              "threshold": 0.9,
              "line_hashes": [
                "97973382025116024483621756777485698831",
                "110490390764876563309125934910888621668",
                "278167512799464403105996209461667394993",
                "6582225681768227080677944820999364239",
                "217903139919460096517095940604367252745"
              ]
            },
            "id": "ASB-A-204905255-adb5f49c",
            "source": "https://git.codelinaro.org/clo/la/kernel/msm-5.4/commit/b8f8e895b6b715360e79c51e2cd50b27ce2005b3",
            "deprecated": false,
            "signature_version": "v1",
            "target": {
              "file": "drivers/virt/haven/hh_rm_core.c"
            },
            "signature_type": "Line"
          }
        ],
        "fixes": [
          "https://source.codeaurora.org/quic/la/kernel/msm-5.4/commit/?id=b8f8e895b6b715360e79c51e2cd50b27ce2005b3"
        ],
        "spl": "2022-02-05",
        "severity": "High",
        "types": [
          "Unknown"
        ]
      },
      "database_specific": {
        "source": "https://storage.googleapis.com/android-osv/ASB-A-204905255.json"
      }
    }
  ],
  "schema_version": "1.6.0"
}