{
  "id": "ASB-A-189942532",
  "summary": "Android NFC Out-Of-Bounds Write due to increase mNumTechList without bounds checking",
  "details": "In NfcTag::discoverTechnologies (activation) of NfcTag.cpp, there is a possible out of bounds write due to an incorrect bounds check. This could lead to remote escalation of privilege with no additionalSystem execution privileges needed. User interaction is not needed for exploitation.",
  "aliases": [
    "A-189942532",
    "CVE-2021-0956"
  ],
  "modified": "2024-08-07T19:30:00.750093Z",
  "published": "2021-12-01T00:00:00Z",
  "references": [
    {
      "type": "ADVISORY",
      "url": "https://source.android.com/security/bulletin/2021-12-01"
    }
  ],
  "affected": [
    {
      "package": {
        "name": "platform/packages/apps/Nfc",
        "ecosystem": "Android"
      },
      "ranges": [
        {
          "type": "ECOSYSTEM",
          "events": [
            {
              "introduced": "11:0"
            },
            {
              "fixed": "11:2021-12-01"
            }
          ]
        }
      ],
      "versions": [
        "11"
      ],
      "ecosystem_specific": {
        "vanir_signatures": [
          {
            "digest": {
              "threshold": 0.9,
              "line_hashes": [
                "148383999050039299697949776434268375082",
                "15232978209917973695074134890878487282",
                "56809383103612786793670931461113421183",
                "255707818437162516059165103186273512609",
                "30747700971641059955489031061072886726",
                "319000633780742426535836983973396525321",
                "320179138657375371631415970276618416767",
                "139669197528390015241156794766235983555",
                "50682557065575578825218165840665105411"
              ]
            },
            "id": "ASB-A-189942532-0cdbcd58",
            "source": "https://android.googlesource.com/platform/packages/apps/Nfc/+/7d90cc6e0556057571f9fde9785dd0658c1a3eb0",
            "deprecated": false,
            "signature_version": "v1",
            "target": {
              "file": "nci/jni/NfcTag.cpp"
            },
            "signature_type": "Line"
          },
          {
            "digest": {
              "length": 4656.0,
              "function_hash": "47086027144169610795673628513659128031"
            },
            "id": "ASB-A-189942532-a06c7065",
            "source": "https://android.googlesource.com/platform/packages/apps/Nfc/+/7d90cc6e0556057571f9fde9785dd0658c1a3eb0",
            "deprecated": false,
            "signature_version": "v1",
            "target": {
              "file": "nci/jni/NfcTag.cpp",
              "function": "NfcTag::discoverTechnologies"
            },
            "signature_type": "Function"
          }
        ],
        "fixes": [
          "https://android.googlesource.com/platform/packages/apps/Nfc/+/7d90cc6e0556057571f9fde9785dd0658c1a3eb0"
        ],
        "spl": "2021-12-01",
        "severity": "Critical",
        "types": [
          "EoP"
        ]
      },
      "database_specific": {
        "source": "https://storage.googleapis.com/android-osv/ASB-A-189942532.json"
      }
    },
    {
      "package": {
        "name": "platform/packages/apps/Nfc",
        "ecosystem": "Android"
      },
      "ranges": [
        {
          "type": "ECOSYSTEM",
          "events": [
            {
              "introduced": "12:0"
            },
            {
              "fixed": "12:2021-12-01"
            }
          ]
        }
      ],
      "versions": [
        "12"
      ],
      "ecosystem_specific": {
        "vanir_signatures": [
          {
            "digest": {
              "length": 4656.0,
              "function_hash": "47086027144169610795673628513659128031"
            },
            "id": "ASB-A-189942532-0230fc70",
            "source": "https://android.googlesource.com/platform/packages/apps/Nfc/+/7d90cc6e0556057571f9fde9785dd0658c1a3eb0",
            "deprecated": false,
            "signature_version": "v1",
            "target": {
              "file": "nci/jni/NfcTag.cpp",
              "function": "NfcTag::discoverTechnologies"
            },
            "signature_type": "Function"
          },
          {
            "digest": {
              "threshold": 0.9,
              "line_hashes": [
                "148383999050039299697949776434268375082",
                "15232978209917973695074134890878487282",
                "56809383103612786793670931461113421183",
                "255707818437162516059165103186273512609",
                "30747700971641059955489031061072886726",
                "319000633780742426535836983973396525321",
                "320179138657375371631415970276618416767",
                "139669197528390015241156794766235983555",
                "50682557065575578825218165840665105411"
              ]
            },
            "id": "ASB-A-189942532-6addc6cd",
            "source": "https://android.googlesource.com/platform/packages/apps/Nfc/+/7d90cc6e0556057571f9fde9785dd0658c1a3eb0",
            "deprecated": false,
            "signature_version": "v1",
            "target": {
              "file": "nci/jni/NfcTag.cpp"
            },
            "signature_type": "Line"
          }
        ],
        "fixes": [
          "https://android.googlesource.com/platform/packages/apps/Nfc/+/7d90cc6e0556057571f9fde9785dd0658c1a3eb0"
        ],
        "spl": "2021-12-01",
        "severity": "Critical",
        "types": [
          "EoP"
        ]
      },
      "database_specific": {
        "source": "https://storage.googleapis.com/android-osv/ASB-A-189942532.json"
      }
    }
  ],
  "schema_version": "1.6.0"
}