{
  "id": "ASB-A-156999009",
  "summary": "libutils_fuzz_string16: Unsigned-integer-overflow in android::String16::remove",
  "details": "In remove of String16.cpp, there is a possible out of bounds write due to an integer overflow. This could lead to local escalation of privilege with no additional execution privileges needed. User interaction is not needed for exploitation.",
  "aliases": [
    "A-156999009",
    "CVE-2020-0408"
  ],
  "modified": "2024-08-07T19:29:10.466516Z",
  "published": "2020-10-01T00:00:00Z",
  "references": [
    {
      "type": "ADVISORY",
      "url": "https://source.android.com/security/bulletin/2020-10-01"
    },
    {
      "type": "FIX",
      "url": "https://android.googlesource.com/platform/system/core/+/4048e49956a2dfd49af3adf0f78881bf15f3550f"
    }
  ],
  "affected": [
    {
      "package": {
        "name": "platform/system/core",
        "ecosystem": "Android"
      },
      "ranges": [
        {
          "type": "ECOSYSTEM",
          "events": [
            {
              "introduced": "8.0:0"
            },
            {
              "fixed": "8.0:2020-10-01"
            }
          ]
        }
      ],
      "versions": [
        "8.0"
      ],
      "ecosystem_specific": {
        "vanir_signatures": [
          {
            "digest": {
              "length": 847.0,
              "function_hash": "184085788428032374942296596925349289888"
            },
            "id": "ASB-A-156999009-01764bae",
            "source": "https://android.googlesource.com/platform/system/core/+/4048e49956a2dfd49af3adf0f78881bf15f3550f",
            "deprecated": false,
            "signature_version": "v1",
            "target": {
              "file": "libutils/String16.cpp",
              "function": "String16::remove"
            },
            "signature_type": "Function"
          },
          {
            "digest": {
              "threshold": 0.9,
              "line_hashes": [
                "179546413127064365643011946036906652692",
                "257832645593952933450202912198536893683",
                "250009160809032549125122468052911774658",
                "284266840896283069831890305688739591710"
              ]
            },
            "id": "ASB-A-156999009-0a557f30",
            "source": "https://android.googlesource.com/platform/system/core/+/4048e49956a2dfd49af3adf0f78881bf15f3550f",
            "deprecated": false,
            "signature_version": "v1",
            "target": {
              "file": "libutils/String16.cpp"
            },
            "signature_type": "Line"
          }
        ],
        "fixes": [
          "https://android.googlesource.com/platform/system/core/+/4048e49956a2dfd49af3adf0f78881bf15f3550f"
        ],
        "spl": "2020-10-01",
        "severity": "High",
        "types": [
          "EoP"
        ]
      },
      "database_specific": {
        "source": "https://storage.googleapis.com/android-osv/ASB-A-156999009.json"
      }
    },
    {
      "package": {
        "name": "platform/system/core",
        "ecosystem": "Android"
      },
      "ranges": [
        {
          "type": "ECOSYSTEM",
          "events": [
            {
              "introduced": "8.1:0"
            },
            {
              "fixed": "8.1:2020-10-01"
            }
          ]
        }
      ],
      "versions": [
        "8.1"
      ],
      "ecosystem_specific": {
        "vanir_signatures": [
          {
            "digest": {
              "length": 847.0,
              "function_hash": "184085788428032374942296596925349289888"
            },
            "id": "ASB-A-156999009-13fe1bc2",
            "source": "https://android.googlesource.com/platform/system/core/+/4048e49956a2dfd49af3adf0f78881bf15f3550f",
            "deprecated": false,
            "signature_version": "v1",
            "target": {
              "file": "libutils/String16.cpp",
              "function": "String16::remove"
            },
            "signature_type": "Function"
          },
          {
            "digest": {
              "threshold": 0.9,
              "line_hashes": [
                "179546413127064365643011946036906652692",
                "257832645593952933450202912198536893683",
                "250009160809032549125122468052911774658",
                "284266840896283069831890305688739591710"
              ]
            },
            "id": "ASB-A-156999009-4073db62",
            "source": "https://android.googlesource.com/platform/system/core/+/4048e49956a2dfd49af3adf0f78881bf15f3550f",
            "deprecated": false,
            "signature_version": "v1",
            "target": {
              "file": "libutils/String16.cpp"
            },
            "signature_type": "Line"
          }
        ],
        "fixes": [
          "https://android.googlesource.com/platform/system/core/+/4048e49956a2dfd49af3adf0f78881bf15f3550f"
        ],
        "spl": "2020-10-01",
        "severity": "High",
        "types": [
          "EoP"
        ]
      },
      "database_specific": {
        "source": "https://storage.googleapis.com/android-osv/ASB-A-156999009.json"
      }
    },
    {
      "package": {
        "name": "platform/system/core",
        "ecosystem": "Android"
      },
      "ranges": [
        {
          "type": "ECOSYSTEM",
          "events": [
            {
              "introduced": "9:0"
            },
            {
              "fixed": "9:2020-10-01"
            }
          ]
        }
      ],
      "versions": [
        "9"
      ],
      "ecosystem_specific": {
        "vanir_signatures": [
          {
            "digest": {
              "threshold": 0.9,
              "line_hashes": [
                "179546413127064365643011946036906652692",
                "257832645593952933450202912198536893683",
                "250009160809032549125122468052911774658",
                "284266840896283069831890305688739591710"
              ]
            },
            "id": "ASB-A-156999009-41eb9125",
            "source": "https://android.googlesource.com/platform/system/core/+/4048e49956a2dfd49af3adf0f78881bf15f3550f",
            "deprecated": false,
            "signature_version": "v1",
            "target": {
              "file": "libutils/String16.cpp"
            },
            "signature_type": "Line"
          },
          {
            "digest": {
              "length": 847.0,
              "function_hash": "184085788428032374942296596925349289888"
            },
            "id": "ASB-A-156999009-b4efd6d0",
            "source": "https://android.googlesource.com/platform/system/core/+/4048e49956a2dfd49af3adf0f78881bf15f3550f",
            "deprecated": false,
            "signature_version": "v1",
            "target": {
              "file": "libutils/String16.cpp",
              "function": "String16::remove"
            },
            "signature_type": "Function"
          }
        ],
        "fixes": [
          "https://android.googlesource.com/platform/system/core/+/4048e49956a2dfd49af3adf0f78881bf15f3550f"
        ],
        "spl": "2020-10-01",
        "severity": "High",
        "types": [
          "EoP"
        ]
      },
      "database_specific": {
        "source": "https://storage.googleapis.com/android-osv/ASB-A-156999009.json"
      }
    },
    {
      "package": {
        "name": "platform/system/core",
        "ecosystem": "Android"
      },
      "ranges": [
        {
          "type": "ECOSYSTEM",
          "events": [
            {
              "introduced": "10:0"
            },
            {
              "fixed": "10:2020-10-01"
            }
          ]
        }
      ],
      "versions": [
        "10"
      ],
      "ecosystem_specific": {
        "vanir_signatures": [
          {
            "digest": {
              "length": 847.0,
              "function_hash": "184085788428032374942296596925349289888"
            },
            "id": "ASB-A-156999009-38d992bc",
            "source": "https://android.googlesource.com/platform/system/core/+/4048e49956a2dfd49af3adf0f78881bf15f3550f",
            "deprecated": false,
            "signature_version": "v1",
            "target": {
              "file": "libutils/String16.cpp",
              "function": "String16::remove"
            },
            "signature_type": "Function"
          },
          {
            "digest": {
              "threshold": 0.9,
              "line_hashes": [
                "179546413127064365643011946036906652692",
                "257832645593952933450202912198536893683",
                "250009160809032549125122468052911774658",
                "284266840896283069831890305688739591710"
              ]
            },
            "id": "ASB-A-156999009-8281d374",
            "source": "https://android.googlesource.com/platform/system/core/+/4048e49956a2dfd49af3adf0f78881bf15f3550f",
            "deprecated": false,
            "signature_version": "v1",
            "target": {
              "file": "libutils/String16.cpp"
            },
            "signature_type": "Line"
          }
        ],
        "fixes": [
          "https://android.googlesource.com/platform/system/core/+/4048e49956a2dfd49af3adf0f78881bf15f3550f"
        ],
        "spl": "2020-10-01",
        "severity": "High",
        "types": [
          "EoP"
        ]
      },
      "database_specific": {
        "source": "https://storage.googleapis.com/android-osv/ASB-A-156999009.json"
      }
    }
  ],
  "schema_version": "1.6.0"
}