{
  "id": "ASB-A-184561587",
  "summary": "Improper Input Validation in WLAN",
  "aliases": [
    "2857084",
    "A-184561587",
    "CVE-2021-1970"
  ],
  "modified": "2024-08-14T00:12:02.694537Z",
  "published": "2021-07-01T00:00:00Z",
  "references": [
    {
      "type": "ADVISORY",
      "url": "https://source.android.com/security/bulletin/2021-07-01"
    },
    {
      "type": "FIX",
      "url": "https://source.codeaurora.org/quic/la/platform/vendor/qcom-opensource/wlan/qcacld-3.0/commit/?id=7404c2c964712f8888070227d88e573a65969262"
    }
  ],
  "affected": [
    {
      "package": {
        "name": "platform/vendor/qcom-opensource/wlan/qcacld-3.0",
        "ecosystem": "Android"
      },
      "ranges": [
        {
          "type": "ECOSYSTEM",
          "events": [
            {
              "introduced": "SoCVersion:0"
            },
            {
              "fixed": "SoCVersion:2021-07-05"
            }
          ]
        }
      ],
      "versions": [
        "SoCVersion"
      ],
      "ecosystem_specific": {
        "vanir_signatures": [
          {
            "digest": {
              "length": 2100.0,
              "function_hash": "85440126913693889838551583625222807448"
            },
            "id": "ASB-A-184561587-1ce10504",
            "source": "https://git.codelinaro.org/clo/la/platform/vendor/qcom-opensource/wlan/qcacld-3.0/commit/7404c2c964712f8888070227d88e573a65969262",
            "deprecated": false,
            "signature_version": "v1",
            "target": {
              "file": "core/mac/src/sys/legacy/src/utils/src/parser_api.c",
              "function": "wlan_parse_ftie_sha384"
            },
            "signature_type": "Function"
          },
          {
            "digest": {
              "threshold": 0.9,
              "line_hashes": [
                "122948289017321287819364094622237512408",
                "297840043720981832803425148924227399345",
                "81736509269552650582519175439162832326",
                "152352119926979009781347216103152078817",
                "319012598097818209007985228714421925966",
                "153623436322862289502209248326758176156",
                "302557297720693955340145437008481030993",
                "284178856072143453958549202508394298146",
                "43299413925619469625161513103103310273",
                "281296857382137429149901130510423297744",
                "112962334332864868116830783103173360058",
                "191169324270347782743443601282877752250",
                "43185159817201653934159500832554828305",
                "97482398520535340102725891025317596695",
                "11767026030436366520439536883785206927",
                "216033789137346355490983694065043556512",
                "176309903727228590628396384364393825573",
                "143468099306046489428233781876907720149",
                "222514644716063270321576658239857641509",
                "80429419025836407608541230953206707752"
              ]
            },
            "id": "ASB-A-184561587-b758a4bf",
            "source": "https://git.codelinaro.org/clo/la/platform/vendor/qcom-opensource/wlan/qcacld-3.0/commit/7404c2c964712f8888070227d88e573a65969262",
            "deprecated": false,
            "signature_version": "v1",
            "target": {
              "file": "core/mac/src/sys/legacy/src/utils/src/parser_api.c"
            },
            "signature_type": "Line"
          }
        ],
        "fixes": [
          "https://source.codeaurora.org/quic/la/platform/vendor/qcom-opensource/wlan/qcacld-3.0/commit/?id=7404c2c964712f8888070227d88e573a65969262"
        ],
        "spl": "2021-07-05",
        "severity": "High",
        "types": [
          "Unknown"
        ]
      },
      "database_specific": {
        "source": "https://storage.googleapis.com/android-osv/ASB-A-184561587.json"
      }
    }
  ],
  "schema_version": "1.6.0"
}