{
  "id": "ASB-A-130373736",
  "summary": "Broadcom vulnerabilities (VU 166939) -- issue #1",
  "details": "In driver/firmware of broadcom wifi chipset, there is a possible out of bounds write due to a missing bounds check. This could lead to remote code execution with no additional execution privileges needed. User interaction is not needed for exploitation.",
  "aliases": [
    "A-130373736",
    "CVE-2019-9501"
  ],
  "modified": "2024-08-07T19:29:28.466116Z",
  "published": "2020-07-01T00:00:00Z",
  "references": [
    {
      "type": "ADVISORY",
      "url": "https://source.android.com/security/bulletin/2020-07-01"
    }
  ],
  "affected": [
    {
      "package": {
        "name": ":unknown:",
        "ecosystem": "Android"
      },
      "ranges": [
        {
          "type": "ECOSYSTEM",
          "events": [
            {
              "introduced": ":0"
            },
            {
              "fixed": ":2020-07-05"
            }
          ]
        }
      ],
      "versions": [
        "Kernel"
      ],
      "ecosystem_specific": {
        "spl": "2020-07-05",
        "severity": "Critical",
        "types": [
          "RCE"
        ]
      },
      "database_specific": {
        "source": "https://storage.googleapis.com/android-osv/ASB-A-130373736.json"
      }
    }
  ],
  "schema_version": "1.6.0"
}