{
  "id": "ASB-A-170139097",
  "summary": "Use After Free in DSP Services",
  "aliases": [
    "2734543",
    "A-170139097",
    "CVE-2020-11250"
  ],
  "modified": "2024-08-13T23:59:27.265729Z",
  "published": "2021-01-01T00:00:00Z",
  "references": [
    {
      "type": "ADVISORY",
      "url": "https://source.android.com/security/bulletin/2021-01-01"
    },
    {
      "type": "FIX",
      "url": "https://source.codeaurora.org/quic/la/kernel/msm-4.14/commit/?id=827c2fcadb0569bd94bdff386483fb404145687b"
    }
  ],
  "affected": [
    {
      "package": {
        "name": ":linux_kernel:Qualcomm",
        "ecosystem": "Android"
      },
      "ranges": [
        {
          "type": "ECOSYSTEM",
          "events": [
            {
              "introduced": "SoCVersion:0"
            },
            {
              "fixed": "SoCVersion:2021-01-05"
            }
          ]
        }
      ],
      "versions": [
        "SoCVersion"
      ],
      "ecosystem_specific": {
        "vanir_signatures": [
          {
            "digest": {
              "length": 2151.0,
              "function_hash": "230956840466512165937844574497656696386"
            },
            "id": "ASB-A-170139097-0937aa29",
            "source": "https://git.codelinaro.org/clo/la/kernel/msm-4.14/commit/827c2fcadb0569bd94bdff386483fb404145687b",
            "deprecated": false,
            "signature_version": "v1",
            "target": {
              "file": "drivers/char/adsprpc.c",
              "function": "fastrpc_mmap_free"
            },
            "signature_type": "Function"
          },
          {
            "digest": {
              "threshold": 0.9,
              "line_hashes": [
                "257057659334950853335525541758101923771",
                "12579168573699521519317728241121727629",
                "44119827726718911108534954810715009833",
                "208985650229287616389286498979302420322",
                "132900910393298204168458027859596037018",
                "107760929512107220643185621087649193432",
                "25291106618589994293198464083640950910"
              ]
            },
            "id": "ASB-A-170139097-55f844a4",
            "source": "https://git.codelinaro.org/clo/la/kernel/msm-4.14/commit/827c2fcadb0569bd94bdff386483fb404145687b",
            "deprecated": false,
            "signature_version": "v1",
            "target": {
              "file": "drivers/char/adsprpc.c"
            },
            "signature_type": "Line"
          }
        ],
        "fixes": [
          "https://source.codeaurora.org/quic/la/kernel/msm-4.14/commit/?id=827c2fcadb0569bd94bdff386483fb404145687b"
        ],
        "spl": "2021-01-05",
        "severity": "High",
        "types": [
          "Unknown"
        ]
      },
      "database_specific": {
        "source": "https://storage.googleapis.com/android-osv/ASB-A-170139097.json"
      }
    }
  ],
  "schema_version": "1.6.0"
}