{
  "id": "ASB-A-152944488",
  "summary": "Copy screenshot only if user consent approved",
  "details": "In RunInternal of dumpstate.cpp, there is a possible user consent bypass due to an uncaught exception. This could lead to local information disclosure of bug report data with System execution privileges needed. User interaction is not needed for exploitation.",
  "aliases": [
    "A-152944488",
    "CVE-2020-0382"
  ],
  "modified": "2024-08-07T19:30:12.370293Z",
  "published": "2020-09-01T00:00:00Z",
  "references": [
    {
      "type": "ADVISORY",
      "url": "https://source.android.com/security/bulletin/2020-09-01"
    },
    {
      "type": "FIX",
      "url": "https://android.googlesource.com/platform/frameworks/base/+/a898d1198050c40b73f1467ea5adaf881f3d7961"
    },
    {
      "type": "FIX",
      "url": "https://android.googlesource.com/platform/frameworks/native/+/90f8249030e02080e937eeed12fc8c8c692bbc64"
    }
  ],
  "affected": [
    {
      "package": {
        "name": "platform/frameworks/base",
        "ecosystem": "Android"
      },
      "ranges": [
        {
          "type": "ECOSYSTEM",
          "events": [
            {
              "introduced": "10:0"
            },
            {
              "fixed": "10:2020-09-01"
            }
          ]
        }
      ],
      "versions": [
        "10"
      ],
      "ecosystem_specific": {
        "fixes": [
          "https://android.googlesource.com/platform/frameworks/base/+/a898d1198050c40b73f1467ea5adaf881f3d7961"
        ],
        "spl": "2020-09-01",
        "severity": "High",
        "types": [
          "ID"
        ]
      },
      "database_specific": {
        "source": "https://storage.googleapis.com/android-osv/ASB-A-152944488.json"
      }
    },
    {
      "package": {
        "name": "platform/frameworks/native",
        "ecosystem": "Android"
      },
      "ranges": [
        {
          "type": "ECOSYSTEM",
          "events": [
            {
              "introduced": "10:0"
            },
            {
              "fixed": "10:2020-09-01"
            }
          ]
        }
      ],
      "versions": [
        "10"
      ],
      "ecosystem_specific": {
        "vanir_signatures": [
          {
            "digest": {
              "threshold": 0.9,
              "line_hashes": [
                "78597662883832513271733004920844368527",
                "258120657652834023431524158384226030013",
                "309232524489678634603936717591100616965",
                "205254002725232087722483761755160974205",
                "95495090057976194337142601443403481447",
                "327262731528629758575074665355163347557",
                "114803104572215437442993120713540885639",
                "254554045885682247449293990323428693927",
                "266913702204931438347272040428263927611",
                "294631599975474364565841919520059770033",
                "213178124091089547430549729527852904185",
                "278438847363726887070731171584932142128",
                "189336046041277510479660478110498028199",
                "195125834161017292828953802485938113874"
              ]
            },
            "id": "ASB-A-152944488-291abccd",
            "source": "https://android.googlesource.com/platform/frameworks/native/+/90f8249030e02080e937eeed12fc8c8c692bbc64",
            "deprecated": false,
            "signature_version": "v1",
            "target": {
              "file": "cmds/dumpstate/dumpstate.cpp"
            },
            "signature_type": "Line"
          },
          {
            "digest": {
              "length": 899.0,
              "function_hash": "304756348540553985579068236783366190702"
            },
            "id": "ASB-A-152944488-9069f91d",
            "source": "https://android.googlesource.com/platform/frameworks/native/+/90f8249030e02080e937eeed12fc8c8c692bbc64",
            "deprecated": false,
            "signature_version": "v1",
            "target": {
              "file": "cmds/dumpstate/dumpstate.cpp",
              "function": "Dumpstate::CopyBugreportIfUserConsented"
            },
            "signature_type": "Function"
          },
          {
            "digest": {
              "length": 6916.0,
              "function_hash": "102869324030793519275756649104130374516"
            },
            "id": "ASB-A-152944488-f3d7f6ed",
            "source": "https://android.googlesource.com/platform/frameworks/native/+/90f8249030e02080e937eeed12fc8c8c692bbc64",
            "deprecated": false,
            "signature_version": "v1",
            "target": {
              "file": "cmds/dumpstate/dumpstate.cpp",
              "function": "Dumpstate::RunInternal"
            },
            "signature_type": "Function"
          }
        ],
        "fixes": [
          "https://android.googlesource.com/platform/frameworks/native/+/90f8249030e02080e937eeed12fc8c8c692bbc64"
        ],
        "spl": "2020-09-01",
        "severity": "High",
        "types": [
          "ID"
        ]
      },
      "database_specific": {
        "source": "https://storage.googleapis.com/android-osv/ASB-A-152944488.json"
      }
    }
  ],
  "schema_version": "1.6.0"
}