{
  "id": "ASB-A-169327567",
  "summary": "Bluetooth Classic (BR/EDR) data injection in L2CAP connections over piconet \"Leathery Coffee\"",
  "details": "In reassemble_and_dispatch of packet_fragmenter.cc, there is a possible way to inject packets into an encrypted Bluetooth connection due to improper input validation. This could lead to remote escalation of privilege between two Bluetooth devices by a proximal attacker, with no additional execution privileges needed. User interaction is not needed for exploitation.",
  "aliases": [
    "A-169327567",
    "CVE-2020-0471"
  ],
  "modified": "2024-08-07T19:30:08.075421Z",
  "published": "2021-01-01T00:00:00Z",
  "references": [
    {
      "type": "ADVISORY",
      "url": "https://source.android.com/security/bulletin/2021-01-01"
    },
    {
      "type": "FIX",
      "url": "https://android.googlesource.com/platform/system/bt/+/ca6b0a211eb39ba85eed60ea740c85d1122fc6bc"
    }
  ],
  "affected": [
    {
      "package": {
        "name": "platform/system/bt",
        "ecosystem": "Android"
      },
      "ranges": [
        {
          "type": "ECOSYSTEM",
          "events": [
            {
              "introduced": "8.0:0"
            },
            {
              "fixed": "8.0:2021-01-01"
            }
          ]
        }
      ],
      "versions": [
        "8.0"
      ],
      "ecosystem_specific": {
        "vanir_signatures": [
          {
            "digest": {
              "threshold": 0.9,
              "line_hashes": [
                "46995938498514947568550933909503605620",
                "310702208346589729136462779503648980478",
                "233652924819930636817896174700997761807",
                "260856446316210445344178118362997482101",
                "198486459102143530657674494994980465420",
                "170089115573628385775337371793324305594",
                "130290991835669595081844488428550574625",
                "255788660720925322410261161820993299165"
              ]
            },
            "id": "ASB-A-169327567-6021592d",
            "source": "https://android.googlesource.com/platform/system/bt/+/ca6b0a211eb39ba85eed60ea740c85d1122fc6bc",
            "deprecated": false,
            "signature_version": "v1",
            "target": {
              "file": "hci/src/packet_fragmenter.cc"
            },
            "signature_type": "Line"
          },
          {
            "digest": {
              "length": 3044.0,
              "function_hash": "207888745616769230679662588568908247673"
            },
            "id": "ASB-A-169327567-c3bcbd7c",
            "source": "https://android.googlesource.com/platform/system/bt/+/ca6b0a211eb39ba85eed60ea740c85d1122fc6bc",
            "deprecated": false,
            "signature_version": "v1",
            "target": {
              "file": "hci/src/packet_fragmenter.cc",
              "function": "reassemble_and_dispatch"
            },
            "signature_type": "Function"
          }
        ],
        "fixes": [
          "https://android.googlesource.com/platform/system/bt/+/ca6b0a211eb39ba85eed60ea740c85d1122fc6bc"
        ],
        "spl": "2021-01-01",
        "severity": "High",
        "types": [
          "EoP"
        ]
      },
      "database_specific": {
        "source": "https://storage.googleapis.com/android-osv/ASB-A-169327567.json"
      }
    },
    {
      "package": {
        "name": "platform/system/bt",
        "ecosystem": "Android"
      },
      "ranges": [
        {
          "type": "ECOSYSTEM",
          "events": [
            {
              "introduced": "8.1:0"
            },
            {
              "fixed": "8.1:2021-01-01"
            }
          ]
        }
      ],
      "versions": [
        "8.1"
      ],
      "ecosystem_specific": {
        "vanir_signatures": [
          {
            "digest": {
              "threshold": 0.9,
              "line_hashes": [
                "46995938498514947568550933909503605620",
                "310702208346589729136462779503648980478",
                "233652924819930636817896174700997761807",
                "260856446316210445344178118362997482101",
                "198486459102143530657674494994980465420",
                "170089115573628385775337371793324305594",
                "130290991835669595081844488428550574625",
                "255788660720925322410261161820993299165"
              ]
            },
            "id": "ASB-A-169327567-28082b0e",
            "source": "https://android.googlesource.com/platform/system/bt/+/ca6b0a211eb39ba85eed60ea740c85d1122fc6bc",
            "deprecated": false,
            "signature_version": "v1",
            "target": {
              "file": "hci/src/packet_fragmenter.cc"
            },
            "signature_type": "Line"
          },
          {
            "digest": {
              "length": 3044.0,
              "function_hash": "207888745616769230679662588568908247673"
            },
            "id": "ASB-A-169327567-cc6c7f4f",
            "source": "https://android.googlesource.com/platform/system/bt/+/ca6b0a211eb39ba85eed60ea740c85d1122fc6bc",
            "deprecated": false,
            "signature_version": "v1",
            "target": {
              "file": "hci/src/packet_fragmenter.cc",
              "function": "reassemble_and_dispatch"
            },
            "signature_type": "Function"
          }
        ],
        "fixes": [
          "https://android.googlesource.com/platform/system/bt/+/ca6b0a211eb39ba85eed60ea740c85d1122fc6bc"
        ],
        "spl": "2021-01-01",
        "severity": "High",
        "types": [
          "EoP"
        ]
      },
      "database_specific": {
        "source": "https://storage.googleapis.com/android-osv/ASB-A-169327567.json"
      }
    },
    {
      "package": {
        "name": "platform/system/bt",
        "ecosystem": "Android"
      },
      "ranges": [
        {
          "type": "ECOSYSTEM",
          "events": [
            {
              "introduced": "9:0"
            },
            {
              "fixed": "9:2021-01-01"
            }
          ]
        }
      ],
      "versions": [
        "9"
      ],
      "ecosystem_specific": {
        "vanir_signatures": [
          {
            "digest": {
              "length": 3044.0,
              "function_hash": "207888745616769230679662588568908247673"
            },
            "id": "ASB-A-169327567-38283a57",
            "source": "https://android.googlesource.com/platform/system/bt/+/ca6b0a211eb39ba85eed60ea740c85d1122fc6bc",
            "deprecated": false,
            "signature_version": "v1",
            "target": {
              "file": "hci/src/packet_fragmenter.cc",
              "function": "reassemble_and_dispatch"
            },
            "signature_type": "Function"
          },
          {
            "digest": {
              "threshold": 0.9,
              "line_hashes": [
                "46995938498514947568550933909503605620",
                "310702208346589729136462779503648980478",
                "233652924819930636817896174700997761807",
                "260856446316210445344178118362997482101",
                "198486459102143530657674494994980465420",
                "170089115573628385775337371793324305594",
                "130290991835669595081844488428550574625",
                "255788660720925322410261161820993299165"
              ]
            },
            "id": "ASB-A-169327567-eeebc3c0",
            "source": "https://android.googlesource.com/platform/system/bt/+/ca6b0a211eb39ba85eed60ea740c85d1122fc6bc",
            "deprecated": false,
            "signature_version": "v1",
            "target": {
              "file": "hci/src/packet_fragmenter.cc"
            },
            "signature_type": "Line"
          }
        ],
        "fixes": [
          "https://android.googlesource.com/platform/system/bt/+/ca6b0a211eb39ba85eed60ea740c85d1122fc6bc"
        ],
        "spl": "2021-01-01",
        "severity": "High",
        "types": [
          "EoP"
        ]
      },
      "database_specific": {
        "source": "https://storage.googleapis.com/android-osv/ASB-A-169327567.json"
      }
    },
    {
      "package": {
        "name": "platform/system/bt",
        "ecosystem": "Android"
      },
      "ranges": [
        {
          "type": "ECOSYSTEM",
          "events": [
            {
              "introduced": "10:0"
            },
            {
              "fixed": "10:2021-01-01"
            }
          ]
        }
      ],
      "versions": [
        "10"
      ],
      "ecosystem_specific": {
        "vanir_signatures": [
          {
            "digest": {
              "length": 3044.0,
              "function_hash": "207888745616769230679662588568908247673"
            },
            "id": "ASB-A-169327567-1f5ab32a",
            "source": "https://android.googlesource.com/platform/system/bt/+/ca6b0a211eb39ba85eed60ea740c85d1122fc6bc",
            "deprecated": false,
            "signature_version": "v1",
            "target": {
              "file": "hci/src/packet_fragmenter.cc",
              "function": "reassemble_and_dispatch"
            },
            "signature_type": "Function"
          },
          {
            "digest": {
              "threshold": 0.9,
              "line_hashes": [
                "46995938498514947568550933909503605620",
                "310702208346589729136462779503648980478",
                "233652924819930636817896174700997761807",
                "260856446316210445344178118362997482101",
                "198486459102143530657674494994980465420",
                "170089115573628385775337371793324305594",
                "130290991835669595081844488428550574625",
                "255788660720925322410261161820993299165"
              ]
            },
            "id": "ASB-A-169327567-4ba2ce37",
            "source": "https://android.googlesource.com/platform/system/bt/+/ca6b0a211eb39ba85eed60ea740c85d1122fc6bc",
            "deprecated": false,
            "signature_version": "v1",
            "target": {
              "file": "hci/src/packet_fragmenter.cc"
            },
            "signature_type": "Line"
          }
        ],
        "fixes": [
          "https://android.googlesource.com/platform/system/bt/+/ca6b0a211eb39ba85eed60ea740c85d1122fc6bc"
        ],
        "spl": "2021-01-01",
        "severity": "High",
        "types": [
          "EoP"
        ]
      },
      "database_specific": {
        "source": "https://storage.googleapis.com/android-osv/ASB-A-169327567.json"
      }
    },
    {
      "package": {
        "name": "platform/system/bt",
        "ecosystem": "Android"
      },
      "ranges": [
        {
          "type": "ECOSYSTEM",
          "events": [
            {
              "introduced": "11:0"
            },
            {
              "fixed": "11:2021-01-01"
            }
          ]
        }
      ],
      "versions": [
        "11"
      ],
      "ecosystem_specific": {
        "vanir_signatures": [
          {
            "digest": {
              "length": 3044.0,
              "function_hash": "207888745616769230679662588568908247673"
            },
            "id": "ASB-A-169327567-60e74374",
            "source": "https://android.googlesource.com/platform/system/bt/+/ca6b0a211eb39ba85eed60ea740c85d1122fc6bc",
            "deprecated": false,
            "signature_version": "v1",
            "target": {
              "file": "hci/src/packet_fragmenter.cc",
              "function": "reassemble_and_dispatch"
            },
            "signature_type": "Function"
          },
          {
            "digest": {
              "threshold": 0.9,
              "line_hashes": [
                "46995938498514947568550933909503605620",
                "310702208346589729136462779503648980478",
                "233652924819930636817896174700997761807",
                "260856446316210445344178118362997482101",
                "198486459102143530657674494994980465420",
                "170089115573628385775337371793324305594",
                "130290991835669595081844488428550574625",
                "255788660720925322410261161820993299165"
              ]
            },
            "id": "ASB-A-169327567-718169a8",
            "source": "https://android.googlesource.com/platform/system/bt/+/ca6b0a211eb39ba85eed60ea740c85d1122fc6bc",
            "deprecated": false,
            "signature_version": "v1",
            "target": {
              "file": "hci/src/packet_fragmenter.cc"
            },
            "signature_type": "Line"
          }
        ],
        "fixes": [
          "https://android.googlesource.com/platform/system/bt/+/ca6b0a211eb39ba85eed60ea740c85d1122fc6bc"
        ],
        "spl": "2021-01-01",
        "severity": "High",
        "types": [
          "EoP"
        ]
      },
      "database_specific": {
        "source": "https://storage.googleapis.com/android-osv/ASB-A-169327567.json"
      }
    }
  ],
  "schema_version": "1.6.0"
}