{
  "id": "ASB-A-204077881",
  "summary": "[Out of bounds read in AAVCAssembler::checkSpsUpdated function in AAVCAssembler.cpp in libstagefright_rtsp]",
  "details": "In checkSpsUpdated of AAVCAssembler.cpp, there is a possible out of bounds read due to a heap buffer overflow. This could lead to remote information disclosure with no additional execution privileges needed. User interaction is needed for exploitation.",
  "aliases": [
    "A-204077881",
    "CVE-2021-39665"
  ],
  "modified": "2024-08-07T19:29:59.842450Z",
  "published": "2022-02-01T00:00:00Z",
  "references": [
    {
      "type": "ADVISORY",
      "url": "https://source.android.com/security/bulletin/2022-02-01"
    },
    {
      "type": "FIX",
      "url": "https://android.googlesource.com/platform/frameworks/av/+/d0e524f58873f81549c7abfade30d8c9d2406a1c"
    }
  ],
  "affected": [
    {
      "package": {
        "name": "platform/frameworks/av",
        "ecosystem": "Android"
      },
      "ranges": [
        {
          "type": "ECOSYSTEM",
          "events": [
            {
              "introduced": "12:0"
            },
            {
              "fixed": "12:2022-02-01"
            }
          ]
        }
      ],
      "versions": [
        "12"
      ],
      "ecosystem_specific": {
        "vanir_signatures": [
          {
            "digest": {
              "length": 404.0,
              "function_hash": "69447002832914259517445382002834504670"
            },
            "id": "ASB-A-204077881-15210b66",
            "source": "https://android.googlesource.com/platform/frameworks/av/+/cc538ed26803328445d52383f91025b357cda47d",
            "deprecated": false,
            "signature_version": "v1",
            "target": {
              "file": "media/libstagefright/rtsp/AAVCAssembler.cpp",
              "function": "AAVCAssembler::checkSpsUpdated"
            },
            "signature_type": "Function"
          },
          {
            "digest": {
              "threshold": 0.9,
              "line_hashes": [
                "329137829467727028975304135906492061630",
                "91765238030631839877653982970183501961",
                "78904361420780750818517263595879144632",
                "25371881439428296618679050946846425773"
              ]
            },
            "id": "ASB-A-204077881-e937756a",
            "source": "https://android.googlesource.com/platform/frameworks/av/+/cc538ed26803328445d52383f91025b357cda47d",
            "deprecated": false,
            "signature_version": "v1",
            "target": {
              "file": "media/libstagefright/rtsp/AAVCAssembler.cpp"
            },
            "signature_type": "Line"
          }
        ],
        "fixes": [
          "https://android.googlesource.com/platform/frameworks/av/+/cc538ed26803328445d52383f91025b357cda47d"
        ],
        "spl": "2022-02-01",
        "severity": "High",
        "types": [
          "ID"
        ]
      },
      "database_specific": {
        "source": "https://storage.googleapis.com/android-osv/ASB-A-204077881.json"
      }
    }
  ],
  "schema_version": "1.6.0"
}