{
  "id": "ASB-A-185126149",
  "summary": "Sensitive Iccid could be Sniffed by Intercepting ACTION_CONFIGURE_VOICEMAIL Implicit Intent in VoicemailSettingsFragment of Dialer",
  "details": "In onResume of VoicemailSettingsFragment.java, there is a possible way to retrieve a trackable identifier without permissions due to a missing permission check. This could lead to local information disclosure with no additional execution privileges needed. User interaction is needed for exploitation.",
  "aliases": [
    "A-185126149",
    "CVE-2021-0642"
  ],
  "modified": "2024-08-07T19:29:01.275407Z",
  "published": "2021-08-01T00:00:00Z",
  "references": [
    {
      "type": "ADVISORY",
      "url": "https://source.android.com/security/bulletin/2021-08-01"
    },
    {
      "type": "FIX",
      "url": "https://android.googlesource.com/platform/packages/services/Telephony/+/704bf010cffb73dc1249e421a83af1eef68c5b52"
    }
  ],
  "affected": [
    {
      "package": {
        "name": "platform/packages/services/Telephony",
        "ecosystem": "Android"
      },
      "ranges": [
        {
          "type": "ECOSYSTEM",
          "events": [
            {
              "introduced": "8.1:0"
            },
            {
              "fixed": "8.1:2021-08-01"
            }
          ]
        }
      ],
      "versions": [
        "8.1"
      ],
      "ecosystem_specific": {
        "fixes": [
          "https://android.googlesource.com/platform/packages/services/Telephony/+/5cd723c11bfe29dd44e7fcdc730c945d7348f3b6"
        ],
        "spl": "2021-08-01",
        "severity": "High",
        "types": [
          "ID"
        ]
      },
      "database_specific": {
        "source": "https://storage.googleapis.com/android-osv/ASB-A-185126149.json"
      }
    },
    {
      "package": {
        "name": "platform/packages/services/Telephony",
        "ecosystem": "Android"
      },
      "ranges": [
        {
          "type": "ECOSYSTEM",
          "events": [
            {
              "introduced": "9:0"
            },
            {
              "fixed": "9:2021-08-01"
            }
          ]
        }
      ],
      "versions": [
        "9"
      ],
      "ecosystem_specific": {
        "fixes": [
          "https://android.googlesource.com/platform/packages/services/Telephony/+/5cd723c11bfe29dd44e7fcdc730c945d7348f3b6"
        ],
        "spl": "2021-08-01",
        "severity": "High",
        "types": [
          "ID"
        ]
      },
      "database_specific": {
        "source": "https://storage.googleapis.com/android-osv/ASB-A-185126149.json"
      }
    },
    {
      "package": {
        "name": "platform/packages/services/Telephony",
        "ecosystem": "Android"
      },
      "ranges": [
        {
          "type": "ECOSYSTEM",
          "events": [
            {
              "introduced": "10:0"
            },
            {
              "fixed": "10:2021-08-01"
            }
          ]
        }
      ],
      "versions": [
        "10"
      ],
      "ecosystem_specific": {
        "fixes": [
          "https://android.googlesource.com/platform/packages/services/Telephony/+/5cd723c11bfe29dd44e7fcdc730c945d7348f3b6"
        ],
        "spl": "2021-08-01",
        "severity": "High",
        "types": [
          "ID"
        ]
      },
      "database_specific": {
        "source": "https://storage.googleapis.com/android-osv/ASB-A-185126149.json"
      }
    },
    {
      "package": {
        "name": "platform/packages/services/Telephony",
        "ecosystem": "Android"
      },
      "ranges": [
        {
          "type": "ECOSYSTEM",
          "events": [
            {
              "introduced": "11:0"
            },
            {
              "fixed": "11:2021-08-01"
            }
          ]
        }
      ],
      "versions": [
        "11"
      ],
      "ecosystem_specific": {
        "fixes": [
          "https://android.googlesource.com/platform/packages/services/Telephony/+/5521d7fce31260abde0b877ef9972658d87963fe"
        ],
        "spl": "2021-08-01",
        "severity": "High",
        "types": [
          "ID"
        ]
      },
      "database_specific": {
        "source": "https://storage.googleapis.com/android-osv/ASB-A-185126149.json"
      }
    }
  ],
  "schema_version": "1.6.0"
}