{
  "id": "ASB-A-156959408",
  "summary": "ContentIntent in Screen Record Notification Could be Hijacked to Read or Write Protected Providers of SystemUI",
  "details": "In createSaveNotification of RecordingService.java, there is a possible permission bypass due to an unsafe PendingIntent. This could lead to local information disclosure with User execution privileges needed. User interaction is not needed for exploitation.",
  "aliases": [
    "A-156959408",
    "CVE-2020-0389"
  ],
  "modified": "2024-08-07T19:30:14.991177Z",
  "published": "2020-09-01T00:00:00Z",
  "references": [
    {
      "type": "ADVISORY",
      "url": "https://source.android.com/security/bulletin/2020-09-01"
    },
    {
      "type": "FIX",
      "url": "https://android.googlesource.com/platform/frameworks/base/+/6ae2bd0e59636254c32896f7f01379d1d704f42d"
    }
  ],
  "affected": [
    {
      "package": {
        "name": "platform/frameworks/base",
        "ecosystem": "Android"
      },
      "ranges": [
        {
          "type": "ECOSYSTEM",
          "events": [
            {
              "introduced": "10:0"
            },
            {
              "fixed": "10:2020-09-01"
            }
          ]
        }
      ],
      "versions": [
        "10"
      ],
      "ecosystem_specific": {
        "vanir_signatures": [
          {
            "digest": {
              "threshold": 0.9,
              "line_hashes": [
                "166967141681192876332707137772531185598",
                "108593911619665110881421425818806505612",
                "280771889052294879080489651367731115359",
                "318389877388348892640337590604855827589"
              ]
            },
            "id": "ASB-A-156959408-078f59f2",
            "source": "https://android.googlesource.com/platform/frameworks/base/+/6ae2bd0e59636254c32896f7f01379d1d704f42d",
            "deprecated": false,
            "signature_version": "v1",
            "target": {
              "file": "packages/SystemUI/src/com/android/systemui/screenrecord/RecordingService.java"
            },
            "signature_type": "Line"
          },
          {
            "digest": {
              "length": 1723.0,
              "function_hash": "4047731910663841265383619558238240257"
            },
            "id": "ASB-A-156959408-bac2f50b",
            "source": "https://android.googlesource.com/platform/frameworks/base/+/6ae2bd0e59636254c32896f7f01379d1d704f42d",
            "deprecated": false,
            "signature_version": "v1",
            "target": {
              "file": "packages/SystemUI/src/com/android/systemui/screenrecord/RecordingService.java",
              "function": "createSaveNotification"
            },
            "signature_type": "Function"
          }
        ],
        "fixes": [
          "https://android.googlesource.com/platform/frameworks/base/+/6ae2bd0e59636254c32896f7f01379d1d704f42d"
        ],
        "spl": "2020-09-01",
        "severity": "High",
        "types": [
          "ID"
        ]
      },
      "database_specific": {
        "source": "https://storage.googleapis.com/android-osv/ASB-A-156959408.json"
      }
    }
  ],
  "schema_version": "1.6.0"
}