{
  "id": "ASB-A-177910901",
  "summary": "[Q-Case#05087486]Security Report - Fragment and Forge vulnerabilities: Breaking Wi-Fi Through Frame Aggregation and Fragmentation (CR 2860245, 2868035, 2893212)",
  "aliases": [
    "2860245",
    "2868035",
    "2893212",
    "A-177910901",
    "CVE-2020-26145"
  ],
  "modified": "2024-08-14T00:12:02.829007Z",
  "published": "2021-10-01T00:00:00Z",
  "references": [
    {
      "type": "ADVISORY",
      "url": "https://source.android.com/security/bulletin/2021-10-01"
    },
    {
      "type": "FIX",
      "url": "https://source.codeaurora.org/quic/la/platform/vendor/qcom-opensource/wlan/qcacld-3.0/commit/?id=f2f94c79478dbdc16c81432d59ae299493ee76a9"
    },
    {
      "type": "FIX",
      "url": "https://source.codeaurora.org/quic/qsdk/platform/vendor/qcom-opensource/wlan/qca-wifi-host-cmn/commit/?id=99d4698bc9bd177e4c4dd5ce45715d7ff8e91b09"
    }
  ],
  "affected": [
    {
      "package": {
        "name": "platform/vendor/qcom-opensource/wlan/qca-wifi-host-cmn",
        "ecosystem": "Android"
      },
      "ranges": [
        {
          "type": "ECOSYSTEM",
          "events": [
            {
              "introduced": "SoCVersion:0"
            },
            {
              "fixed": "SoCVersion:2021-10-05"
            }
          ]
        }
      ],
      "versions": [
        "SoCVersion"
      ],
      "ecosystem_specific": {
        "fixes": [
          "https://source.codeaurora.org/quic/qsdk/platform/vendor/qcom-opensource/wlan/qca-wifi-host-cmn/commit/?id=99d4698bc9bd177e4c4dd5ce45715d7ff8e91b09"
        ],
        "spl": "2021-10-05",
        "severity": "High",
        "types": [
          "Unknown"
        ]
      },
      "database_specific": {
        "source": "https://storage.googleapis.com/android-osv/ASB-A-177910901.json"
      }
    },
    {
      "package": {
        "name": "platform/vendor/qcom-opensource/wlan/qcacld-3.0",
        "ecosystem": "Android"
      },
      "ranges": [
        {
          "type": "ECOSYSTEM",
          "events": [
            {
              "introduced": "SoCVersion:0"
            },
            {
              "fixed": "SoCVersion:2021-10-05"
            }
          ]
        }
      ],
      "versions": [
        "SoCVersion"
      ],
      "ecosystem_specific": {
        "vanir_signatures": [
          {
            "digest": {
              "length": 1870.0,
              "function_hash": "228305840767273007697050400976324445675"
            },
            "id": "ASB-A-177910901-2c6e51e1",
            "source": "https://git.codelinaro.org/clo/la/platform/vendor/qcom-opensource/wlan/qcacld-3.0/commit/f2f94c79478dbdc16c81432d59ae299493ee76a9",
            "deprecated": false,
            "signature_version": "v1",
            "target": {
              "file": "core/dp/txrx/ol_rx_defrag.c",
              "function": "ol_rx_reorder_store_frag"
            },
            "signature_type": "Function"
          },
          {
            "digest": {
              "threshold": 0.9,
              "line_hashes": [
                "230094394050047626337871694326964752378",
                "217052875065564750120646403589165588849",
                "109069149304541312140751974355542130498",
                "225308847232055584350353250103914895412",
                "21657999598538911669936877135649362907",
                "230073066752570702664998617219773408734",
                "40308915956392386864359640737719468967"
              ]
            },
            "id": "ASB-A-177910901-2c8aa3fe",
            "source": "https://git.codelinaro.org/clo/la/platform/vendor/qcom-opensource/wlan/qcacld-3.0/commit/f2f94c79478dbdc16c81432d59ae299493ee76a9",
            "deprecated": false,
            "signature_version": "v1",
            "target": {
              "file": "core/dp/txrx/ol_rx_defrag.c"
            },
            "signature_type": "Line"
          }
        ],
        "fixes": [
          "https://source.codeaurora.org/quic/la/platform/vendor/qcom-opensource/wlan/qcacld-3.0/commit/?id=f2f94c79478dbdc16c81432d59ae299493ee76a9"
        ],
        "spl": "2021-10-05",
        "severity": "High",
        "types": [
          "Unknown"
        ]
      },
      "database_specific": {
        "source": "https://storage.googleapis.com/android-osv/ASB-A-177910901.json"
      }
    }
  ],
  "schema_version": "1.6.0"
}