{
  "id": "ASB-A-173720767",
  "summary": "[An information disclosure vulnerability problem found in IMediaPlayer.cpp]",
  "details": "In readVector of IMediaPlayer.cpp, there is a possible read of uninitialized heap data due to a missing bounds check. This could lead to local information disclosure with no additional execution privileges needed. User interaction is not needed for exploitation.",
  "aliases": [
    "A-173720767",
    "CVE-2021-0484"
  ],
  "modified": "2024-08-07T19:30:10.885779Z",
  "published": "2021-05-01T00:00:00Z",
  "references": [
    {
      "type": "ADVISORY",
      "url": "https://source.android.com/security/bulletin/2021-05-01"
    },
    {
      "type": "FIX",
      "url": "https://android.googlesource.com/platform/frameworks/av/+/8e6748ee5b5363e660c81c0427c317b7a71a9181"
    }
  ],
  "affected": [
    {
      "package": {
        "name": "platform/frameworks/av",
        "ecosystem": "Android"
      },
      "ranges": [
        {
          "type": "ECOSYSTEM",
          "events": [
            {
              "introduced": "8.1:0"
            },
            {
              "fixed": "8.1:2021-05-01"
            }
          ]
        }
      ],
      "versions": [
        "8.1"
      ],
      "ecosystem_specific": {
        "vanir_signatures": [
          {
            "digest": {
              "threshold": 0.9,
              "line_hashes": [
                "137147752638932862531344470674846886878",
                "231227451299928998277620542025444966994",
                "83770904494722983864759919224197592579",
                "150648564436782432705863751090426698079",
                "196444031110439513754514230037196356470",
                "271822407266642178302208433187822725631",
                "322224461524526038265709943383573174557",
                "272037574455818530587285395380489149941",
                "66787794564371268727059360801326862866",
                "224702763775032344028098836855576249824",
                "22977814044481917704434935293811452310",
                "131369053059246382188197360487718532980",
                "272449105225689450702413453354131643521",
                "273183550824803671003551279574819198361"
              ]
            },
            "id": "ASB-A-173720767-24418602",
            "source": "https://android.googlesource.com/platform/frameworks/av/+/ae59a1c2c0831fdc541949a72742f8d619238071",
            "deprecated": false,
            "signature_version": "v1",
            "target": {
              "file": "media/libmedia/IMediaPlayer.cpp"
            },
            "signature_type": "Line"
          },
          {
            "digest": {
              "length": 190.0,
              "function_hash": "329994345319308338067852731081698756910"
            },
            "id": "ASB-A-173720767-510a8b79",
            "source": "https://android.googlesource.com/platform/frameworks/av/+/ae59a1c2c0831fdc541949a72742f8d619238071",
            "deprecated": false,
            "signature_version": "v1",
            "target": {
              "file": "media/libmedia/IMediaPlayer.cpp",
              "function": "readVector"
            },
            "signature_type": "Function"
          },
          {
            "digest": {
              "length": 9597.0,
              "function_hash": "334001344346238633597741940204780235569"
            },
            "id": "ASB-A-173720767-94b7e0ee",
            "source": "https://android.googlesource.com/platform/frameworks/av/+/ae59a1c2c0831fdc541949a72742f8d619238071",
            "deprecated": false,
            "signature_version": "v1",
            "target": {
              "file": "media/libmedia/IMediaPlayer.cpp",
              "function": "BnMediaPlayer::onTransact"
            },
            "signature_type": "Function"
          }
        ],
        "fixes": [
          "https://android.googlesource.com/platform/frameworks/av/+/ae59a1c2c0831fdc541949a72742f8d619238071"
        ],
        "spl": "2021-05-01",
        "severity": "High",
        "types": [
          "ID"
        ]
      },
      "database_specific": {
        "source": "https://storage.googleapis.com/android-osv/ASB-A-173720767.json"
      }
    },
    {
      "package": {
        "name": "platform/frameworks/av",
        "ecosystem": "Android"
      },
      "ranges": [
        {
          "type": "ECOSYSTEM",
          "events": [
            {
              "introduced": "9:0"
            },
            {
              "fixed": "9:2021-05-01"
            }
          ]
        }
      ],
      "versions": [
        "9"
      ],
      "ecosystem_specific": {
        "vanir_signatures": [
          {
            "digest": {
              "threshold": 0.9,
              "line_hashes": [
                "137147752638932862531344470674846886878",
                "231227451299928998277620542025444966994",
                "83770904494722983864759919224197592579",
                "233983285109276500546906613233327018833",
                "114891956278159326936611967311390745678",
                "271822407266642178302208433187822725631",
                "322224461524526038265709943383573174557",
                "272037574455818530587285395380489149941",
                "66787794564371268727059360801326862866",
                "224702763775032344028098836855576249824",
                "22977814044481917704434935293811452310",
                "131369053059246382188197360487718532980",
                "272449105225689450702413453354131643521",
                "273183550824803671003551279574819198361"
              ]
            },
            "id": "ASB-A-173720767-3a024b6b",
            "source": "https://android.googlesource.com/platform/frameworks/av/+/6f400642d200cece345bde5527426c1f824d66e0",
            "deprecated": false,
            "signature_version": "v1",
            "target": {
              "file": "media/libmedia/IMediaPlayer.cpp"
            },
            "signature_type": "Line"
          },
          {
            "digest": {
              "length": 190.0,
              "function_hash": "329994345319308338067852731081698756910"
            },
            "id": "ASB-A-173720767-6b1b49a2",
            "source": "https://android.googlesource.com/platform/frameworks/av/+/6f400642d200cece345bde5527426c1f824d66e0",
            "deprecated": false,
            "signature_version": "v1",
            "target": {
              "file": "media/libmedia/IMediaPlayer.cpp",
              "function": "readVector"
            },
            "signature_type": "Function"
          },
          {
            "digest": {
              "length": 10517.0,
              "function_hash": "72819463654876945845308859680022199371"
            },
            "id": "ASB-A-173720767-fe306002",
            "source": "https://android.googlesource.com/platform/frameworks/av/+/6f400642d200cece345bde5527426c1f824d66e0",
            "deprecated": false,
            "signature_version": "v1",
            "target": {
              "file": "media/libmedia/IMediaPlayer.cpp",
              "function": "BnMediaPlayer::onTransact"
            },
            "signature_type": "Function"
          }
        ],
        "fixes": [
          "https://android.googlesource.com/platform/frameworks/av/+/6f400642d200cece345bde5527426c1f824d66e0"
        ],
        "spl": "2021-05-01",
        "severity": "High",
        "types": [
          "ID"
        ]
      },
      "database_specific": {
        "source": "https://storage.googleapis.com/android-osv/ASB-A-173720767.json"
      }
    },
    {
      "package": {
        "name": "platform/frameworks/av",
        "ecosystem": "Android"
      },
      "ranges": [
        {
          "type": "ECOSYSTEM",
          "events": [
            {
              "introduced": "10:0"
            },
            {
              "fixed": "10:2021-05-01"
            }
          ]
        }
      ],
      "versions": [
        "10"
      ],
      "ecosystem_specific": {
        "vanir_signatures": [
          {
            "digest": {
              "threshold": 0.9,
              "line_hashes": [
                "137147752638932862531344470674846886878",
                "231227451299928998277620542025444966994",
                "83770904494722983864759919224197592579",
                "233983285109276500546906613233327018833",
                "114891956278159326936611967311390745678",
                "271822407266642178302208433187822725631",
                "322224461524526038265709943383573174557",
                "272037574455818530587285395380489149941",
                "66787794564371268727059360801326862866",
                "224702763775032344028098836855576249824",
                "22977814044481917704434935293811452310",
                "131369053059246382188197360487718532980",
                "272449105225689450702413453354131643521",
                "273183550824803671003551279574819198361"
              ]
            },
            "id": "ASB-A-173720767-81e6ef66",
            "source": "https://android.googlesource.com/platform/frameworks/av/+/f8c7ecf6567635062ccb262b0d1e58486420aad1",
            "deprecated": false,
            "signature_version": "v1",
            "target": {
              "file": "media/libmedia/IMediaPlayer.cpp"
            },
            "signature_type": "Line"
          },
          {
            "digest": {
              "length": 190.0,
              "function_hash": "329994345319308338067852731081698756910"
            },
            "id": "ASB-A-173720767-9f1bd2d8",
            "source": "https://android.googlesource.com/platform/frameworks/av/+/f8c7ecf6567635062ccb262b0d1e58486420aad1",
            "deprecated": false,
            "signature_version": "v1",
            "target": {
              "file": "media/libmedia/IMediaPlayer.cpp",
              "function": "readVector"
            },
            "signature_type": "Function"
          },
          {
            "digest": {
              "length": 10652.0,
              "function_hash": "4445341174580082019547846390917346058"
            },
            "id": "ASB-A-173720767-e2e43eca",
            "source": "https://android.googlesource.com/platform/frameworks/av/+/f8c7ecf6567635062ccb262b0d1e58486420aad1",
            "deprecated": false,
            "signature_version": "v1",
            "target": {
              "file": "media/libmedia/IMediaPlayer.cpp",
              "function": "BnMediaPlayer::onTransact"
            },
            "signature_type": "Function"
          }
        ],
        "fixes": [
          "https://android.googlesource.com/platform/frameworks/av/+/f8c7ecf6567635062ccb262b0d1e58486420aad1"
        ],
        "spl": "2021-05-01",
        "severity": "High",
        "types": [
          "ID"
        ]
      },
      "database_specific": {
        "source": "https://storage.googleapis.com/android-osv/ASB-A-173720767.json"
      }
    },
    {
      "package": {
        "name": "platform/frameworks/av",
        "ecosystem": "Android"
      },
      "ranges": [
        {
          "type": "ECOSYSTEM",
          "events": [
            {
              "introduced": "11:0"
            },
            {
              "fixed": "11:2021-05-01"
            }
          ]
        }
      ],
      "versions": [
        "11"
      ],
      "ecosystem_specific": {
        "vanir_signatures": [
          {
            "digest": {
              "threshold": 0.9,
              "line_hashes": [
                "21118745509113319667058368533170633004",
                "41792605754478995712089602561934856009",
                "166820881281461127374687190157666082393",
                "3514191016888557444805117661765457900",
                "233983285109276500546906613233327018833",
                "114891956278159326936611967311390745678",
                "271822407266642178302208433187822725631",
                "322224461524526038265709943383573174557",
                "272037574455818530587285395380489149941",
                "66787794564371268727059360801326862866",
                "224702763775032344028098836855576249824",
                "22977814044481917704434935293811452310",
                "131369053059246382188197360487718532980",
                "272449105225689450702413453354131643521",
                "273183550824803671003551279574819198361"
              ]
            },
            "id": "ASB-A-173720767-25db3550",
            "source": "https://android.googlesource.com/platform/frameworks/av/+/346292cea9f4cc4173d4e0d9bd0844ea814cab95",
            "deprecated": false,
            "signature_version": "v1",
            "target": {
              "file": "media/libmedia/IMediaPlayer.cpp"
            },
            "signature_type": "Line"
          },
          {
            "digest": {
              "length": 190.0,
              "function_hash": "329994345319308338067852731081698756910"
            },
            "id": "ASB-A-173720767-9ac11c87",
            "source": "https://android.googlesource.com/platform/frameworks/av/+/346292cea9f4cc4173d4e0d9bd0844ea814cab95",
            "deprecated": false,
            "signature_version": "v1",
            "target": {
              "file": "media/libmedia/IMediaPlayer.cpp",
              "function": "readVector"
            },
            "signature_type": "Function"
          },
          {
            "digest": {
              "length": 10652.0,
              "function_hash": "4445341174580082019547846390917346058"
            },
            "id": "ASB-A-173720767-a71007ac",
            "source": "https://android.googlesource.com/platform/frameworks/av/+/346292cea9f4cc4173d4e0d9bd0844ea814cab95",
            "deprecated": false,
            "signature_version": "v1",
            "target": {
              "file": "media/libmedia/IMediaPlayer.cpp",
              "function": "BnMediaPlayer::onTransact"
            },
            "signature_type": "Function"
          }
        ],
        "fixes": [
          "https://android.googlesource.com/platform/frameworks/av/+/346292cea9f4cc4173d4e0d9bd0844ea814cab95"
        ],
        "spl": "2021-05-01",
        "severity": "High",
        "types": [
          "ID"
        ]
      },
      "database_specific": {
        "source": "https://storage.googleapis.com/android-osv/ASB-A-173720767.json"
      }
    }
  ],
  "schema_version": "1.6.0"
}