{
  "id": "ASB-A-172348954",
  "summary": "Improper Validation of Array Index in Audio",
  "aliases": [
    "2555096",
    "A-172348954",
    "CVE-2020-11271"
  ],
  "modified": "2024-08-13T23:59:26.038039Z",
  "published": "2021-02-01T00:00:00Z",
  "references": [
    {
      "type": "ADVISORY",
      "url": "https://source.android.com/security/bulletin/2021-02-01"
    },
    {
      "type": "FIX",
      "url": "https://source.codeaurora.org/quic/qsdk/platform/vendor/opensource/audio-kernel/commit/?id=80ac1b29f1ea6be32eddb33bdf3d72407b315f38"
    }
  ],
  "affected": [
    {
      "package": {
        "name": ":linux_kernel:Qualcomm",
        "ecosystem": "Android"
      },
      "ranges": [
        {
          "type": "ECOSYSTEM",
          "events": [
            {
              "introduced": "SoCVersion:0"
            },
            {
              "fixed": "SoCVersion:2021-02-05"
            }
          ]
        }
      ],
      "versions": [
        "SoCVersion"
      ],
      "ecosystem_specific": {
        "fixes": [
          "https://source.codeaurora.org/quic/qsdk/platform/vendor/opensource/audio-kernel/commit/?id=80ac1b29f1ea6be32eddb33bdf3d72407b315f38"
        ],
        "spl": "2021-02-05",
        "severity": "High",
        "types": [
          "Unknown"
        ]
      },
      "database_specific": {
        "source": "https://storage.googleapis.com/android-osv/ASB-A-172348954.json"
      }
    }
  ],
  "schema_version": "1.6.0"
}