{
  "id": "ASB-A-172348990",
  "summary": "Untrusted Pointer Dereference in Wired Connectivity on SDM660",
  "aliases": [
    "2755788",
    "A-172348990",
    "CVE-2020-11286"
  ],
  "modified": "2024-08-13T23:59:27.526914Z",
  "published": "2021-02-01T00:00:00Z",
  "references": [
    {
      "type": "ADVISORY",
      "url": "https://source.android.com/security/bulletin/2021-02-01"
    },
    {
      "type": "FIX",
      "url": "https://source.codeaurora.org/quic/la/kernel/msm-3.18/commit/?id=79856f1b189faf189f8cf43e7222fc0b5138563e"
    }
  ],
  "affected": [
    {
      "package": {
        "name": ":linux_kernel:Qualcomm",
        "ecosystem": "Android"
      },
      "ranges": [
        {
          "type": "ECOSYSTEM",
          "events": [
            {
              "introduced": "SoCVersion:0"
            },
            {
              "fixed": "SoCVersion:2021-02-05"
            }
          ]
        }
      ],
      "versions": [
        "SoCVersion"
      ],
      "ecosystem_specific": {
        "vanir_signatures": [
          {
            "digest": {
              "threshold": 0.9,
              "line_hashes": [
                "281237535311657906073721010612884170313",
                "146300235675176167572274297082131230485",
                "57186091620811063984099880673703071903",
                "293850953748274922382092288284131843269",
                "89904337299582003251877969773570587312",
                "183778736723671333819721551977343525147"
              ]
            },
            "id": "ASB-A-172348990-32fcb31f",
            "source": "https://git.codelinaro.org/clo/la/kernel/msm-3.18/commit/79856f1b189faf189f8cf43e7222fc0b5138563e",
            "deprecated": false,
            "signature_version": "v1",
            "target": {
              "file": "drivers/usb/dwc3/ep0.c",
              "truncated_path_level": 1.0
            },
            "signature_type": "Line"
          },
          {
            "digest": {
              "length": 1280.0,
              "function_hash": "315260884411949982349230654910572780863"
            },
            "id": "ASB-A-172348990-df5d92c1",
            "source": "https://git.codelinaro.org/clo/la/kernel/msm-3.18/commit/79856f1b189faf189f8cf43e7222fc0b5138563e",
            "deprecated": false,
            "signature_version": "v1",
            "target": {
              "file": "drivers/usb/dwc3/ep0.c",
              "truncated_path_level": 1.0,
              "function": "dwc3_ep0_handle_status"
            },
            "signature_type": "Function"
          }
        ],
        "fixes": [
          "https://source.codeaurora.org/quic/la/kernel/msm-3.18/commit/?id=79856f1b189faf189f8cf43e7222fc0b5138563e"
        ],
        "spl": "2021-02-05",
        "severity": "High",
        "types": [
          "Unknown"
        ]
      },
      "database_specific": {
        "source": "https://storage.googleapis.com/android-osv/ASB-A-172348990.json"
      }
    }
  ],
  "schema_version": "1.6.0"
}