{
  "id": "ASB-A-193071117",
  "summary": "Buffer Over-read in DSP Services",
  "aliases": [
    "2915692",
    "A-193071117",
    "CVE-2021-30306"
  ],
  "modified": "2024-08-14T00:12:03.025356Z",
  "published": "2021-10-01T00:00:00Z",
  "references": [
    {
      "type": "ADVISORY",
      "url": "https://source.android.com/security/bulletin/2021-10-01"
    },
    {
      "type": "FIX",
      "url": "https://source.codeaurora.org/quic/la/kernel/msm-5.4/commit/?id=4d5a6020f9fc49c83e7808a63a2a8088225cde81"
    }
  ],
  "affected": [
    {
      "package": {
        "name": ":linux_kernel:Qualcomm",
        "ecosystem": "Android"
      },
      "ranges": [
        {
          "type": "ECOSYSTEM",
          "events": [
            {
              "introduced": "SoCVersion:0"
            },
            {
              "fixed": "SoCVersion:2021-10-05"
            }
          ]
        }
      ],
      "versions": [
        "SoCVersion"
      ],
      "ecosystem_specific": {
        "vanir_signatures": [
          {
            "digest": {
              "length": 2747.0,
              "function_hash": "217360085945930420158521720994299903519"
            },
            "id": "ASB-A-193071117-83cda07d",
            "source": "https://git.codelinaro.org/clo/la/kernel/msm-5.4/commit/4d5a6020f9fc49c83e7808a63a2a8088225cde81",
            "deprecated": false,
            "signature_version": "v1",
            "target": {
              "file": "drivers/char/adsprpc.c",
              "function": "fastrpc_init_create_static_process"
            },
            "signature_type": "Function"
          },
          {
            "digest": {
              "threshold": 0.9,
              "line_hashes": [
                "185134192235597190987820017339989874125",
                "37949419543819915258481830069090706843",
                "23041232667798935651663846215425082614",
                "57098039297923985665706615179928446783"
              ]
            },
            "id": "ASB-A-193071117-ba074fd3",
            "source": "https://git.codelinaro.org/clo/la/kernel/msm-5.4/commit/4d5a6020f9fc49c83e7808a63a2a8088225cde81",
            "deprecated": false,
            "signature_version": "v1",
            "target": {
              "file": "drivers/char/adsprpc.c"
            },
            "signature_type": "Line"
          }
        ],
        "fixes": [
          "https://source.codeaurora.org/quic/la/kernel/msm-5.4/commit/?id=4d5a6020f9fc49c83e7808a63a2a8088225cde81"
        ],
        "spl": "2021-10-05",
        "severity": "High",
        "types": [
          "Unknown"
        ]
      },
      "database_specific": {
        "source": "https://storage.googleapis.com/android-osv/ASB-A-193071117.json"
      }
    }
  ],
  "schema_version": "1.6.0"
}