{
  "id": "ASB-A-175626808",
  "summary": "[Q-Case#05087467]Security Report - Wi-Fi Fragmentation and Aggregation Attacks (#4: not verifying sequential packet numbers) (CR 2860242, 2874369)",
  "aliases": [
    "2860242",
    "2874369",
    "A-175626808",
    "CVE-2020-26146"
  ],
  "modified": "2024-08-13T23:59:28.921733Z",
  "published": "2021-10-01T00:00:00Z",
  "references": [
    {
      "type": "ADVISORY",
      "url": "https://source.android.com/security/bulletin/2021-10-01"
    },
    {
      "type": "FIX",
      "url": "https://source.codeaurora.org/quic/la/platform/vendor/qcom-opensource/wlan/qcacld-3.0/commit/?id=f12e0232736851e661f1d8da7a5f23defabe93ef"
    },
    {
      "type": "FIX",
      "url": "https://source.codeaurora.org/quic/qsdk/platform/vendor/qcom-opensource/wlan/qca-wifi-host-cmn/commit/?id=ef22bcb7a1b08de1a048dae1919795183943d6e0"
    }
  ],
  "affected": [
    {
      "package": {
        "name": "platform/vendor/qcom-opensource/wlan/qca-wifi-host-cmn",
        "ecosystem": "Android"
      },
      "ranges": [
        {
          "type": "ECOSYSTEM",
          "events": [
            {
              "introduced": "SoCVersion:0"
            },
            {
              "fixed": "SoCVersion:2021-10-05"
            }
          ]
        }
      ],
      "versions": [
        "SoCVersion"
      ],
      "ecosystem_specific": {
        "fixes": [
          "https://source.codeaurora.org/quic/qsdk/platform/vendor/qcom-opensource/wlan/qca-wifi-host-cmn/commit/?id=ef22bcb7a1b08de1a048dae1919795183943d6e0"
        ],
        "spl": "2021-10-05",
        "severity": "High",
        "types": [
          "Unknown"
        ]
      },
      "database_specific": {
        "source": "https://storage.googleapis.com/android-osv/ASB-A-175626808.json"
      }
    },
    {
      "package": {
        "name": "platform/vendor/qcom-opensource/wlan/qcacld-3.0",
        "ecosystem": "Android"
      },
      "ranges": [
        {
          "type": "ECOSYSTEM",
          "events": [
            {
              "introduced": "SoCVersion:0"
            },
            {
              "fixed": "SoCVersion:2021-10-05"
            }
          ]
        }
      ],
      "versions": [
        "SoCVersion"
      ],
      "ecosystem_specific": {
        "vanir_signatures": [
          {
            "digest": {
              "threshold": 0.9,
              "line_hashes": [
                "143878334055539477791250626876099150960",
                "55309606909909977594252406380522325076",
                "163107902714710332116445263257892494718",
                "169080085500354857669342183252929011751",
                "330129995546679903260426467615065914537"
              ]
            },
            "id": "ASB-A-175626808-2204f34e",
            "source": "https://git.codelinaro.org/clo/la/platform/vendor/qcom-opensource/wlan/qcacld-3.0/commit/f12e0232736851e661f1d8da7a5f23defabe93ef",
            "deprecated": false,
            "signature_version": "v1",
            "target": {
              "file": "core/dp/txrx/ol_rx_defrag.c"
            },
            "signature_type": "Line"
          },
          {
            "digest": {
              "length": 187.0,
              "function_hash": "107704799820812698066561142797183224621"
            },
            "id": "ASB-A-175626808-2cccd6a0",
            "source": "https://git.codelinaro.org/clo/la/platform/vendor/qcom-opensource/wlan/qcacld-3.0/commit/f12e0232736851e661f1d8da7a5f23defabe93ef",
            "deprecated": false,
            "signature_version": "v1",
            "target": {
              "file": "core/dp/txrx/ol_rx_pn.c",
              "function": "ol_rx_pn_check_only"
            },
            "signature_type": "Function"
          },
          {
            "digest": {
              "length": 439.0,
              "function_hash": "251196771201834669660128430475376037559"
            },
            "id": "ASB-A-175626808-31f30151",
            "source": "https://git.codelinaro.org/clo/la/platform/vendor/qcom-opensource/wlan/qcacld-3.0/commit/f12e0232736851e661f1d8da7a5f23defabe93ef",
            "deprecated": false,
            "signature_version": "v1",
            "target": {
              "file": "core/dp/txrx/ol_rx_pn.c",
              "function": "ol_rx_pn_wapi_cmp"
            },
            "signature_type": "Function"
          },
          {
            "digest": {
              "threshold": 0.9,
              "line_hashes": [
                "329489663173778165170692516247791460560",
                "125240461942409369700627219128097825040",
                "294827059311598009059620403632236676408",
                "292892129237631515321403525848948820724",
                "31878224022210211198850465572867216529"
              ]
            },
            "id": "ASB-A-175626808-74d17cdf",
            "source": "https://git.codelinaro.org/clo/la/platform/vendor/qcom-opensource/wlan/qcacld-3.0/commit/f12e0232736851e661f1d8da7a5f23defabe93ef",
            "deprecated": false,
            "signature_version": "v1",
            "target": {
              "file": "core/dp/txrx/ol_txrx_types.h"
            },
            "signature_type": "Line"
          },
          {
            "digest": {
              "length": 9285.0,
              "function_hash": "309635654464992467139946599038128286667"
            },
            "id": "ASB-A-175626808-84dc4044",
            "source": "https://git.codelinaro.org/clo/la/platform/vendor/qcom-opensource/wlan/qcacld-3.0/commit/f12e0232736851e661f1d8da7a5f23defabe93ef",
            "deprecated": false,
            "signature_version": "v1",
            "target": {
              "file": "core/dp/txrx/ol_txrx.c",
              "function": "ol_txrx_pdev_post_attach"
            },
            "signature_type": "Function"
          },
          {
            "digest": {
              "threshold": 0.9,
              "line_hashes": [
                "282968406909350985857465118926605822525",
                "73235860081728719050590103477675756867",
                "155429084216138028672638834370556872125",
                "112788995639139158157667165524113534987",
                "138611672309223076900431648891964943816",
                "155736408668291649869063197541614116678",
                "289430574892232237014671572072715500489",
                "10515150704390591281283336302446435276",
                "7966066000322741216990465448575933644"
              ]
            },
            "id": "ASB-A-175626808-880756b8",
            "source": "https://git.codelinaro.org/clo/la/platform/vendor/qcom-opensource/wlan/qcacld-3.0/commit/f12e0232736851e661f1d8da7a5f23defabe93ef",
            "deprecated": false,
            "signature_version": "v1",
            "target": {
              "file": "core/dp/txrx/ol_txrx.c"
            },
            "signature_type": "Line"
          },
          {
            "digest": {
              "length": 3540.0,
              "function_hash": "294354758686208828750410618507177864460"
            },
            "id": "ASB-A-175626808-ae562e91",
            "source": "https://git.codelinaro.org/clo/la/platform/vendor/qcom-opensource/wlan/qcacld-3.0/commit/f12e0232736851e661f1d8da7a5f23defabe93ef",
            "deprecated": false,
            "signature_version": "v1",
            "target": {
              "file": "core/dp/txrx/ol_rx_pn.c",
              "function": "ol_rx_pn_check_base"
            },
            "signature_type": "Function"
          },
          {
            "digest": {
              "length": 172.0,
              "function_hash": "169586220804009085050750674046527334352"
            },
            "id": "ASB-A-175626808-bdf0553d",
            "source": "https://git.codelinaro.org/clo/la/platform/vendor/qcom-opensource/wlan/qcacld-3.0/commit/f12e0232736851e661f1d8da7a5f23defabe93ef",
            "deprecated": false,
            "signature_version": "v1",
            "target": {
              "file": "core/dp/txrx/ol_rx_pn.c",
              "function": "ol_rx_pn_cmp24"
            },
            "signature_type": "Function"
          },
          {
            "digest": {
              "length": 2706.0,
              "function_hash": "271087819353205392470822160135577792041"
            },
            "id": "ASB-A-175626808-bf8fe53e",
            "source": "https://git.codelinaro.org/clo/la/platform/vendor/qcom-opensource/wlan/qcacld-3.0/commit/f12e0232736851e661f1d8da7a5f23defabe93ef",
            "deprecated": false,
            "signature_version": "v1",
            "target": {
              "file": "core/dp/txrx/ol_rx_defrag.c",
              "function": "ol_rx_defrag"
            },
            "signature_type": "Function"
          },
          {
            "digest": {
              "length": 187.0,
              "function_hash": "107704799820812698066561142797183224621"
            },
            "id": "ASB-A-175626808-cd2308ec",
            "source": "https://git.codelinaro.org/clo/la/platform/vendor/qcom-opensource/wlan/qcacld-3.0/commit/f12e0232736851e661f1d8da7a5f23defabe93ef",
            "deprecated": false,
            "signature_version": "v1",
            "target": {
              "file": "core/dp/txrx/ol_rx_pn.c",
              "function": "ol_rx_pn_check"
            },
            "signature_type": "Function"
          },
          {
            "digest": {
              "length": 190.0,
              "function_hash": "125248582082433490002526307020495986835"
            },
            "id": "ASB-A-175626808-d651754a",
            "source": "https://git.codelinaro.org/clo/la/platform/vendor/qcom-opensource/wlan/qcacld-3.0/commit/f12e0232736851e661f1d8da7a5f23defabe93ef",
            "deprecated": false,
            "signature_version": "v1",
            "target": {
              "file": "core/dp/txrx/ol_rx_pn.c",
              "function": "ol_rx_pn_cmp48"
            },
            "signature_type": "Function"
          },
          {
            "digest": {
              "threshold": 0.9,
              "line_hashes": [
                "141011230432998424905415683373593975269",
                "31711318341971813119117098816353702025",
                "258421423325346418013749640130746291308",
                "252974371064539775311838490906925506860",
                "166770199710473525468795319953148578376",
                "173576435314131380647556435726466001687",
                "54234715291511556126393324778355312512",
                "126785594769860223699258116896644661917",
                "322146004688301395829703860322182494270",
                "30733637310167160501496544509685215642",
                "237855816422888219354542324375200308989",
                "294448955813526320543351051313063177377",
                "141621625106436365086728786938351213927",
                "241496982880809026998469204031389708896",
                "130289662803365522808303542527681226512",
                "120815798269849851054963804145905853326",
                "238319264766888732355398286831023403877",
                "167910611721442458547687479614034929456",
                "288757106661678192328721730522718803245",
                "131018295918307952569649100376307297808",
                "269307245595812514807445299141991508498",
                "259005232665633878115096367226534071689",
                "199065565199178129358999290713442944213",
                "60845552170136277536237012811055390702",
                "337579779227234351148562860906104379846",
                "26413530196707736472216611303067579524",
                "239403038020287693618459804297766272694",
                "296077998362691652583383516991493774713",
                "148804471555495373540291001560850265497",
                "331923869868114941568788519936920065613",
                "116412292162279493915034409874257151399",
                "84486547921908987594347750155216704438",
                "148804471555495373540291001560850265497",
                "181594300081238803294245922993862090719",
                "236327806388334471043689335931183587579",
                "35541677753432231995959372248161412272"
              ]
            },
            "id": "ASB-A-175626808-f90e5bec",
            "source": "https://git.codelinaro.org/clo/la/platform/vendor/qcom-opensource/wlan/qcacld-3.0/commit/f12e0232736851e661f1d8da7a5f23defabe93ef",
            "deprecated": false,
            "signature_version": "v1",
            "target": {
              "file": "core/dp/txrx/ol_rx_pn.c"
            },
            "signature_type": "Line"
          },
          {
            "digest": {
              "threshold": 0.9,
              "line_hashes": [
                "87482041064355325766711740020024951793",
                "267298865560768374273212341482623705112",
                "21096995643113853950293097161736225354",
                "103272484835882257784622528820787165641",
                "162744725862203638398705192510774883400",
                "77607511269088160660576621836382750085",
                "102351153874244498735460215465925333021",
                "77693520827971608959852161705489399931",
                "60545697696959862617638668895710589278",
                "276478698279256759029345413562899619698",
                "35707640590389081294400651605817583666",
                "190744879742345482886174817527217806935",
                "21205307468902803538001996490687115736",
                "47798770580764991680562624903148062643"
              ]
            },
            "id": "ASB-A-175626808-fb66e850",
            "source": "https://git.codelinaro.org/clo/la/platform/vendor/qcom-opensource/wlan/qcacld-3.0/commit/f12e0232736851e661f1d8da7a5f23defabe93ef",
            "deprecated": false,
            "signature_version": "v1",
            "target": {
              "file": "core/dp/txrx/ol_rx_pn.h"
            },
            "signature_type": "Line"
          }
        ],
        "fixes": [
          "https://source.codeaurora.org/quic/la/platform/vendor/qcom-opensource/wlan/qcacld-3.0/commit/?id=f12e0232736851e661f1d8da7a5f23defabe93ef"
        ],
        "spl": "2021-10-05",
        "severity": "High",
        "types": [
          "Unknown"
        ]
      },
      "database_specific": {
        "source": "https://storage.googleapis.com/android-osv/ASB-A-175626808.json"
      }
    }
  ],
  "schema_version": "1.6.0"
}