{
  "id": "ASB-A-187074565",
  "summary": "Use After Free in WLAN",
  "aliases": [
    "2859124",
    "A-187074565",
    "CVE-2021-1978"
  ],
  "modified": "2024-08-14T00:12:02.764066Z",
  "published": "2021-08-01T00:00:00Z",
  "references": [
    {
      "type": "ADVISORY",
      "url": "https://source.android.com/security/bulletin/2021-08-01"
    },
    {
      "type": "FIX",
      "url": "https://source.codeaurora.org/quic/la/platform/external/wpa_supplicant_8/commit?id=ddffe981e88146adf777ce64c1c2dac2e1dad05e"
    }
  ],
  "affected": [
    {
      "package": {
        "name": "platform/external/wpa_supplicant_8",
        "ecosystem": "Android"
      },
      "ranges": [
        {
          "type": "ECOSYSTEM",
          "events": [
            {
              "introduced": "SoCVersion:0"
            },
            {
              "fixed": "SoCVersion:2021-08-05"
            }
          ]
        }
      ],
      "versions": [
        "SoCVersion"
      ],
      "ecosystem_specific": {
        "vanir_signatures": [
          {
            "digest": {
              "threshold": 0.9,
              "line_hashes": [
                "128796455848982368356203219768142726290",
                "161076068844364383292412104498364678166",
                "291589802263072470636725477655771698674",
                "119008578946307344089336836541750406494",
                "228396544765411136251911131362183005758",
                "37066500093299580707310528823932858788",
                "106804331610575519943723719761833113590",
                "59036688121461629250559041888316971593",
                "4160404099610251344482258090567248057",
                "57183285441311546535312157604045620083",
                "286679229437898392920697345732407000610",
                "32317745432204756367761345394918252426",
                "109005457824629908557499358177197614393",
                "174760457282641134357637656279684395229",
                "295498214095170957343448828320897333579",
                "231561197871655918952769774433979643467",
                "272046390496517040711769321946084542228",
                "92120075043870287200332856680695550315",
                "179177642830648215805598026408405064874",
                "332421804708118135499007728744743252726",
                "117907270593171523350669457510874122490",
                "234952016749598267551306747229553997138",
                "32404459404750656726934834419207797824",
                "124469613079158790600869750216074603090",
                "197676605270161554474149820228699356466",
                "96227805136013622128903328153093076713",
                "145772101671884602195736012186328223085",
                "336482107586009068529284094197881483514",
                "292517299523585463662594901024069175443",
                "277317360113168308626655908377027016312",
                "79475386845072825447479215716553240117",
                "308403049714104337201796933527290477574",
                "62125499215935015887970244292814273065",
                "147491603186737688012413222163318990359",
                "109005457824629908557499358177197614393",
                "294560959223025994856521674530014814224",
                "202307105121468745295637768879332192328",
                "199247617203147436233555131408834756441",
                "45749363177045683450482174663151650740"
              ]
            },
            "id": "ASB-A-187074565-8ac78f35",
            "source": "https://git.codelinaro.org/clo/la/platform/external/wpa_supplicant_8/commit/ddffe981e88146adf777ce64c1c2dac2e1dad05e",
            "deprecated": false,
            "signature_version": "v1",
            "target": {
              "file": "src/eap_peer/eap_proxy_qmi.c"
            },
            "signature_type": "Line"
          },
          {
            "digest": {
              "length": 647.0,
              "function_hash": "78851662729317445109950740443492410422"
            },
            "id": "ASB-A-187074565-94594f16",
            "source": "https://git.codelinaro.org/clo/la/platform/external/wpa_supplicant_8/commit/ddffe981e88146adf777ce64c1c2dac2e1dad05e",
            "deprecated": false,
            "signature_version": "v1",
            "target": {
              "file": "src/eap_peer/eap_proxy_qmi.c",
              "function": "handle_qmi_eap_ind"
            },
            "signature_type": "Function"
          },
          {
            "digest": {
              "length": 1113.0,
              "function_hash": "295673519875571972667240745052269633717"
            },
            "id": "ASB-A-187074565-c140a166",
            "source": "https://git.codelinaro.org/clo/la/platform/external/wpa_supplicant_8/commit/ddffe981e88146adf777ce64c1c2dac2e1dad05e",
            "deprecated": false,
            "signature_version": "v1",
            "target": {
              "file": "src/eap_peer/eap_proxy_qmi.c",
              "function": "eap_proxy_notifier_cb"
            },
            "signature_type": "Function"
          },
          {
            "digest": {
              "length": 573.0,
              "function_hash": "256587208176969109290005671293668118275"
            },
            "id": "ASB-A-187074565-cc62c8b2",
            "source": "https://git.codelinaro.org/clo/la/platform/external/wpa_supplicant_8/commit/ddffe981e88146adf777ce64c1c2dac2e1dad05e",
            "deprecated": false,
            "signature_version": "v1",
            "target": {
              "file": "src/eap_peer/eap_proxy_qmi.c",
              "function": "wpa_qmi_client_indication_cb"
            },
            "signature_type": "Function"
          },
          {
            "digest": {
              "length": 161.0,
              "function_hash": "269304856366640261006898705786208219391"
            },
            "id": "ASB-A-187074565-d1925b9b",
            "source": "https://git.codelinaro.org/clo/la/platform/external/wpa_supplicant_8/commit/ddffe981e88146adf777ce64c1c2dac2e1dad05e",
            "deprecated": false,
            "signature_version": "v1",
            "target": {
              "file": "src/eap_peer/eap_proxy_qmi.c",
              "function": "eap_proxy_clear_callbacks"
            },
            "signature_type": "Function"
          },
          {
            "digest": {
              "length": 616.0,
              "function_hash": "171350203167412990339804106912039096166"
            },
            "id": "ASB-A-187074565-d4ad4de9",
            "source": "https://git.codelinaro.org/clo/la/platform/external/wpa_supplicant_8/commit/ddffe981e88146adf777ce64c1c2dac2e1dad05e",
            "deprecated": false,
            "signature_version": "v1",
            "target": {
              "file": "src/eap_peer/eap_proxy_qmi.c",
              "function": "eap_proxy_prepare_qmi_cb_data"
            },
            "signature_type": "Function"
          },
          {
            "digest": {
              "threshold": 0.9,
              "line_hashes": [
                "250854003220825298010937082405790507897",
                "46969865469777309353020613384134617171",
                "301030399277248628397458969110116364166",
                "68338154468795711749290852243687833622"
              ]
            },
            "id": "ASB-A-187074565-f16d6aa8",
            "source": "https://git.codelinaro.org/clo/la/platform/external/wpa_supplicant_8/commit/ddffe981e88146adf777ce64c1c2dac2e1dad05e",
            "deprecated": false,
            "signature_version": "v1",
            "target": {
              "file": "src/eap_peer/eap_proxy_qmi.h"
            },
            "signature_type": "Line"
          }
        ],
        "fixes": [
          "https://source.codeaurora.org/quic/la/platform/external/wpa_supplicant_8/commit?id=ddffe981e88146adf777ce64c1c2dac2e1dad05e"
        ],
        "spl": "2021-08-05",
        "severity": "High",
        "types": [
          "Unknown"
        ]
      },
      "database_specific": {
        "source": "https://storage.googleapis.com/android-osv/ASB-A-187074565.json"
      }
    }
  ],
  "schema_version": "1.6.0"
}