{
  "id": "ASB-A-194695347",
  "summary": "[Hijack PendingIntent containing implicit Intent in EuiccNotificationManager to Access Media Provider]",
  "details": "In showCarrierAppInstallationNotification of EuiccNotificationManager.java, there is a possible way to gain an access to MediaProvider content due to an unsafe PendingIntent. This could lead to local escalation of privilege with User execution privileges needed. User interaction is needed for exploitation.",
  "aliases": [
    "A-194695347",
    "CVE-2021-39625"
  ],
  "modified": "2024-08-07T19:29:12.921200Z",
  "published": "2022-01-01T00:00:00Z",
  "references": [
    {
      "type": "ADVISORY",
      "url": "https://source.android.com/security/bulletin/2022-01-01"
    }
  ],
  "affected": [
    {
      "package": {
        "name": "platform/vendor/unbundled_google/packages/EuiccGooglePrebuilt",
        "ecosystem": "Android"
      },
      "ranges": [
        {
          "type": "ECOSYSTEM",
          "events": [
            {
              "introduced": "9:0"
            },
            {
              "fixed": "9:2022-01-01"
            }
          ]
        }
      ],
      "versions": [
        "9"
      ],
      "ecosystem_specific": {
        "spl": "2022-01-01",
        "severity": "High",
        "types": [
          "EoP"
        ]
      },
      "database_specific": {
        "source": "https://storage.googleapis.com/android-osv/ASB-A-194695347.json"
      }
    },
    {
      "package": {
        "name": "platform/vendor/unbundled_google/packages/EuiccGooglePrebuilt",
        "ecosystem": "Android"
      },
      "ranges": [
        {
          "type": "ECOSYSTEM",
          "events": [
            {
              "introduced": "10:0"
            },
            {
              "fixed": "10:2022-01-01"
            }
          ]
        }
      ],
      "versions": [
        "10"
      ],
      "ecosystem_specific": {
        "spl": "2022-01-01",
        "severity": "High",
        "types": [
          "EoP"
        ]
      },
      "database_specific": {
        "source": "https://storage.googleapis.com/android-osv/ASB-A-194695347.json"
      }
    },
    {
      "package": {
        "name": "platform/vendor/unbundled_google/packages/EuiccGooglePrebuilt",
        "ecosystem": "Android"
      },
      "ranges": [
        {
          "type": "ECOSYSTEM",
          "events": [
            {
              "introduced": "11:0"
            },
            {
              "fixed": "11:2022-01-01"
            }
          ]
        }
      ],
      "versions": [
        "11"
      ],
      "ecosystem_specific": {
        "spl": "2022-01-01",
        "severity": "High",
        "types": [
          "EoP"
        ]
      },
      "database_specific": {
        "source": "https://storage.googleapis.com/android-osv/ASB-A-194695347.json"
      }
    },
    {
      "package": {
        "name": "platform/vendor/unbundled_google/packages/EuiccGooglePrebuilt",
        "ecosystem": "Android"
      },
      "ranges": [
        {
          "type": "ECOSYSTEM",
          "events": [
            {
              "introduced": "12:0"
            },
            {
              "fixed": "12:2022-01-01"
            }
          ]
        }
      ],
      "versions": [
        "12"
      ],
      "ecosystem_specific": {
        "spl": "2022-01-01",
        "severity": "High",
        "types": [
          "EoP"
        ]
      },
      "database_specific": {
        "source": "https://storage.googleapis.com/android-osv/ASB-A-194695347.json"
      }
    }
  ],
  "schema_version": "1.6.0"
}