{
  "id": "ASB-A-170139095",
  "summary": "Use After Free in Data HLOS",
  "aliases": [
    "2439497",
    "A-170139095",
    "CVE-2020-11234"
  ],
  "modified": "2024-08-13T23:59:25.811828Z",
  "published": "2021-04-01T00:00:00Z",
  "references": [
    {
      "type": "ADVISORY",
      "url": "https://source.android.com/security/bulletin/2021-04-01"
    },
    {
      "type": "FIX",
      "url": "https://source.codeaurora.org/quic/la/kernel/msm-4.19/commit/?id=76a699e746c9b3a1494597a6756ff21fc84b48e4"
    },
    {
      "type": "FIX",
      "url": "https://source.codeaurora.org/quic/la/kernel/msm-3.18/commit/?id=82561910f1048593dced3f44243494596972586b"
    }
  ],
  "affected": [
    {
      "package": {
        "name": ":linux_kernel:Qualcomm",
        "ecosystem": "Android"
      },
      "ranges": [
        {
          "type": "ECOSYSTEM",
          "events": [
            {
              "introduced": "SoCVersion:0"
            },
            {
              "fixed": "SoCVersion:2021-04-05"
            }
          ]
        }
      ],
      "versions": [
        "SoCVersion"
      ],
      "ecosystem_specific": {
        "vanir_signatures": [
          {
            "digest": {
              "threshold": 0.9,
              "line_hashes": [
                "288399854754585837825592587653862389714",
                "276365070159641310814863018517418587989",
                "122934322909121767419531532385568564826",
                "338963724960183861607828367556922917631",
                "40788472523503531052574052166619148969",
                "264289679174811502229635919362883595459",
                "293610828393607926372825284354623296366",
                "120783569679844356989987418300517769879",
                "326608499154269905826929228872374629930",
                "213426978814187190708681890357329437563",
                "143937359894001053955639580896509978254",
                "174429421167268706792505590600815553852",
                "285392783285009538411231093515053883993",
                "141706334962385798740085884892794302976",
                "65659409035062847336564614211355298296",
                "298176824356441214070682504711865561728",
                "67980214662114206978928194908324601350",
                "96197339462097768750368339785703215833",
                "159038908181188920657560390464400728425",
                "45060377955109450470369651301960863148"
              ]
            },
            "id": "ASB-A-170139095-09109126",
            "source": "https://git.codelinaro.org/clo/la/kernel/msm-3.18/commit/82561910f1048593dced3f44243494596972586b",
            "deprecated": false,
            "signature_version": "v1",
            "target": {
              "file": "drivers/media/platform/msm/camera_v2/msm_vb2/msm_vb2.c"
            },
            "signature_type": "Line"
          },
          {
            "digest": {
              "length": 525.0,
              "function_hash": "228040800833367949179095823293227675563"
            },
            "id": "ASB-A-170139095-25bfdc76",
            "source": "https://git.codelinaro.org/clo/la/kernel/msm-3.18/commit/82561910f1048593dced3f44243494596972586b",
            "deprecated": false,
            "signature_version": "v1",
            "target": {
              "file": "drivers/media/platform/msm/camera_v2/msm_vb2/msm_vb2.c",
              "function": "msm_vb2_buf_init"
            },
            "signature_type": "Function"
          },
          {
            "digest": {
              "length": 649.0,
              "function_hash": "58631029639056811671270800598700127501"
            },
            "id": "ASB-A-170139095-4309ce51",
            "source": "https://git.codelinaro.org/clo/la/kernel/msm-3.18/commit/82561910f1048593dced3f44243494596972586b",
            "deprecated": false,
            "signature_version": "v1",
            "target": {
              "file": "drivers/media/platform/msm/camera_v2/msm_vb2/msm_vb2.c",
              "function": "msm_vb2_queue_setup"
            },
            "signature_type": "Function"
          },
          {
            "digest": {
              "threshold": 0.9,
              "line_hashes": [
                "72864312333300859910016885624830071175",
                "325482493606933727694644884863176224207",
                "257725936304315187612594691250986867709",
                "184449071115307250766846249772231291653",
                "163094748255448150255680417546536005447",
                "174622093795672337028465993142747517201",
                "109462210092090917669495737047641264417",
                "209650761176802740161643660860226579715",
                "163078372712187416567166548214151928938",
                "52630493215995245081179650771281159795",
                "105302633015578577129058563016017727368"
              ]
            },
            "id": "ASB-A-170139095-4a78e875",
            "source": "https://git.codelinaro.org/clo/la/kernel/msm-4.19/commit/76a699e746c9b3a1494597a6756ff21fc84b48e4",
            "deprecated": false,
            "signature_version": "v1",
            "target": {
              "file": "net/core/sockev_nlmcast.c"
            },
            "signature_type": "Line"
          },
          {
            "digest": {
              "length": 1074.0,
              "function_hash": "76490963987207413821142621838504172820"
            },
            "id": "ASB-A-170139095-96d99aad",
            "source": "https://git.codelinaro.org/clo/la/kernel/msm-4.19/commit/76a699e746c9b3a1494597a6756ff21fc84b48e4",
            "deprecated": false,
            "signature_version": "v1",
            "target": {
              "file": "net/core/sockev_nlmcast.c",
              "function": "sockev_client_cb"
            },
            "signature_type": "Function"
          },
          {
            "digest": {
              "threshold": 0.9,
              "line_hashes": [
                "196650418776929525735063488981454082754",
                "327154957908707776953026131870352043480",
                "135158944213162251315765439257602528112",
                "52011196030536533086170322836837577461",
                "281615275058210704097929596295901405765",
                "269934751895905098021306934044063016038",
                "302148813488949197411628054549566457326",
                "255747620672034448968242964057657383247",
                "12738802767244477353821477991054707292",
                "286802208233167974719561751047202411843",
                "170855401463456372842438940382323641851",
                "88736167237194910235632284918406356230",
                "268862333470526237510630518473396288253",
                "263722118693126928554579218445201732309",
                "172674698370222374257781632819006819625",
                "104245805482614968586910721043505148858",
                "33027631883324836387479992801626235684",
                "189656411803568996886017128878187190191",
                "208635776804086678315163961416918218630",
                "87166415471419359779758507309998307503",
                "38677476929145091468578193031991047444",
                "34999898086761498824905268812705593894",
                "16766805035512413044565235635445834522",
                "142496185677845238970843688779134516563",
                "101602979160543070913784511428499698319",
                "253296370598237042489227417829775036519",
                "313551966893721236929863604486979843787",
                "328997295186826226406678281475718656746",
                "285428638591335153813839145589082289302",
                "123699292112262197389098888415830339917",
                "25016800701028968587556879288441103966",
                "32950982893483489283224784999686391992",
                "37833675788122239052856779626198018964",
                "96431130168456237810309055684287049877",
                "79843271538234874921294253807185122149",
                "198579975436925822858814637662565465047"
              ]
            },
            "id": "ASB-A-170139095-9c9dbf1d",
            "source": "https://git.codelinaro.org/clo/la/kernel/msm-3.18/commit/82561910f1048593dced3f44243494596972586b",
            "deprecated": false,
            "signature_version": "v1",
            "target": {
              "file": "drivers/media/platform/msm/camera_v2/camera/camera.c"
            },
            "signature_type": "Line"
          },
          {
            "digest": {
              "length": 629.0,
              "function_hash": "281009843606314856633332604525811444914"
            },
            "id": "ASB-A-170139095-c9e2458b",
            "source": "https://git.codelinaro.org/clo/la/kernel/msm-3.18/commit/82561910f1048593dced3f44243494596972586b",
            "deprecated": false,
            "signature_version": "v1",
            "target": {
              "file": "drivers/media/platform/msm/camera_v2/camera/camera.c",
              "function": "camera_v4l2_vb2_q_init"
            },
            "signature_type": "Function"
          },
          {
            "digest": {
              "length": 982.0,
              "function_hash": "329706195580376358100622465203757025545"
            },
            "id": "ASB-A-170139095-d3f12ad7",
            "source": "https://git.codelinaro.org/clo/la/kernel/msm-3.18/commit/82561910f1048593dced3f44243494596972586b",
            "deprecated": false,
            "signature_version": "v1",
            "target": {
              "file": "drivers/media/platform/msm/camera_v2/camera/camera.c",
              "function": "camera_v4l2_s_fmt_vid_cap_mplane"
            },
            "signature_type": "Function"
          },
          {
            "digest": {
              "length": 208.0,
              "function_hash": "62682391107760045636346670031358065922"
            },
            "id": "ASB-A-170139095-d81d25db",
            "source": "https://git.codelinaro.org/clo/la/kernel/msm-3.18/commit/82561910f1048593dced3f44243494596972586b",
            "deprecated": false,
            "signature_version": "v1",
            "target": {
              "file": "drivers/media/platform/msm/camera_v2/camera/camera.c",
              "function": "camera_v4l2_vb2_q_release"
            },
            "signature_type": "Function"
          }
        ],
        "fixes": [
          "https://source.codeaurora.org/quic/la/kernel/msm-4.19/commit/?id=76a699e746c9b3a1494597a6756ff21fc84b48e4",
          "https://source.codeaurora.org/quic/la/kernel/msm-3.18/commit/?id=82561910f1048593dced3f44243494596972586b"
        ],
        "spl": "2021-04-05",
        "severity": "High",
        "types": [
          "Unknown"
        ]
      },
      "database_specific": {
        "source": "https://storage.googleapis.com/android-osv/ASB-A-170139095.json"
      }
    }
  ],
  "schema_version": "1.6.0"
}