{
  "id": "ASB-A-160610106",
  "summary": "OOB Write in libpac of com.android.pacprocessor",
  "details": "In Builtins::Generate_ArgumentsAdaptorTrampoline of builtins-arm.cc and related files, there is a possible out of bounds write due to an incorrect bounds check. This could lead to remote code execution in an unprivileged process with no additional execution privileges needed. User interaction is not needed for exploitation.",
  "aliases": [
    "A-160610106",
    "CVE-2021-0396"
  ],
  "modified": "2024-08-07T19:29:43.926434Z",
  "published": "2021-03-01T00:00:00Z",
  "references": [
    {
      "type": "ADVISORY",
      "url": "https://source.android.com/security/bulletin/2021-03-01"
    },
    {
      "type": "FIX",
      "url": "https://android.googlesource.com/platform/external/v8/+/8daf19b2c8cf7b9325b53e9b93b1eac878759f23"
    }
  ],
  "affected": [
    {
      "package": {
        "name": "platform/external/v8",
        "ecosystem": "Android"
      },
      "ranges": [
        {
          "type": "ECOSYSTEM",
          "events": [
            {
              "introduced": "8.1:0"
            },
            {
              "fixed": "8.1:2021-03-01"
            }
          ]
        }
      ],
      "versions": [
        "8.1"
      ],
      "ecosystem_specific": {
        "vanir_signatures": [
          {
            "digest": {
              "threshold": 0.9,
              "line_hashes": [
                "57391396245715547890830208723708860505",
                "21750253657437324015743194317507360124",
                "330157419446234327203089572569318664082",
                "260429297300354065194440523489074856769"
              ]
            },
            "id": "ASB-A-160610106-46859bfb",
            "source": "https://android.googlesource.com/platform/external/v8/+/089e85f552ec92402d9fcd19d110b0c7521c4601",
            "deprecated": false,
            "signature_version": "v1",
            "target": {
              "file": "src/messages.h"
            },
            "signature_type": "Line"
          },
          {
            "digest": {
              "threshold": 0.9,
              "line_hashes": [
                "250222072464983921397125065740222955587",
                "110252132451295945797678870893845360847",
                "292640300499617249563180930621178332870",
                "111752729125479932980572755793580901975"
              ]
            },
            "id": "ASB-A-160610106-54b6314f",
            "source": "https://android.googlesource.com/platform/external/v8/+/089e85f552ec92402d9fcd19d110b0c7521c4601",
            "deprecated": false,
            "signature_version": "v1",
            "target": {
              "file": "src/parsing/parser-base.h"
            },
            "signature_type": "Line"
          },
          {
            "digest": {
              "length": 848.0,
              "function_hash": "274810250479557669623765193847622703510"
            },
            "id": "ASB-A-160610106-e50897b7",
            "source": "https://android.googlesource.com/platform/external/v8/+/089e85f552ec92402d9fcd19d110b0c7521c4601",
            "deprecated": false,
            "signature_version": "v1",
            "target": {
              "file": "src/parsing/parser-base.h",
              "function": "ParseFormalParameterList"
            },
            "signature_type": "Function"
          }
        ],
        "fixes": [
          "https://android.googlesource.com/platform/external/v8/+/089e85f552ec92402d9fcd19d110b0c7521c4601"
        ],
        "spl": "2021-03-01",
        "severity": "High",
        "types": [
          "RCE"
        ]
      },
      "database_specific": {
        "source": "https://storage.googleapis.com/android-osv/ASB-A-160610106.json"
      }
    },
    {
      "package": {
        "name": "platform/external/v8",
        "ecosystem": "Android"
      },
      "ranges": [
        {
          "type": "ECOSYSTEM",
          "events": [
            {
              "introduced": "9:0"
            },
            {
              "fixed": "9:2021-03-01"
            }
          ]
        }
      ],
      "versions": [
        "9"
      ],
      "ecosystem_specific": {
        "vanir_signatures": [
          {
            "digest": {
              "length": 848.0,
              "function_hash": "274810250479557669623765193847622703510"
            },
            "id": "ASB-A-160610106-1b7d1239",
            "source": "https://android.googlesource.com/platform/external/v8/+/089e85f552ec92402d9fcd19d110b0c7521c4601",
            "deprecated": false,
            "signature_version": "v1",
            "target": {
              "file": "src/parsing/parser-base.h",
              "function": "ParseFormalParameterList"
            },
            "signature_type": "Function"
          },
          {
            "digest": {
              "threshold": 0.9,
              "line_hashes": [
                "57391396245715547890830208723708860505",
                "21750253657437324015743194317507360124",
                "330157419446234327203089572569318664082",
                "260429297300354065194440523489074856769"
              ]
            },
            "id": "ASB-A-160610106-5c934f96",
            "source": "https://android.googlesource.com/platform/external/v8/+/089e85f552ec92402d9fcd19d110b0c7521c4601",
            "deprecated": false,
            "signature_version": "v1",
            "target": {
              "file": "src/messages.h"
            },
            "signature_type": "Line"
          },
          {
            "digest": {
              "threshold": 0.9,
              "line_hashes": [
                "250222072464983921397125065740222955587",
                "110252132451295945797678870893845360847",
                "292640300499617249563180930621178332870",
                "111752729125479932980572755793580901975"
              ]
            },
            "id": "ASB-A-160610106-accc41e4",
            "source": "https://android.googlesource.com/platform/external/v8/+/089e85f552ec92402d9fcd19d110b0c7521c4601",
            "deprecated": false,
            "signature_version": "v1",
            "target": {
              "file": "src/parsing/parser-base.h"
            },
            "signature_type": "Line"
          }
        ],
        "fixes": [
          "https://android.googlesource.com/platform/external/v8/+/089e85f552ec92402d9fcd19d110b0c7521c4601"
        ],
        "spl": "2021-03-01",
        "severity": "High",
        "types": [
          "RCE"
        ]
      },
      "database_specific": {
        "source": "https://storage.googleapis.com/android-osv/ASB-A-160610106.json"
      }
    },
    {
      "package": {
        "name": "platform/external/v8",
        "ecosystem": "Android"
      },
      "ranges": [
        {
          "type": "ECOSYSTEM",
          "events": [
            {
              "introduced": "10:0"
            },
            {
              "fixed": "10:2021-03-01"
            }
          ]
        }
      ],
      "versions": [
        "10"
      ],
      "ecosystem_specific": {
        "vanir_signatures": [
          {
            "digest": {
              "length": 848.0,
              "function_hash": "274810250479557669623765193847622703510"
            },
            "id": "ASB-A-160610106-6d2dee5e",
            "source": "https://android.googlesource.com/platform/external/v8/+/089e85f552ec92402d9fcd19d110b0c7521c4601",
            "deprecated": false,
            "signature_version": "v1",
            "target": {
              "file": "src/parsing/parser-base.h",
              "function": "ParseFormalParameterList"
            },
            "signature_type": "Function"
          },
          {
            "digest": {
              "threshold": 0.9,
              "line_hashes": [
                "250222072464983921397125065740222955587",
                "110252132451295945797678870893845360847",
                "292640300499617249563180930621178332870",
                "111752729125479932980572755793580901975"
              ]
            },
            "id": "ASB-A-160610106-88c24bc1",
            "source": "https://android.googlesource.com/platform/external/v8/+/089e85f552ec92402d9fcd19d110b0c7521c4601",
            "deprecated": false,
            "signature_version": "v1",
            "target": {
              "file": "src/parsing/parser-base.h"
            },
            "signature_type": "Line"
          },
          {
            "digest": {
              "threshold": 0.9,
              "line_hashes": [
                "57391396245715547890830208723708860505",
                "21750253657437324015743194317507360124",
                "330157419446234327203089572569318664082",
                "260429297300354065194440523489074856769"
              ]
            },
            "id": "ASB-A-160610106-c45d7bb6",
            "source": "https://android.googlesource.com/platform/external/v8/+/089e85f552ec92402d9fcd19d110b0c7521c4601",
            "deprecated": false,
            "signature_version": "v1",
            "target": {
              "file": "src/messages.h"
            },
            "signature_type": "Line"
          }
        ],
        "fixes": [
          "https://android.googlesource.com/platform/external/v8/+/089e85f552ec92402d9fcd19d110b0c7521c4601"
        ],
        "spl": "2021-03-01",
        "severity": "High",
        "types": [
          "RCE"
        ]
      },
      "database_specific": {
        "source": "https://storage.googleapis.com/android-osv/ASB-A-160610106.json"
      }
    },
    {
      "package": {
        "name": "platform/external/v8",
        "ecosystem": "Android"
      },
      "ranges": [
        {
          "type": "ECOSYSTEM",
          "events": [
            {
              "introduced": "11:0"
            },
            {
              "fixed": "11:2021-03-01"
            }
          ]
        }
      ],
      "versions": [
        "11"
      ],
      "ecosystem_specific": {
        "vanir_signatures": [
          {
            "digest": {
              "length": 848.0,
              "function_hash": "274810250479557669623765193847622703510"
            },
            "id": "ASB-A-160610106-1c1a13ed",
            "source": "https://android.googlesource.com/platform/external/v8/+/089e85f552ec92402d9fcd19d110b0c7521c4601",
            "deprecated": false,
            "signature_version": "v1",
            "target": {
              "file": "src/parsing/parser-base.h",
              "function": "ParseFormalParameterList"
            },
            "signature_type": "Function"
          },
          {
            "digest": {
              "threshold": 0.9,
              "line_hashes": [
                "250222072464983921397125065740222955587",
                "110252132451295945797678870893845360847",
                "292640300499617249563180930621178332870",
                "111752729125479932980572755793580901975"
              ]
            },
            "id": "ASB-A-160610106-52b55af7",
            "source": "https://android.googlesource.com/platform/external/v8/+/089e85f552ec92402d9fcd19d110b0c7521c4601",
            "deprecated": false,
            "signature_version": "v1",
            "target": {
              "file": "src/parsing/parser-base.h"
            },
            "signature_type": "Line"
          },
          {
            "digest": {
              "threshold": 0.9,
              "line_hashes": [
                "57391396245715547890830208723708860505",
                "21750253657437324015743194317507360124",
                "330157419446234327203089572569318664082",
                "260429297300354065194440523489074856769"
              ]
            },
            "id": "ASB-A-160610106-afd1cecb",
            "source": "https://android.googlesource.com/platform/external/v8/+/089e85f552ec92402d9fcd19d110b0c7521c4601",
            "deprecated": false,
            "signature_version": "v1",
            "target": {
              "file": "src/messages.h"
            },
            "signature_type": "Line"
          }
        ],
        "fixes": [
          "https://android.googlesource.com/platform/external/v8/+/089e85f552ec92402d9fcd19d110b0c7521c4601"
        ],
        "spl": "2021-03-01",
        "severity": "High",
        "types": [
          "RCE"
        ]
      },
      "database_specific": {
        "source": "https://storage.googleapis.com/android-osv/ASB-A-160610106.json"
      }
    }
  ],
  "schema_version": "1.6.0"
}