{
  "id": "ASB-A-155653491",
  "summary": "[HOLD CR=2573329;2617004;2617005][Q-Case#04631567]Security Vulnerability - Information Exposure Issue in WLAN",
  "aliases": [
    "2573329",
    "2617004",
    "2617005",
    "A-155653491",
    "CVE-2020-11115"
  ],
  "modified": "2024-08-13T23:59:26.100260Z",
  "published": "2020-08-01T00:00:00Z",
  "references": [
    {
      "type": "ADVISORY",
      "url": "https://source.android.com/security/bulletin/2020-08-01"
    },
    {
      "type": "FIX",
      "url": "https://source.codeaurora.org/quic/la/platform/vendor/qcom-opensource/wlan/qcacld-3.0/commit/?id=df3267d03f18febbc3b9e5de6c1647133f11646e"
    },
    {
      "type": "FIX",
      "url": "https://source.codeaurora.org/quic/la/platform/vendor/qcom-opensource/wlan/prima/commit/?id=949b1745b9e1ddd8f81960723643cdf10e5f1963"
    },
    {
      "type": "FIX",
      "url": "https://source.codeaurora.org/quic/la/platform/vendor/qcom-opensource/wlan/qcacld-2.0/commit/?id=230acfda547b0a728c45c5e967786d7ffa399289"
    }
  ],
  "affected": [
    {
      "package": {
        "name": "platform/vendor/qcom-opensource/wlan/prima",
        "ecosystem": "Android"
      },
      "ranges": [
        {
          "type": "ECOSYSTEM",
          "events": [
            {
              "introduced": "SoCVersion:0"
            },
            {
              "fixed": "SoCVersion:2020-08-05"
            }
          ]
        }
      ],
      "versions": [
        "SoCVersion"
      ],
      "ecosystem_specific": {
        "vanir_signatures": [
          {
            "digest": {
              "threshold": 0.9,
              "line_hashes": [
                "290420310702032638272719111276334522258",
                "190995547094431573444267198566716475416",
                "204748310959220121103675986289588162908",
                "280701868411489851155346386815054472076",
                "95274785838372008728999823950939004114",
                "138389724500237177057803443585870119671",
                "327183566410289061055121193650580392188",
                "143208687465572546098856871519331828616",
                "148920127797570678316597066643531890273",
                "186803264181413376757904919813261551396"
              ]
            },
            "id": "ASB-A-155653491-3a1ba97c",
            "source": "https://git.codelinaro.org/clo/la/platform/vendor/qcom-opensource/wlan/prima/commit/949b1745b9e1ddd8f81960723643cdf10e5f1963",
            "deprecated": false,
            "signature_version": "v1",
            "target": {
              "file": "CORE/MAC/src/pe/rrm/rrmApi.c"
            },
            "signature_type": "Line"
          },
          {
            "digest": {
              "length": 1453.0,
              "function_hash": "256328219779824494781527010713256441687"
            },
            "id": "ASB-A-155653491-d7dd7bc0",
            "source": "https://git.codelinaro.org/clo/la/platform/vendor/qcom-opensource/wlan/prima/commit/949b1745b9e1ddd8f81960723643cdf10e5f1963",
            "deprecated": false,
            "signature_version": "v1",
            "target": {
              "file": "CORE/MAC/src/pe/rrm/rrmApi.c",
              "function": "rrmFillBeaconIes"
            },
            "signature_type": "Function"
          }
        ],
        "fixes": [
          "https://source.codeaurora.org/quic/la/platform/vendor/qcom-opensource/wlan/prima/commit/?id=949b1745b9e1ddd8f81960723643cdf10e5f1963"
        ],
        "spl": "2020-08-05",
        "severity": "High",
        "types": [
          "Unknown"
        ]
      },
      "database_specific": {
        "source": "https://storage.googleapis.com/android-osv/ASB-A-155653491.json"
      }
    },
    {
      "package": {
        "name": "platform/vendor/qcom-opensource/wlan/qcacld-2.0",
        "ecosystem": "Android"
      },
      "ranges": [
        {
          "type": "ECOSYSTEM",
          "events": [
            {
              "introduced": "SoCVersion:0"
            },
            {
              "fixed": "SoCVersion:2020-08-05"
            }
          ]
        }
      ],
      "versions": [
        "SoCVersion"
      ],
      "ecosystem_specific": {
        "vanir_signatures": [
          {
            "digest": {
              "length": 1459.0,
              "function_hash": "226889308443556978843524043110244383787"
            },
            "id": "ASB-A-155653491-79ebd7f3",
            "source": "https://git.codelinaro.org/clo/la/platform/vendor/qcom-opensource/wlan/qcacld-2.0/commit/230acfda547b0a728c45c5e967786d7ffa399289",
            "deprecated": false,
            "signature_version": "v1",
            "target": {
              "file": "CORE/MAC/src/pe/rrm/rrmApi.c",
              "function": "rrmFillBeaconIes"
            },
            "signature_type": "Function"
          },
          {
            "digest": {
              "threshold": 0.9,
              "line_hashes": [
                "296866578584767119062892508335269009003",
                "95274785838372008728999823950939004114",
                "138389724500237177057803443585870119671",
                "327183566410289061055121193650580392188",
                "143208687465572546098856871519331828616",
                "148920127797570678316597066643531890273",
                "186803264181413376757904919813261551396"
              ]
            },
            "id": "ASB-A-155653491-ee80c343",
            "source": "https://git.codelinaro.org/clo/la/platform/vendor/qcom-opensource/wlan/qcacld-2.0/commit/230acfda547b0a728c45c5e967786d7ffa399289",
            "deprecated": false,
            "signature_version": "v1",
            "target": {
              "file": "CORE/MAC/src/pe/rrm/rrmApi.c"
            },
            "signature_type": "Line"
          }
        ],
        "fixes": [
          "https://source.codeaurora.org/quic/la/platform/vendor/qcom-opensource/wlan/qcacld-2.0/commit/?id=230acfda547b0a728c45c5e967786d7ffa399289"
        ],
        "spl": "2020-08-05",
        "severity": "High",
        "types": [
          "Unknown"
        ]
      },
      "database_specific": {
        "source": "https://storage.googleapis.com/android-osv/ASB-A-155653491.json"
      }
    },
    {
      "package": {
        "name": "platform/vendor/qcom-opensource/wlan/qcacld-3.0",
        "ecosystem": "Android"
      },
      "ranges": [
        {
          "type": "ECOSYSTEM",
          "events": [
            {
              "introduced": "SoCVersion:0"
            },
            {
              "fixed": "SoCVersion:2020-08-05"
            }
          ]
        }
      ],
      "versions": [
        "SoCVersion"
      ],
      "ecosystem_specific": {
        "vanir_signatures": [
          {
            "digest": {
              "length": 1826.0,
              "function_hash": "43868009725726610217409288060808181496"
            },
            "id": "ASB-A-155653491-20e448c8",
            "source": "https://git.codelinaro.org/clo/la/platform/vendor/qcom-opensource/wlan/qcacld-3.0/commit/df3267d03f18febbc3b9e5de6c1647133f11646e",
            "deprecated": false,
            "signature_version": "v1",
            "target": {
              "file": "core/mac/src/pe/rrm/rrm_api.c",
              "function": "rrm_fill_beacon_ies"
            },
            "signature_type": "Function"
          },
          {
            "digest": {
              "threshold": 0.9,
              "line_hashes": [
                "255543315724503238107229695079750014895",
                "166473114011616782580974275059382913483",
                "16700491813959592414980841253837932207",
                "46847109348085841268071775522318248136",
                "287802739637779502846433987264115648352",
                "225506154411779658129354906269964617360"
              ]
            },
            "id": "ASB-A-155653491-9282ae8b",
            "source": "https://git.codelinaro.org/clo/la/platform/vendor/qcom-opensource/wlan/qcacld-3.0/commit/df3267d03f18febbc3b9e5de6c1647133f11646e",
            "deprecated": false,
            "signature_version": "v1",
            "target": {
              "file": "core/mac/src/pe/rrm/rrm_api.c"
            },
            "signature_type": "Line"
          }
        ],
        "fixes": [
          "https://source.codeaurora.org/quic/la/platform/vendor/qcom-opensource/wlan/qcacld-3.0/commit/?id=df3267d03f18febbc3b9e5de6c1647133f11646e"
        ],
        "spl": "2020-08-05",
        "severity": "High",
        "types": [
          "Unknown"
        ]
      },
      "database_specific": {
        "source": "https://storage.googleapis.com/android-osv/ASB-A-155653491.json"
      }
    }
  ],
  "schema_version": "1.6.0"
}