{
  "id": "ASB-A-196046570",
  "summary": "281334 Information disclosure vulnerability has been discovered in the Android kernel 5.4 branch",
  "details": "In quota_proc_write of xt_quota2.c, there is a possible way to read kernel memory due to uninitialized data. This could lead to local information disclosure with System execution privileges needed. User interaction is not needed for exploitation.",
  "aliases": [
    "A-196046570",
    "CVE-2021-0961"
  ],
  "modified": "2024-08-07T19:29:34.593207Z",
  "published": "2021-12-01T00:00:00Z",
  "references": [
    {
      "type": "ADVISORY",
      "url": "https://source.android.com/security/bulletin/2021-12-01"
    },
    {
      "type": "FIX",
      "url": "https://android.googlesource.com/kernel/common/+/e113eb454e92"
    },
    {
      "type": "FIX",
      "url": "https://android.googlesource.com/kernel/common/+/60a4c35570d9"
    },
    {
      "type": "FIX",
      "url": "https://android.googlesource.com/kernel/common/+/4b05a506bda0"
    }
  ],
  "affected": [
    {
      "package": {
        "name": ":linux_kernel:",
        "ecosystem": "Android"
      },
      "ranges": [
        {
          "type": "ECOSYSTEM",
          "events": [
            {
              "introduced": ":0"
            },
            {
              "fixed": ":2021-12-05"
            }
          ]
        }
      ],
      "versions": [
        "Kernel"
      ],
      "ecosystem_specific": {
        "vanir_signatures": [
          {
            "digest": {
              "length": 465.0,
              "function_hash": "331079331341337927145497544267760580337"
            },
            "id": "ASB-A-196046570-8bf4814e",
            "source": "https://android.googlesource.com/kernel/common/+/4b05a506bda0",
            "deprecated": false,
            "signature_version": "v1",
            "target": {
              "file": "net/netfilter/xt_quota2.c",
              "function": "quota_proc_write"
            },
            "signature_type": "Function"
          },
          {
            "digest": {
              "threshold": 0.9,
              "line_hashes": [
                "300791232439875133632716496871912264620",
                "70038903204576172867030549493066166263",
                "333088528853129269023570041671620429249",
                "42207680203461640924637962347689161127",
                "300791232439875133632716496871912264620",
                "70038903204576172867030549493066166263",
                "333088528853129269023570041671620429249",
                "218940457137836909070047315208247151542"
              ]
            },
            "id": "ASB-A-196046570-9601096f",
            "source": "https://android.googlesource.com/kernel/common/+/e113eb454e92",
            "deprecated": false,
            "signature_version": "v1",
            "target": {
              "file": "net/netfilter/xt_quota2.c"
            },
            "signature_type": "Line"
          },
          {
            "digest": {
              "threshold": 0.9,
              "line_hashes": [
                "153322424961026016917606699709339014016",
                "185668712431662013693342578498774993036",
                "25905861964383034273808152654118250552",
                "195120841472415210120064218568328695493"
              ]
            },
            "id": "ASB-A-196046570-ac70b66c",
            "source": "https://android.googlesource.com/kernel/common/+/4b05a506bda0",
            "deprecated": false,
            "signature_version": "v1",
            "target": {
              "file": "net/netfilter/xt_quota2.c"
            },
            "signature_type": "Line"
          }
        ],
        "fixes": [
          "https://android.googlesource.com/kernel/common/+/e113eb454e92",
          "https://android.googlesource.com/kernel/common/+/60a4c35570d9",
          "https://android.googlesource.com/kernel/common/+/4b05a506bda0"
        ],
        "spl": "2021-12-05",
        "severity": "Moderate",
        "types": [
          "ID"
        ]
      },
      "database_specific": {
        "source": "https://storage.googleapis.com/android-osv/ASB-A-196046570.json"
      }
    }
  ],
  "schema_version": "1.6.0"
}