{
  "id": "ASB-A-157905780",
  "summary": "Buffer Copy Without Checking Size of Input in Hardware Engines",
  "aliases": [
    "2580967",
    "A-157905780",
    "CVE-2020-3656"
  ],
  "modified": "2024-08-13T23:59:26.251042Z",
  "published": "2020-09-01T00:00:00Z",
  "references": [
    {
      "type": "ADVISORY",
      "url": "https://source.android.com/security/bulletin/2020-09-01"
    },
    {
      "type": "FIX",
      "url": "https://source.codeaurora.org/quic/la/kernel/msm-4.14/commit/?id=e98a048a50f022181e008c60fea0c9cdee83e05a"
    }
  ],
  "affected": [
    {
      "package": {
        "name": ":linux_kernel:Qualcomm",
        "ecosystem": "Android"
      },
      "ranges": [
        {
          "type": "ECOSYSTEM",
          "events": [
            {
              "introduced": "SoCVersion:0"
            },
            {
              "fixed": "SoCVersion:2020-09-05"
            }
          ]
        }
      ],
      "versions": [
        "SoCVersion"
      ],
      "ecosystem_specific": {
        "vanir_signatures": [
          {
            "digest": {
              "threshold": 0.9,
              "line_hashes": [
                "156205129228271558238982722561473361256",
                "125161913999898831581791625214241303530",
                "295168528888481679377304383012665136806",
                "153747576071904390317284373462865226667"
              ]
            },
            "id": "ASB-A-157905780-0a14c993",
            "source": "https://git.codelinaro.org/clo/la/kernel/msm-4.14/commit/e98a048a50f022181e008c60fea0c9cdee83e05a",
            "deprecated": false,
            "signature_version": "v1",
            "target": {
              "file": "drivers/bus/mhi/core/mhi_main.c"
            },
            "signature_type": "Line"
          },
          {
            "digest": {
              "length": 879.0,
              "function_hash": "306864988585639927729821744904722065589"
            },
            "id": "ASB-A-157905780-2fb5f8ea",
            "source": "https://git.codelinaro.org/clo/la/kernel/msm-4.14/commit/e98a048a50f022181e008c60fea0c9cdee83e05a",
            "deprecated": false,
            "signature_version": "v1",
            "target": {
              "file": "drivers/bus/mhi/core/mhi_main.c",
              "function": "mhi_process_cmd_completion"
            },
            "signature_type": "Function"
          }
        ],
        "fixes": [
          "https://source.codeaurora.org/quic/la/kernel/msm-4.14/commit/?id=e98a048a50f022181e008c60fea0c9cdee83e05a"
        ],
        "spl": "2020-09-05",
        "severity": "High",
        "types": [
          "Unknown"
        ]
      },
      "database_specific": {
        "source": "https://storage.googleapis.com/android-osv/ASB-A-157905780.json"
      }
    }
  ],
  "schema_version": "1.6.0"
}