{
  "id": "ASB-A-155287782",
  "summary": "Use setFilterTouchesWhenObscured() for potentially dangerous permission screens",
  "details": "In PackageInstaller, there is a possible tapjacking attack due to an insecure default value. This could lead to local escalation of privilege and permissions with no additional execution privileges needed. User interaction is needed for exploitation.",
  "aliases": [
    "A-155287782",
    "CVE-2021-0302"
  ],
  "modified": "2024-08-07T19:30:12.244340Z",
  "published": "2021-02-01T00:00:00Z",
  "references": [
    {
      "type": "ADVISORY",
      "url": "https://source.android.com/security/bulletin/2021-02-01"
    },
    {
      "type": "FIX",
      "url": "https://android.googlesource.com/platform/packages/apps/PackageInstaller/+/8c5b4cd30a77733dd1012725b69d2089f78455ac"
    }
  ],
  "affected": [
    {
      "package": {
        "name": "platform/packages/apps/PackageInstaller",
        "ecosystem": "Android"
      },
      "ranges": [
        {
          "type": "ECOSYSTEM",
          "events": [
            {
              "introduced": "8.0:0"
            },
            {
              "fixed": "8.0:2021-02-01"
            }
          ]
        }
      ],
      "versions": [
        "8.0"
      ],
      "ecosystem_specific": {
        "fixes": [
          "https://android.googlesource.com/platform/packages/apps/PackageInstaller/+/8c5b4cd30a77733dd1012725b69d2089f78455ac"
        ],
        "spl": "2021-02-01",
        "severity": "High",
        "types": [
          "EoP"
        ]
      },
      "database_specific": {
        "source": "https://storage.googleapis.com/android-osv/ASB-A-155287782.json"
      }
    },
    {
      "package": {
        "name": "platform/packages/apps/PackageInstaller",
        "ecosystem": "Android"
      },
      "ranges": [
        {
          "type": "ECOSYSTEM",
          "events": [
            {
              "introduced": "8.1:0"
            },
            {
              "fixed": "8.1:2021-02-01"
            }
          ]
        }
      ],
      "versions": [
        "8.1"
      ],
      "ecosystem_specific": {
        "fixes": [
          "https://android.googlesource.com/platform/packages/apps/PackageInstaller/+/8c5b4cd30a77733dd1012725b69d2089f78455ac"
        ],
        "spl": "2021-02-01",
        "severity": "High",
        "types": [
          "EoP"
        ]
      },
      "database_specific": {
        "source": "https://storage.googleapis.com/android-osv/ASB-A-155287782.json"
      }
    },
    {
      "package": {
        "name": "platform/packages/apps/PackageInstaller",
        "ecosystem": "Android"
      },
      "ranges": [
        {
          "type": "ECOSYSTEM",
          "events": [
            {
              "introduced": "9:0"
            },
            {
              "fixed": "9:2021-02-01"
            }
          ]
        }
      ],
      "versions": [
        "9"
      ],
      "ecosystem_specific": {
        "fixes": [
          "https://android.googlesource.com/platform/packages/apps/PackageInstaller/+/8c5b4cd30a77733dd1012725b69d2089f78455ac"
        ],
        "spl": "2021-02-01",
        "severity": "High",
        "types": [
          "EoP"
        ]
      },
      "database_specific": {
        "source": "https://storage.googleapis.com/android-osv/ASB-A-155287782.json"
      }
    },
    {
      "package": {
        "name": "platform/packages/apps/PackageInstaller",
        "ecosystem": "Android"
      },
      "ranges": [
        {
          "type": "ECOSYSTEM",
          "events": [
            {
              "introduced": "10:0"
            },
            {
              "fixed": "10:2021-02-01"
            }
          ]
        }
      ],
      "versions": [
        "10"
      ],
      "ecosystem_specific": {
        "fixes": [
          "https://android.googlesource.com/platform/packages/apps/PackageInstaller/+/8c5b4cd30a77733dd1012725b69d2089f78455ac"
        ],
        "spl": "2021-02-01",
        "severity": "High",
        "types": [
          "EoP"
        ]
      },
      "database_specific": {
        "source": "https://storage.googleapis.com/android-osv/ASB-A-155287782.json"
      }
    },
    {
      "package": {
        "name": "platform/packages/apps/PackageInstaller",
        "ecosystem": "Android"
      },
      "ranges": [
        {
          "type": "ECOSYSTEM",
          "events": [
            {
              "introduced": "11:0"
            },
            {
              "fixed": "11:2021-02-01"
            }
          ]
        }
      ],
      "versions": [
        "11"
      ],
      "ecosystem_specific": {
        "fixes": [
          "https://android.googlesource.com/platform/packages/apps/PackageInstaller/+/8c5b4cd30a77733dd1012725b69d2089f78455ac"
        ],
        "spl": "2021-02-01",
        "severity": "High",
        "types": [
          "EoP"
        ]
      },
      "database_specific": {
        "source": "https://storage.googleapis.com/android-osv/ASB-A-155287782.json"
      }
    }
  ],
  "schema_version": "1.6.0"
}