{
  "id": "ASB-A-159145361",
  "summary": "Incorrect mProviderPkg Display in SlicePermissionActivity",
  "details": "In onCreate of SlicePermissionActivity.java, there is a possible misleading string displayed due to improper input validation. This could lead to local information disclosure with User execution privileges needed. User interaction is needed for exploitation.",
  "aliases": [
    "A-159145361",
    "CVE-2021-0322"
  ],
  "modified": "2024-08-07T19:30:19.541489Z",
  "published": "2021-01-01T00:00:00Z",
  "references": [
    {
      "type": "ADVISORY",
      "url": "https://source.android.com/security/bulletin/2021-01-01"
    },
    {
      "type": "FIX",
      "url": "https://android.googlesource.com/platform/frameworks/base/+/a185996c829a159bb27446697329b01464ab3c03"
    },
    {
      "type": "FIX",
      "url": "https://android.googlesource.com/platform/frameworks/base/+/e237a83f95767f669b83508bb1f594091cbd6bac"
    }
  ],
  "affected": [
    {
      "package": {
        "name": "platform/frameworks/base",
        "ecosystem": "Android"
      },
      "ranges": [
        {
          "type": "ECOSYSTEM",
          "events": [
            {
              "introduced": "9:0"
            },
            {
              "fixed": "9:2021-01-01"
            }
          ]
        }
      ],
      "versions": [
        "9"
      ],
      "ecosystem_specific": {
        "vanir_signatures": [
          {
            "digest": {
              "length": 1883.0,
              "function_hash": "268222201735466661780972929532170859717"
            },
            "id": "ASB-A-159145361-84040fc5",
            "source": "https://android.googlesource.com/platform/frameworks/base/+/a185996c829a159bb27446697329b01464ab3c03",
            "deprecated": false,
            "signature_version": "v1",
            "target": {
              "file": "packages/SystemUI/src/com/android/systemui/SlicePermissionActivity.java",
              "function": "onCreate"
            },
            "signature_type": "Function"
          },
          {
            "digest": {
              "threshold": 0.9,
              "line_hashes": [
                "121322798390779864736278464740735263464",
                "188517653037384430945791520258459241722",
                "161964400149154828213704243076586242623",
                "315869327195784188233328200851230134991",
                "48108555393019826103951020903478309501",
                "333869384899180396168660639099752600440",
                "177440542925310811422441246893781076365",
                "296464511844780956993608680173552459178",
                "275579734280449689943884987431170931129",
                "248565781914130974056689247689801940429",
                "306053571923189173336614211348699430667",
                "212216523708460982397560342556669112249",
                "211525321739034447405824573060090543003",
                "34819928266501947457332811016062522496"
              ]
            },
            "id": "ASB-A-159145361-995442ff",
            "source": "https://android.googlesource.com/platform/frameworks/base/+/a185996c829a159bb27446697329b01464ab3c03",
            "deprecated": false,
            "signature_version": "v1",
            "target": {
              "file": "packages/SystemUI/src/com/android/systemui/SlicePermissionActivity.java"
            },
            "signature_type": "Line"
          },
          {
            "digest": {
              "threshold": 0.9,
              "line_hashes": [
                "95393659389684694012759955463682860573",
                "148648139903088278006160070744279396967",
                "263282033651618510507826922001353444080",
                "12186041148784269244804645494931694970",
                "129557768194109291891487926845441918194",
                "103417853870255485260093929964193300944"
              ]
            },
            "id": "ASB-A-159145361-e795a9d0",
            "source": "https://android.googlesource.com/platform/frameworks/base/+/e237a83f95767f669b83508bb1f594091cbd6bac",
            "deprecated": false,
            "signature_version": "v1",
            "target": {
              "file": "packages/SystemUI/src/com/android/systemui/SlicePermissionActivity.java"
            },
            "signature_type": "Line"
          },
          {
            "digest": {
              "length": 418.0,
              "function_hash": "68284877080517272835328066160825485776"
            },
            "id": "ASB-A-159145361-f2a03f14",
            "source": "https://android.googlesource.com/platform/frameworks/base/+/e237a83f95767f669b83508bb1f594091cbd6bac",
            "deprecated": false,
            "signature_version": "v1",
            "target": {
              "file": "packages/SystemUI/src/com/android/systemui/SlicePermissionActivity.java",
              "function": "verifyCallingPkg"
            },
            "signature_type": "Function"
          }
        ],
        "fixes": [
          "https://android.googlesource.com/platform/frameworks/base/+/a185996c829a159bb27446697329b01464ab3c03",
          "https://android.googlesource.com/platform/frameworks/base/+/e237a83f95767f669b83508bb1f594091cbd6bac"
        ],
        "spl": "2021-01-01",
        "severity": "High",
        "types": [
          "ID"
        ]
      },
      "database_specific": {
        "source": "https://storage.googleapis.com/android-osv/ASB-A-159145361.json"
      }
    },
    {
      "package": {
        "name": "platform/frameworks/base",
        "ecosystem": "Android"
      },
      "ranges": [
        {
          "type": "ECOSYSTEM",
          "events": [
            {
              "introduced": "10:0"
            },
            {
              "fixed": "10:2021-01-01"
            }
          ]
        }
      ],
      "versions": [
        "10"
      ],
      "ecosystem_specific": {
        "vanir_signatures": [
          {
            "digest": {
              "length": 418.0,
              "function_hash": "68284877080517272835328066160825485776"
            },
            "id": "ASB-A-159145361-6e81efc3",
            "source": "https://android.googlesource.com/platform/frameworks/base/+/e237a83f95767f669b83508bb1f594091cbd6bac",
            "deprecated": false,
            "signature_version": "v1",
            "target": {
              "file": "packages/SystemUI/src/com/android/systemui/SlicePermissionActivity.java",
              "function": "verifyCallingPkg"
            },
            "signature_type": "Function"
          },
          {
            "digest": {
              "length": 1883.0,
              "function_hash": "268222201735466661780972929532170859717"
            },
            "id": "ASB-A-159145361-9bc50eb8",
            "source": "https://android.googlesource.com/platform/frameworks/base/+/a185996c829a159bb27446697329b01464ab3c03",
            "deprecated": false,
            "signature_version": "v1",
            "target": {
              "file": "packages/SystemUI/src/com/android/systemui/SlicePermissionActivity.java",
              "function": "onCreate"
            },
            "signature_type": "Function"
          },
          {
            "digest": {
              "threshold": 0.9,
              "line_hashes": [
                "121322798390779864736278464740735263464",
                "188517653037384430945791520258459241722",
                "161964400149154828213704243076586242623",
                "315869327195784188233328200851230134991",
                "48108555393019826103951020903478309501",
                "333869384899180396168660639099752600440",
                "177440542925310811422441246893781076365",
                "296464511844780956993608680173552459178",
                "275579734280449689943884987431170931129",
                "248565781914130974056689247689801940429",
                "306053571923189173336614211348699430667",
                "212216523708460982397560342556669112249",
                "211525321739034447405824573060090543003",
                "34819928266501947457332811016062522496"
              ]
            },
            "id": "ASB-A-159145361-e484a34d",
            "source": "https://android.googlesource.com/platform/frameworks/base/+/a185996c829a159bb27446697329b01464ab3c03",
            "deprecated": false,
            "signature_version": "v1",
            "target": {
              "file": "packages/SystemUI/src/com/android/systemui/SlicePermissionActivity.java"
            },
            "signature_type": "Line"
          },
          {
            "digest": {
              "threshold": 0.9,
              "line_hashes": [
                "95393659389684694012759955463682860573",
                "148648139903088278006160070744279396967",
                "263282033651618510507826922001353444080",
                "12186041148784269244804645494931694970",
                "129557768194109291891487926845441918194",
                "103417853870255485260093929964193300944"
              ]
            },
            "id": "ASB-A-159145361-e636827c",
            "source": "https://android.googlesource.com/platform/frameworks/base/+/e237a83f95767f669b83508bb1f594091cbd6bac",
            "deprecated": false,
            "signature_version": "v1",
            "target": {
              "file": "packages/SystemUI/src/com/android/systemui/SlicePermissionActivity.java"
            },
            "signature_type": "Line"
          }
        ],
        "fixes": [
          "https://android.googlesource.com/platform/frameworks/base/+/a185996c829a159bb27446697329b01464ab3c03",
          "https://android.googlesource.com/platform/frameworks/base/+/e237a83f95767f669b83508bb1f594091cbd6bac"
        ],
        "spl": "2021-01-01",
        "severity": "High",
        "types": [
          "ID"
        ]
      },
      "database_specific": {
        "source": "https://storage.googleapis.com/android-osv/ASB-A-159145361.json"
      }
    },
    {
      "package": {
        "name": "platform/frameworks/base",
        "ecosystem": "Android"
      },
      "ranges": [
        {
          "type": "ECOSYSTEM",
          "events": [
            {
              "introduced": "11:0"
            },
            {
              "fixed": "11:2021-01-01"
            }
          ]
        }
      ],
      "versions": [
        "11"
      ],
      "ecosystem_specific": {
        "vanir_signatures": [
          {
            "digest": {
              "length": 1883.0,
              "function_hash": "268222201735466661780972929532170859717"
            },
            "id": "ASB-A-159145361-5c8cddd6",
            "source": "https://android.googlesource.com/platform/frameworks/base/+/a185996c829a159bb27446697329b01464ab3c03",
            "deprecated": false,
            "signature_version": "v1",
            "target": {
              "file": "packages/SystemUI/src/com/android/systemui/SlicePermissionActivity.java",
              "function": "onCreate"
            },
            "signature_type": "Function"
          },
          {
            "digest": {
              "threshold": 0.9,
              "line_hashes": [
                "121322798390779864736278464740735263464",
                "188517653037384430945791520258459241722",
                "161964400149154828213704243076586242623",
                "315869327195784188233328200851230134991",
                "48108555393019826103951020903478309501",
                "333869384899180396168660639099752600440",
                "177440542925310811422441246893781076365",
                "296464511844780956993608680173552459178",
                "275579734280449689943884987431170931129",
                "248565781914130974056689247689801940429",
                "306053571923189173336614211348699430667",
                "212216523708460982397560342556669112249",
                "211525321739034447405824573060090543003",
                "34819928266501947457332811016062522496"
              ]
            },
            "id": "ASB-A-159145361-957a059c",
            "source": "https://android.googlesource.com/platform/frameworks/base/+/a185996c829a159bb27446697329b01464ab3c03",
            "deprecated": false,
            "signature_version": "v1",
            "target": {
              "file": "packages/SystemUI/src/com/android/systemui/SlicePermissionActivity.java"
            },
            "signature_type": "Line"
          },
          {
            "digest": {
              "length": 418.0,
              "function_hash": "68284877080517272835328066160825485776"
            },
            "id": "ASB-A-159145361-982eb133",
            "source": "https://android.googlesource.com/platform/frameworks/base/+/e237a83f95767f669b83508bb1f594091cbd6bac",
            "deprecated": false,
            "signature_version": "v1",
            "target": {
              "file": "packages/SystemUI/src/com/android/systemui/SlicePermissionActivity.java",
              "function": "verifyCallingPkg"
            },
            "signature_type": "Function"
          },
          {
            "digest": {
              "threshold": 0.9,
              "line_hashes": [
                "95393659389684694012759955463682860573",
                "148648139903088278006160070744279396967",
                "263282033651618510507826922001353444080",
                "12186041148784269244804645494931694970",
                "129557768194109291891487926845441918194",
                "103417853870255485260093929964193300944"
              ]
            },
            "id": "ASB-A-159145361-dcec4b3d",
            "source": "https://android.googlesource.com/platform/frameworks/base/+/e237a83f95767f669b83508bb1f594091cbd6bac",
            "deprecated": false,
            "signature_version": "v1",
            "target": {
              "file": "packages/SystemUI/src/com/android/systemui/SlicePermissionActivity.java"
            },
            "signature_type": "Line"
          }
        ],
        "fixes": [
          "https://android.googlesource.com/platform/frameworks/base/+/a185996c829a159bb27446697329b01464ab3c03",
          "https://android.googlesource.com/platform/frameworks/base/+/e237a83f95767f669b83508bb1f594091cbd6bac"
        ],
        "spl": "2021-01-01",
        "severity": "High",
        "types": [
          "ID"
        ]
      },
      "database_specific": {
        "source": "https://storage.googleapis.com/android-osv/ASB-A-159145361.json"
      }
    }
  ],
  "schema_version": "1.6.0"
}