{
  "id": "ASB-A-171400004",
  "summary": "[arbitray memory access problem found in com.android.bluetooth]",
  "details": "In several native functions called by AdvertiseManager.java, there is a possible out of bounds write due to a missing bounds check. This could lead to local escalation of privilege in the Bluetooth server with User execution privileges needed. User interaction is not needed for exploitation.",
  "aliases": [
    "A-171400004",
    "CVE-2021-0329"
  ],
  "modified": "2024-08-07T19:30:10.253150Z",
  "published": "2021-02-01T00:00:00Z",
  "references": [
    {
      "type": "ADVISORY",
      "url": "https://source.android.com/security/bulletin/2021-02-01"
    },
    {
      "type": "FIX",
      "url": "https://android.googlesource.com/platform/packages/apps/Bluetooth/+/59d7c52d0b3872e6a01e47a50772952140debbaa"
    }
  ],
  "affected": [
    {
      "package": {
        "name": "platform/packages/apps/Bluetooth",
        "ecosystem": "Android"
      },
      "ranges": [
        {
          "type": "ECOSYSTEM",
          "events": [
            {
              "introduced": "8.0:0"
            },
            {
              "fixed": "8.0:2021-02-01"
            }
          ]
        }
      ],
      "versions": [
        "8.0"
      ],
      "ecosystem_specific": {
        "vanir_signatures": [
          {
            "digest": {
              "length": 173.0,
              "function_hash": "129987136792802882314299340812400797396"
            },
            "id": "ASB-A-171400004-06e6f0da",
            "source": "https://android.googlesource.com/platform/packages/apps/Bluetooth/+/59d7c52d0b3872e6a01e47a50772952140debbaa",
            "deprecated": false,
            "signature_version": "v1",
            "target": {
              "file": "src/com/android/bluetooth/gatt/AdvertiseManager.java",
              "function": "setAdvertisingData"
            },
            "signature_type": "Function"
          },
          {
            "digest": {
              "threshold": 0.9,
              "line_hashes": [
                "113075781860234892470414713247420991515",
                "261030593052011040654576014019875010423",
                "177788579400529099176435022619156779671",
                "193340276399367991713802791218117513046",
                "259691348838220826069099126950853839777",
                "79559995190449149773253007352069032544",
                "147530346513663710968005986725762074800",
                "87050771303856497741070018091137712107",
                "6578419397425164279622958384616686366",
                "301144068419277118413124496302860849569",
                "73487725043458956159009600569745659837",
                "248174706485533062475910929215745387968",
                "68108417836691812401037262677198228717",
                "192883880495333119250454971967906091719",
                "333577808396754140744527947573145720746",
                "254736620562456101241069533335012436471",
                "38155304647012723902645384096462081057",
                "35761312597698951022835831475726963698",
                "172935405204503962455215897170334305774",
                "28928197213711918901749292842389897817",
                "305970283326653951846857387488674600484",
                "2812945742676911712384335652550621958",
                "39927729953383863612279140876848373898",
                "229359359395381986904526074607958432901",
                "44747768423022721852717852246959864603",
                "186365618779792541860191502881343816207",
                "10313587735623679062654018854559753036",
                "78476059093503865771572439574648252881",
                "170086847463243869035729304255680953990",
                "305955675977711875148581829900589162434",
                "264832129387026390487665918979557723472",
                "234180844935307911097179187449986353703",
                "185127601511852513399376038618298037731",
                "12884584368074442236097464436474811409",
                "82351355746200105105422666008401694472",
                "333209535739578066727188481217137375980",
                "281655509450642344736541842762805130738"
              ]
            },
            "id": "ASB-A-171400004-0af1a507",
            "source": "https://android.googlesource.com/platform/packages/apps/Bluetooth/+/59d7c52d0b3872e6a01e47a50772952140debbaa",
            "deprecated": false,
            "signature_version": "v1",
            "target": {
              "file": "src/com/android/bluetooth/gatt/AdvertiseManager.java"
            },
            "signature_type": "Line"
          },
          {
            "digest": {
              "length": 77.0,
              "function_hash": "290580165080064097473301853471677008198"
            },
            "id": "ASB-A-171400004-57bc600c",
            "source": "https://android.googlesource.com/platform/packages/apps/Bluetooth/+/59d7c52d0b3872e6a01e47a50772952140debbaa",
            "deprecated": false,
            "signature_version": "v1",
            "target": {
              "file": "src/com/android/bluetooth/gatt/AdvertiseManager.java",
              "function": "setAdvertisingParameters"
            },
            "signature_type": "Function"
          },
          {
            "digest": {
              "length": 55.0,
              "function_hash": "129176583448185015525653631234971212734"
            },
            "id": "ASB-A-171400004-6160092b",
            "source": "https://android.googlesource.com/platform/packages/apps/Bluetooth/+/59d7c52d0b3872e6a01e47a50772952140debbaa",
            "deprecated": false,
            "signature_version": "v1",
            "target": {
              "file": "src/com/android/bluetooth/gatt/AdvertiseManager.java",
              "function": "getOwnAddress"
            },
            "signature_type": "Function"
          },
          {
            "digest": {
              "length": 173.0,
              "function_hash": "129987136792802882314299340812400797396"
            },
            "id": "ASB-A-171400004-6409a7f0",
            "source": "https://android.googlesource.com/platform/packages/apps/Bluetooth/+/59d7c52d0b3872e6a01e47a50772952140debbaa",
            "deprecated": false,
            "signature_version": "v1",
            "target": {
              "file": "src/com/android/bluetooth/gatt/AdvertiseManager.java",
              "function": "setScanResponseData"
            },
            "signature_type": "Function"
          },
          {
            "digest": {
              "length": 121.0,
              "function_hash": "158389822995361825500072866711643727870"
            },
            "id": "ASB-A-171400004-90cf6764",
            "source": "https://android.googlesource.com/platform/packages/apps/Bluetooth/+/59d7c52d0b3872e6a01e47a50772952140debbaa",
            "deprecated": false,
            "signature_version": "v1",
            "target": {
              "file": "src/com/android/bluetooth/gatt/AdvertiseManager.java",
              "function": "enableAdvertisingSet"
            },
            "signature_type": "Function"
          },
          {
            "digest": {
              "length": 77.0,
              "function_hash": "290580165080064097473301853471677008198"
            },
            "id": "ASB-A-171400004-9a5d024a",
            "source": "https://android.googlesource.com/platform/packages/apps/Bluetooth/+/59d7c52d0b3872e6a01e47a50772952140debbaa",
            "deprecated": false,
            "signature_version": "v1",
            "target": {
              "file": "src/com/android/bluetooth/gatt/AdvertiseManager.java",
              "function": "setPeriodicAdvertisingEnable"
            },
            "signature_type": "Function"
          },
          {
            "digest": {
              "length": 77.0,
              "function_hash": "290580165080064097473301853471677008198"
            },
            "id": "ASB-A-171400004-c248a07c",
            "source": "https://android.googlesource.com/platform/packages/apps/Bluetooth/+/59d7c52d0b3872e6a01e47a50772952140debbaa",
            "deprecated": false,
            "signature_version": "v1",
            "target": {
              "file": "src/com/android/bluetooth/gatt/AdvertiseManager.java",
              "function": "setPeriodicAdvertisingParameters"
            },
            "signature_type": "Function"
          },
          {
            "digest": {
              "length": 173.0,
              "function_hash": "129987136792802882314299340812400797396"
            },
            "id": "ASB-A-171400004-ddc566c1",
            "source": "https://android.googlesource.com/platform/packages/apps/Bluetooth/+/59d7c52d0b3872e6a01e47a50772952140debbaa",
            "deprecated": false,
            "signature_version": "v1",
            "target": {
              "file": "src/com/android/bluetooth/gatt/AdvertiseManager.java",
              "function": "setPeriodicAdvertisingData"
            },
            "signature_type": "Function"
          }
        ],
        "fixes": [
          "https://android.googlesource.com/platform/packages/apps/Bluetooth/+/59d7c52d0b3872e6a01e47a50772952140debbaa"
        ],
        "spl": "2021-02-01",
        "severity": "High",
        "types": [
          "EoP"
        ]
      },
      "database_specific": {
        "source": "https://storage.googleapis.com/android-osv/ASB-A-171400004.json"
      }
    },
    {
      "package": {
        "name": "platform/packages/apps/Bluetooth",
        "ecosystem": "Android"
      },
      "ranges": [
        {
          "type": "ECOSYSTEM",
          "events": [
            {
              "introduced": "8.1:0"
            },
            {
              "fixed": "8.1:2021-02-01"
            }
          ]
        }
      ],
      "versions": [
        "8.1"
      ],
      "ecosystem_specific": {
        "vanir_signatures": [
          {
            "digest": {
              "length": 173.0,
              "function_hash": "129987136792802882314299340812400797396"
            },
            "id": "ASB-A-171400004-180b111d",
            "source": "https://android.googlesource.com/platform/packages/apps/Bluetooth/+/59d7c52d0b3872e6a01e47a50772952140debbaa",
            "deprecated": false,
            "signature_version": "v1",
            "target": {
              "file": "src/com/android/bluetooth/gatt/AdvertiseManager.java",
              "function": "setPeriodicAdvertisingData"
            },
            "signature_type": "Function"
          },
          {
            "digest": {
              "length": 121.0,
              "function_hash": "158389822995361825500072866711643727870"
            },
            "id": "ASB-A-171400004-1b4ee198",
            "source": "https://android.googlesource.com/platform/packages/apps/Bluetooth/+/59d7c52d0b3872e6a01e47a50772952140debbaa",
            "deprecated": false,
            "signature_version": "v1",
            "target": {
              "file": "src/com/android/bluetooth/gatt/AdvertiseManager.java",
              "function": "enableAdvertisingSet"
            },
            "signature_type": "Function"
          },
          {
            "digest": {
              "length": 55.0,
              "function_hash": "129176583448185015525653631234971212734"
            },
            "id": "ASB-A-171400004-23915724",
            "source": "https://android.googlesource.com/platform/packages/apps/Bluetooth/+/59d7c52d0b3872e6a01e47a50772952140debbaa",
            "deprecated": false,
            "signature_version": "v1",
            "target": {
              "file": "src/com/android/bluetooth/gatt/AdvertiseManager.java",
              "function": "getOwnAddress"
            },
            "signature_type": "Function"
          },
          {
            "digest": {
              "length": 77.0,
              "function_hash": "290580165080064097473301853471677008198"
            },
            "id": "ASB-A-171400004-2a515019",
            "source": "https://android.googlesource.com/platform/packages/apps/Bluetooth/+/59d7c52d0b3872e6a01e47a50772952140debbaa",
            "deprecated": false,
            "signature_version": "v1",
            "target": {
              "file": "src/com/android/bluetooth/gatt/AdvertiseManager.java",
              "function": "setAdvertisingParameters"
            },
            "signature_type": "Function"
          },
          {
            "digest": {
              "length": 173.0,
              "function_hash": "129987136792802882314299340812400797396"
            },
            "id": "ASB-A-171400004-33181f84",
            "source": "https://android.googlesource.com/platform/packages/apps/Bluetooth/+/59d7c52d0b3872e6a01e47a50772952140debbaa",
            "deprecated": false,
            "signature_version": "v1",
            "target": {
              "file": "src/com/android/bluetooth/gatt/AdvertiseManager.java",
              "function": "setAdvertisingData"
            },
            "signature_type": "Function"
          },
          {
            "digest": {
              "threshold": 0.9,
              "line_hashes": [
                "113075781860234892470414713247420991515",
                "261030593052011040654576014019875010423",
                "177788579400529099176435022619156779671",
                "193340276399367991713802791218117513046",
                "259691348838220826069099126950853839777",
                "79559995190449149773253007352069032544",
                "147530346513663710968005986725762074800",
                "87050771303856497741070018091137712107",
                "6578419397425164279622958384616686366",
                "301144068419277118413124496302860849569",
                "73487725043458956159009600569745659837",
                "248174706485533062475910929215745387968",
                "68108417836691812401037262677198228717",
                "192883880495333119250454971967906091719",
                "333577808396754140744527947573145720746",
                "254736620562456101241069533335012436471",
                "38155304647012723902645384096462081057",
                "35761312597698951022835831475726963698",
                "172935405204503962455215897170334305774",
                "28928197213711918901749292842389897817",
                "305970283326653951846857387488674600484",
                "2812945742676911712384335652550621958",
                "39927729953383863612279140876848373898",
                "229359359395381986904526074607958432901",
                "44747768423022721852717852246959864603",
                "186365618779792541860191502881343816207",
                "10313587735623679062654018854559753036",
                "78476059093503865771572439574648252881",
                "170086847463243869035729304255680953990",
                "305955675977711875148581829900589162434",
                "264832129387026390487665918979557723472",
                "234180844935307911097179187449986353703",
                "185127601511852513399376038618298037731",
                "12884584368074442236097464436474811409",
                "82351355746200105105422666008401694472",
                "333209535739578066727188481217137375980",
                "281655509450642344736541842762805130738"
              ]
            },
            "id": "ASB-A-171400004-66098bba",
            "source": "https://android.googlesource.com/platform/packages/apps/Bluetooth/+/59d7c52d0b3872e6a01e47a50772952140debbaa",
            "deprecated": false,
            "signature_version": "v1",
            "target": {
              "file": "src/com/android/bluetooth/gatt/AdvertiseManager.java"
            },
            "signature_type": "Line"
          },
          {
            "digest": {
              "length": 173.0,
              "function_hash": "129987136792802882314299340812400797396"
            },
            "id": "ASB-A-171400004-820b3cff",
            "source": "https://android.googlesource.com/platform/packages/apps/Bluetooth/+/59d7c52d0b3872e6a01e47a50772952140debbaa",
            "deprecated": false,
            "signature_version": "v1",
            "target": {
              "file": "src/com/android/bluetooth/gatt/AdvertiseManager.java",
              "function": "setScanResponseData"
            },
            "signature_type": "Function"
          },
          {
            "digest": {
              "length": 77.0,
              "function_hash": "290580165080064097473301853471677008198"
            },
            "id": "ASB-A-171400004-bcd8a3c8",
            "source": "https://android.googlesource.com/platform/packages/apps/Bluetooth/+/59d7c52d0b3872e6a01e47a50772952140debbaa",
            "deprecated": false,
            "signature_version": "v1",
            "target": {
              "file": "src/com/android/bluetooth/gatt/AdvertiseManager.java",
              "function": "setPeriodicAdvertisingParameters"
            },
            "signature_type": "Function"
          },
          {
            "digest": {
              "length": 77.0,
              "function_hash": "290580165080064097473301853471677008198"
            },
            "id": "ASB-A-171400004-d1bddd6e",
            "source": "https://android.googlesource.com/platform/packages/apps/Bluetooth/+/59d7c52d0b3872e6a01e47a50772952140debbaa",
            "deprecated": false,
            "signature_version": "v1",
            "target": {
              "file": "src/com/android/bluetooth/gatt/AdvertiseManager.java",
              "function": "setPeriodicAdvertisingEnable"
            },
            "signature_type": "Function"
          }
        ],
        "fixes": [
          "https://android.googlesource.com/platform/packages/apps/Bluetooth/+/59d7c52d0b3872e6a01e47a50772952140debbaa"
        ],
        "spl": "2021-02-01",
        "severity": "High",
        "types": [
          "EoP"
        ]
      },
      "database_specific": {
        "source": "https://storage.googleapis.com/android-osv/ASB-A-171400004.json"
      }
    },
    {
      "package": {
        "name": "platform/packages/apps/Bluetooth",
        "ecosystem": "Android"
      },
      "ranges": [
        {
          "type": "ECOSYSTEM",
          "events": [
            {
              "introduced": "9:0"
            },
            {
              "fixed": "9:2021-02-01"
            }
          ]
        }
      ],
      "versions": [
        "9"
      ],
      "ecosystem_specific": {
        "vanir_signatures": [
          {
            "digest": {
              "length": 77.0,
              "function_hash": "290580165080064097473301853471677008198"
            },
            "id": "ASB-A-171400004-001caa8e",
            "source": "https://android.googlesource.com/platform/packages/apps/Bluetooth/+/59d7c52d0b3872e6a01e47a50772952140debbaa",
            "deprecated": false,
            "signature_version": "v1",
            "target": {
              "file": "src/com/android/bluetooth/gatt/AdvertiseManager.java",
              "function": "setPeriodicAdvertisingParameters"
            },
            "signature_type": "Function"
          },
          {
            "digest": {
              "length": 173.0,
              "function_hash": "129987136792802882314299340812400797396"
            },
            "id": "ASB-A-171400004-11403156",
            "source": "https://android.googlesource.com/platform/packages/apps/Bluetooth/+/59d7c52d0b3872e6a01e47a50772952140debbaa",
            "deprecated": false,
            "signature_version": "v1",
            "target": {
              "file": "src/com/android/bluetooth/gatt/AdvertiseManager.java",
              "function": "setScanResponseData"
            },
            "signature_type": "Function"
          },
          {
            "digest": {
              "length": 173.0,
              "function_hash": "129987136792802882314299340812400797396"
            },
            "id": "ASB-A-171400004-43b183de",
            "source": "https://android.googlesource.com/platform/packages/apps/Bluetooth/+/59d7c52d0b3872e6a01e47a50772952140debbaa",
            "deprecated": false,
            "signature_version": "v1",
            "target": {
              "file": "src/com/android/bluetooth/gatt/AdvertiseManager.java",
              "function": "setPeriodicAdvertisingData"
            },
            "signature_type": "Function"
          },
          {
            "digest": {
              "length": 77.0,
              "function_hash": "290580165080064097473301853471677008198"
            },
            "id": "ASB-A-171400004-6104019a",
            "source": "https://android.googlesource.com/platform/packages/apps/Bluetooth/+/59d7c52d0b3872e6a01e47a50772952140debbaa",
            "deprecated": false,
            "signature_version": "v1",
            "target": {
              "file": "src/com/android/bluetooth/gatt/AdvertiseManager.java",
              "function": "setAdvertisingParameters"
            },
            "signature_type": "Function"
          },
          {
            "digest": {
              "threshold": 0.9,
              "line_hashes": [
                "113075781860234892470414713247420991515",
                "261030593052011040654576014019875010423",
                "177788579400529099176435022619156779671",
                "193340276399367991713802791218117513046",
                "259691348838220826069099126950853839777",
                "79559995190449149773253007352069032544",
                "147530346513663710968005986725762074800",
                "87050771303856497741070018091137712107",
                "6578419397425164279622958384616686366",
                "301144068419277118413124496302860849569",
                "73487725043458956159009600569745659837",
                "248174706485533062475910929215745387968",
                "68108417836691812401037262677198228717",
                "192883880495333119250454971967906091719",
                "333577808396754140744527947573145720746",
                "254736620562456101241069533335012436471",
                "38155304647012723902645384096462081057",
                "35761312597698951022835831475726963698",
                "172935405204503962455215897170334305774",
                "28928197213711918901749292842389897817",
                "305970283326653951846857387488674600484",
                "2812945742676911712384335652550621958",
                "39927729953383863612279140876848373898",
                "229359359395381986904526074607958432901",
                "44747768423022721852717852246959864603",
                "186365618779792541860191502881343816207",
                "10313587735623679062654018854559753036",
                "78476059093503865771572439574648252881",
                "170086847463243869035729304255680953990",
                "305955675977711875148581829900589162434",
                "264832129387026390487665918979557723472",
                "234180844935307911097179187449986353703",
                "185127601511852513399376038618298037731",
                "12884584368074442236097464436474811409",
                "82351355746200105105422666008401694472",
                "333209535739578066727188481217137375980",
                "281655509450642344736541842762805130738"
              ]
            },
            "id": "ASB-A-171400004-6ce0010d",
            "source": "https://android.googlesource.com/platform/packages/apps/Bluetooth/+/59d7c52d0b3872e6a01e47a50772952140debbaa",
            "deprecated": false,
            "signature_version": "v1",
            "target": {
              "file": "src/com/android/bluetooth/gatt/AdvertiseManager.java"
            },
            "signature_type": "Line"
          },
          {
            "digest": {
              "length": 77.0,
              "function_hash": "290580165080064097473301853471677008198"
            },
            "id": "ASB-A-171400004-84b8f1c3",
            "source": "https://android.googlesource.com/platform/packages/apps/Bluetooth/+/59d7c52d0b3872e6a01e47a50772952140debbaa",
            "deprecated": false,
            "signature_version": "v1",
            "target": {
              "file": "src/com/android/bluetooth/gatt/AdvertiseManager.java",
              "function": "setPeriodicAdvertisingEnable"
            },
            "signature_type": "Function"
          },
          {
            "digest": {
              "length": 121.0,
              "function_hash": "158389822995361825500072866711643727870"
            },
            "id": "ASB-A-171400004-c2390042",
            "source": "https://android.googlesource.com/platform/packages/apps/Bluetooth/+/59d7c52d0b3872e6a01e47a50772952140debbaa",
            "deprecated": false,
            "signature_version": "v1",
            "target": {
              "file": "src/com/android/bluetooth/gatt/AdvertiseManager.java",
              "function": "enableAdvertisingSet"
            },
            "signature_type": "Function"
          },
          {
            "digest": {
              "length": 55.0,
              "function_hash": "129176583448185015525653631234971212734"
            },
            "id": "ASB-A-171400004-ca328e9e",
            "source": "https://android.googlesource.com/platform/packages/apps/Bluetooth/+/59d7c52d0b3872e6a01e47a50772952140debbaa",
            "deprecated": false,
            "signature_version": "v1",
            "target": {
              "file": "src/com/android/bluetooth/gatt/AdvertiseManager.java",
              "function": "getOwnAddress"
            },
            "signature_type": "Function"
          },
          {
            "digest": {
              "length": 173.0,
              "function_hash": "129987136792802882314299340812400797396"
            },
            "id": "ASB-A-171400004-cc46ccd8",
            "source": "https://android.googlesource.com/platform/packages/apps/Bluetooth/+/59d7c52d0b3872e6a01e47a50772952140debbaa",
            "deprecated": false,
            "signature_version": "v1",
            "target": {
              "file": "src/com/android/bluetooth/gatt/AdvertiseManager.java",
              "function": "setAdvertisingData"
            },
            "signature_type": "Function"
          }
        ],
        "fixes": [
          "https://android.googlesource.com/platform/packages/apps/Bluetooth/+/59d7c52d0b3872e6a01e47a50772952140debbaa"
        ],
        "spl": "2021-02-01",
        "severity": "High",
        "types": [
          "EoP"
        ]
      },
      "database_specific": {
        "source": "https://storage.googleapis.com/android-osv/ASB-A-171400004.json"
      }
    },
    {
      "package": {
        "name": "platform/packages/apps/Bluetooth",
        "ecosystem": "Android"
      },
      "ranges": [
        {
          "type": "ECOSYSTEM",
          "events": [
            {
              "introduced": "10:0"
            },
            {
              "fixed": "10:2021-02-01"
            }
          ]
        }
      ],
      "versions": [
        "10"
      ],
      "ecosystem_specific": {
        "vanir_signatures": [
          {
            "digest": {
              "length": 77.0,
              "function_hash": "290580165080064097473301853471677008198"
            },
            "id": "ASB-A-171400004-0a0df6fd",
            "source": "https://android.googlesource.com/platform/packages/apps/Bluetooth/+/59d7c52d0b3872e6a01e47a50772952140debbaa",
            "deprecated": false,
            "signature_version": "v1",
            "target": {
              "file": "src/com/android/bluetooth/gatt/AdvertiseManager.java",
              "function": "setPeriodicAdvertisingParameters"
            },
            "signature_type": "Function"
          },
          {
            "digest": {
              "length": 77.0,
              "function_hash": "290580165080064097473301853471677008198"
            },
            "id": "ASB-A-171400004-0ed55dbd",
            "source": "https://android.googlesource.com/platform/packages/apps/Bluetooth/+/59d7c52d0b3872e6a01e47a50772952140debbaa",
            "deprecated": false,
            "signature_version": "v1",
            "target": {
              "file": "src/com/android/bluetooth/gatt/AdvertiseManager.java",
              "function": "setPeriodicAdvertisingEnable"
            },
            "signature_type": "Function"
          },
          {
            "digest": {
              "length": 121.0,
              "function_hash": "158389822995361825500072866711643727870"
            },
            "id": "ASB-A-171400004-1a4c5940",
            "source": "https://android.googlesource.com/platform/packages/apps/Bluetooth/+/59d7c52d0b3872e6a01e47a50772952140debbaa",
            "deprecated": false,
            "signature_version": "v1",
            "target": {
              "file": "src/com/android/bluetooth/gatt/AdvertiseManager.java",
              "function": "enableAdvertisingSet"
            },
            "signature_type": "Function"
          },
          {
            "digest": {
              "length": 173.0,
              "function_hash": "129987136792802882314299340812400797396"
            },
            "id": "ASB-A-171400004-28f6a913",
            "source": "https://android.googlesource.com/platform/packages/apps/Bluetooth/+/59d7c52d0b3872e6a01e47a50772952140debbaa",
            "deprecated": false,
            "signature_version": "v1",
            "target": {
              "file": "src/com/android/bluetooth/gatt/AdvertiseManager.java",
              "function": "setPeriodicAdvertisingData"
            },
            "signature_type": "Function"
          },
          {
            "digest": {
              "length": 173.0,
              "function_hash": "129987136792802882314299340812400797396"
            },
            "id": "ASB-A-171400004-30445eaa",
            "source": "https://android.googlesource.com/platform/packages/apps/Bluetooth/+/59d7c52d0b3872e6a01e47a50772952140debbaa",
            "deprecated": false,
            "signature_version": "v1",
            "target": {
              "file": "src/com/android/bluetooth/gatt/AdvertiseManager.java",
              "function": "setScanResponseData"
            },
            "signature_type": "Function"
          },
          {
            "digest": {
              "threshold": 0.9,
              "line_hashes": [
                "113075781860234892470414713247420991515",
                "261030593052011040654576014019875010423",
                "177788579400529099176435022619156779671",
                "193340276399367991713802791218117513046",
                "259691348838220826069099126950853839777",
                "79559995190449149773253007352069032544",
                "147530346513663710968005986725762074800",
                "87050771303856497741070018091137712107",
                "6578419397425164279622958384616686366",
                "301144068419277118413124496302860849569",
                "73487725043458956159009600569745659837",
                "248174706485533062475910929215745387968",
                "68108417836691812401037262677198228717",
                "192883880495333119250454971967906091719",
                "333577808396754140744527947573145720746",
                "254736620562456101241069533335012436471",
                "38155304647012723902645384096462081057",
                "35761312597698951022835831475726963698",
                "172935405204503962455215897170334305774",
                "28928197213711918901749292842389897817",
                "305970283326653951846857387488674600484",
                "2812945742676911712384335652550621958",
                "39927729953383863612279140876848373898",
                "229359359395381986904526074607958432901",
                "44747768423022721852717852246959864603",
                "186365618779792541860191502881343816207",
                "10313587735623679062654018854559753036",
                "78476059093503865771572439574648252881",
                "170086847463243869035729304255680953990",
                "305955675977711875148581829900589162434",
                "264832129387026390487665918979557723472",
                "234180844935307911097179187449986353703",
                "185127601511852513399376038618298037731",
                "12884584368074442236097464436474811409",
                "82351355746200105105422666008401694472",
                "333209535739578066727188481217137375980",
                "281655509450642344736541842762805130738"
              ]
            },
            "id": "ASB-A-171400004-6af67707",
            "source": "https://android.googlesource.com/platform/packages/apps/Bluetooth/+/59d7c52d0b3872e6a01e47a50772952140debbaa",
            "deprecated": false,
            "signature_version": "v1",
            "target": {
              "file": "src/com/android/bluetooth/gatt/AdvertiseManager.java"
            },
            "signature_type": "Line"
          },
          {
            "digest": {
              "length": 55.0,
              "function_hash": "129176583448185015525653631234971212734"
            },
            "id": "ASB-A-171400004-df50bc9f",
            "source": "https://android.googlesource.com/platform/packages/apps/Bluetooth/+/59d7c52d0b3872e6a01e47a50772952140debbaa",
            "deprecated": false,
            "signature_version": "v1",
            "target": {
              "file": "src/com/android/bluetooth/gatt/AdvertiseManager.java",
              "function": "getOwnAddress"
            },
            "signature_type": "Function"
          },
          {
            "digest": {
              "length": 77.0,
              "function_hash": "290580165080064097473301853471677008198"
            },
            "id": "ASB-A-171400004-e216f556",
            "source": "https://android.googlesource.com/platform/packages/apps/Bluetooth/+/59d7c52d0b3872e6a01e47a50772952140debbaa",
            "deprecated": false,
            "signature_version": "v1",
            "target": {
              "file": "src/com/android/bluetooth/gatt/AdvertiseManager.java",
              "function": "setAdvertisingParameters"
            },
            "signature_type": "Function"
          },
          {
            "digest": {
              "length": 173.0,
              "function_hash": "129987136792802882314299340812400797396"
            },
            "id": "ASB-A-171400004-ee3517f7",
            "source": "https://android.googlesource.com/platform/packages/apps/Bluetooth/+/59d7c52d0b3872e6a01e47a50772952140debbaa",
            "deprecated": false,
            "signature_version": "v1",
            "target": {
              "file": "src/com/android/bluetooth/gatt/AdvertiseManager.java",
              "function": "setAdvertisingData"
            },
            "signature_type": "Function"
          }
        ],
        "fixes": [
          "https://android.googlesource.com/platform/packages/apps/Bluetooth/+/59d7c52d0b3872e6a01e47a50772952140debbaa"
        ],
        "spl": "2021-02-01",
        "severity": "High",
        "types": [
          "EoP"
        ]
      },
      "database_specific": {
        "source": "https://storage.googleapis.com/android-osv/ASB-A-171400004.json"
      }
    },
    {
      "package": {
        "name": "platform/packages/apps/Bluetooth",
        "ecosystem": "Android"
      },
      "ranges": [
        {
          "type": "ECOSYSTEM",
          "events": [
            {
              "introduced": "11:0"
            },
            {
              "fixed": "11:2021-02-01"
            }
          ]
        }
      ],
      "versions": [
        "11"
      ],
      "ecosystem_specific": {
        "vanir_signatures": [
          {
            "digest": {
              "length": 55.0,
              "function_hash": "129176583448185015525653631234971212734"
            },
            "id": "ASB-A-171400004-1747cf32",
            "source": "https://android.googlesource.com/platform/packages/apps/Bluetooth/+/59d7c52d0b3872e6a01e47a50772952140debbaa",
            "deprecated": false,
            "signature_version": "v1",
            "target": {
              "file": "src/com/android/bluetooth/gatt/AdvertiseManager.java",
              "function": "getOwnAddress"
            },
            "signature_type": "Function"
          },
          {
            "digest": {
              "length": 77.0,
              "function_hash": "290580165080064097473301853471677008198"
            },
            "id": "ASB-A-171400004-24d66686",
            "source": "https://android.googlesource.com/platform/packages/apps/Bluetooth/+/59d7c52d0b3872e6a01e47a50772952140debbaa",
            "deprecated": false,
            "signature_version": "v1",
            "target": {
              "file": "src/com/android/bluetooth/gatt/AdvertiseManager.java",
              "function": "setPeriodicAdvertisingEnable"
            },
            "signature_type": "Function"
          },
          {
            "digest": {
              "length": 121.0,
              "function_hash": "158389822995361825500072866711643727870"
            },
            "id": "ASB-A-171400004-2e3185cf",
            "source": "https://android.googlesource.com/platform/packages/apps/Bluetooth/+/59d7c52d0b3872e6a01e47a50772952140debbaa",
            "deprecated": false,
            "signature_version": "v1",
            "target": {
              "file": "src/com/android/bluetooth/gatt/AdvertiseManager.java",
              "function": "enableAdvertisingSet"
            },
            "signature_type": "Function"
          },
          {
            "digest": {
              "length": 77.0,
              "function_hash": "290580165080064097473301853471677008198"
            },
            "id": "ASB-A-171400004-6173f443",
            "source": "https://android.googlesource.com/platform/packages/apps/Bluetooth/+/59d7c52d0b3872e6a01e47a50772952140debbaa",
            "deprecated": false,
            "signature_version": "v1",
            "target": {
              "file": "src/com/android/bluetooth/gatt/AdvertiseManager.java",
              "function": "setAdvertisingParameters"
            },
            "signature_type": "Function"
          },
          {
            "digest": {
              "threshold": 0.9,
              "line_hashes": [
                "113075781860234892470414713247420991515",
                "261030593052011040654576014019875010423",
                "177788579400529099176435022619156779671",
                "193340276399367991713802791218117513046",
                "259691348838220826069099126950853839777",
                "79559995190449149773253007352069032544",
                "147530346513663710968005986725762074800",
                "87050771303856497741070018091137712107",
                "6578419397425164279622958384616686366",
                "301144068419277118413124496302860849569",
                "73487725043458956159009600569745659837",
                "248174706485533062475910929215745387968",
                "68108417836691812401037262677198228717",
                "192883880495333119250454971967906091719",
                "333577808396754140744527947573145720746",
                "254736620562456101241069533335012436471",
                "38155304647012723902645384096462081057",
                "35761312597698951022835831475726963698",
                "172935405204503962455215897170334305774",
                "28928197213711918901749292842389897817",
                "305970283326653951846857387488674600484",
                "2812945742676911712384335652550621958",
                "39927729953383863612279140876848373898",
                "229359359395381986904526074607958432901",
                "44747768423022721852717852246959864603",
                "186365618779792541860191502881343816207",
                "10313587735623679062654018854559753036",
                "78476059093503865771572439574648252881",
                "170086847463243869035729304255680953990",
                "305955675977711875148581829900589162434",
                "264832129387026390487665918979557723472",
                "234180844935307911097179187449986353703",
                "185127601511852513399376038618298037731",
                "12884584368074442236097464436474811409",
                "82351355746200105105422666008401694472",
                "333209535739578066727188481217137375980",
                "281655509450642344736541842762805130738"
              ]
            },
            "id": "ASB-A-171400004-63b7dc4e",
            "source": "https://android.googlesource.com/platform/packages/apps/Bluetooth/+/59d7c52d0b3872e6a01e47a50772952140debbaa",
            "deprecated": false,
            "signature_version": "v1",
            "target": {
              "file": "src/com/android/bluetooth/gatt/AdvertiseManager.java"
            },
            "signature_type": "Line"
          },
          {
            "digest": {
              "length": 77.0,
              "function_hash": "290580165080064097473301853471677008198"
            },
            "id": "ASB-A-171400004-9d07608a",
            "source": "https://android.googlesource.com/platform/packages/apps/Bluetooth/+/59d7c52d0b3872e6a01e47a50772952140debbaa",
            "deprecated": false,
            "signature_version": "v1",
            "target": {
              "file": "src/com/android/bluetooth/gatt/AdvertiseManager.java",
              "function": "setPeriodicAdvertisingParameters"
            },
            "signature_type": "Function"
          },
          {
            "digest": {
              "length": 173.0,
              "function_hash": "129987136792802882314299340812400797396"
            },
            "id": "ASB-A-171400004-c8fe4626",
            "source": "https://android.googlesource.com/platform/packages/apps/Bluetooth/+/59d7c52d0b3872e6a01e47a50772952140debbaa",
            "deprecated": false,
            "signature_version": "v1",
            "target": {
              "file": "src/com/android/bluetooth/gatt/AdvertiseManager.java",
              "function": "setAdvertisingData"
            },
            "signature_type": "Function"
          },
          {
            "digest": {
              "length": 173.0,
              "function_hash": "129987136792802882314299340812400797396"
            },
            "id": "ASB-A-171400004-fd1bde7d",
            "source": "https://android.googlesource.com/platform/packages/apps/Bluetooth/+/59d7c52d0b3872e6a01e47a50772952140debbaa",
            "deprecated": false,
            "signature_version": "v1",
            "target": {
              "file": "src/com/android/bluetooth/gatt/AdvertiseManager.java",
              "function": "setPeriodicAdvertisingData"
            },
            "signature_type": "Function"
          },
          {
            "digest": {
              "length": 173.0,
              "function_hash": "129987136792802882314299340812400797396"
            },
            "id": "ASB-A-171400004-ff77d56b",
            "source": "https://android.googlesource.com/platform/packages/apps/Bluetooth/+/59d7c52d0b3872e6a01e47a50772952140debbaa",
            "deprecated": false,
            "signature_version": "v1",
            "target": {
              "file": "src/com/android/bluetooth/gatt/AdvertiseManager.java",
              "function": "setScanResponseData"
            },
            "signature_type": "Function"
          }
        ],
        "fixes": [
          "https://android.googlesource.com/platform/packages/apps/Bluetooth/+/59d7c52d0b3872e6a01e47a50772952140debbaa"
        ],
        "spl": "2021-02-01",
        "severity": "High",
        "types": [
          "EoP"
        ]
      },
      "database_specific": {
        "source": "https://storage.googleapis.com/android-osv/ASB-A-171400004.json"
      }
    }
  ],
  "schema_version": "1.6.0"
}