{
  "id": "ASB-A-168050601",
  "summary": "[Q-Case#04817726]Security Vulnerability - Buffer Copy Without Checking Size of Input in  WLAN",
  "aliases": [
    "2724407",
    "A-168050601",
    "CVE-2020-11225"
  ],
  "modified": "2024-08-13T23:59:27.106806Z",
  "published": "2020-12-01T00:00:00Z",
  "references": [
    {
      "type": "ADVISORY",
      "url": "https://source.android.com/security/bulletin/2020-12-01"
    },
    {
      "type": "FIX",
      "url": "https://source.codeaurora.org/quic/qsdk/platform/vendor/qcom-opensource/wlan/qca-wifi-host-cmn/commit/?id=fe1e85068c57d8c4e4557ed6b265ac6b9694c3a1"
    }
  ],
  "affected": [
    {
      "package": {
        "name": "platform/vendor/qcom-opensource/wlan/qca-wifi-host-cmn",
        "ecosystem": "Android"
      },
      "ranges": [
        {
          "type": "ECOSYSTEM",
          "events": [
            {
              "introduced": "SoCVersion:0"
            },
            {
              "fixed": "SoCVersion:2020-12-05"
            }
          ]
        }
      ],
      "versions": [
        "SoCVersion"
      ],
      "ecosystem_specific": {
        "vanir_signatures": [
          {
            "digest": {
              "threshold": 0.9,
              "line_hashes": [
                "43931126770030277939087586824132367094",
                "34893799386941729089595617673975338759",
                "307350105844480034257451465615324592787",
                "16326338144304073811148147706844137625"
              ]
            },
            "id": "ASB-A-168050601-59e5bcd3",
            "source": "https://git.codelinaro.org/clo/qsdk/platform/vendor/qcom-opensource/wlan/qca-wifi-host-cmn/commit/fe1e85068c57d8c4e4557ed6b265ac6b9694c3a1",
            "deprecated": false,
            "signature_version": "v1",
            "target": {
              "file": "umac/cmn_services/cmn_defs/inc/wlan_cmn_ieee80211.h"
            },
            "signature_type": "Line"
          },
          {
            "digest": {
              "length": 2735.0,
              "function_hash": "237259534649624661166545979676549076298"
            },
            "id": "ASB-A-168050601-652d04cc",
            "source": "https://git.codelinaro.org/clo/qsdk/platform/vendor/qcom-opensource/wlan/qca-wifi-host-cmn/commit/fe1e85068c57d8c4e4557ed6b265ac6b9694c3a1",
            "deprecated": false,
            "signature_version": "v1",
            "target": {
              "file": "umac/cmn_services/cmn_defs/inc/wlan_cmn_ieee80211.h",
              "function": "wlan_parse_rsn_ie"
            },
            "signature_type": "Function"
          }
        ],
        "fixes": [
          "https://source.codeaurora.org/quic/qsdk/platform/vendor/qcom-opensource/wlan/qca-wifi-host-cmn/commit/?id=fe1e85068c57d8c4e4557ed6b265ac6b9694c3a1"
        ],
        "spl": "2020-12-05",
        "severity": "Critical",
        "types": [
          "Unknown"
        ]
      },
      "database_specific": {
        "source": "https://storage.googleapis.com/android-osv/ASB-A-168050601.json"
      }
    }
  ],
  "schema_version": "1.6.0"
}