{
  "id": "ASB-A-161718556",
  "summary": "Hijack PendingIntent containing implicit Intent to read contacts",
  "details": "In constructImportFailureNotification of NotificationImportExportListener.java, there is a possible permissions bypass due to an unsafe PendingIntent. This could lead to local information disclosure of contact data with User execution privileges needed. User interaction is not needed for exploitation.",
  "aliases": [
    "A-161718556",
    "CVE-2020-0422"
  ],
  "modified": "2024-08-07T19:30:19.665554Z",
  "published": "2020-10-01T00:00:00Z",
  "references": [
    {
      "type": "ADVISORY",
      "url": "https://source.android.com/security/bulletin/2020-10-01"
    },
    {
      "type": "FIX",
      "url": "https://android.googlesource.com/platform/packages/apps/Contacts/+/c987095255ee953de27ea1de360c44aa99b1b856"
    }
  ],
  "affected": [
    {
      "package": {
        "name": "platform/packages/apps/Contacts",
        "ecosystem": "Android"
      },
      "ranges": [
        {
          "type": "ECOSYSTEM",
          "events": [
            {
              "introduced": "8.0:0"
            },
            {
              "fixed": "8.0:2020-10-01"
            }
          ]
        }
      ],
      "versions": [
        "8.0"
      ],
      "ecosystem_specific": {
        "vanir_signatures": [
          {
            "digest": {
              "length": 630.0,
              "function_hash": "143117533060433941490794635742367359210"
            },
            "id": "ASB-A-161718556-03a1623c",
            "source": "https://android.googlesource.com/platform/packages/apps/Contacts/+/c987095255ee953de27ea1de360c44aa99b1b856",
            "deprecated": false,
            "signature_version": "v1",
            "target": {
              "file": "src/com/android/contacts/vcard/ExportProcessor.java",
              "function": "doFinishNotificationWithShareAction"
            },
            "signature_type": "Function"
          },
          {
            "digest": {
              "threshold": 0.9,
              "line_hashes": [
                "265459757555572881178699233291127079094",
                "60812962559590082934523123749345645043",
                "167040888878335923992851466778980321606",
                "153418463549277915684339073015306664892",
                "118590393605338840415226905877298273495",
                "105577276753299761639564766777262546437",
                "278865193731203354463286140238891295677",
                "253254045500681730404787849766746242475",
                "113319557767950227201667435929003031189",
                "316927172449663784366559757566195904792",
                "333337947583155990211250448361854000136",
                "28836924464386440050108688703898064745",
                "306920318955286885259803700138644869300",
                "314031430888562666018682401134473729408",
                "270092795657968106012931403719051269031",
                "60782195118607851514368958745589655521",
                "224030295843781021837919944750690718402",
                "222832699258903375801992179936160996253",
                "159249568054797100532107176016575160415",
                "336202263220887427585951217477442249902",
                "181745635321153148109250947362131073553",
                "171538180712525186546516452442274393809",
                "82531463143528495386421412927404111415",
                "212875570330439277501074646639077145133",
                "328102657362000247096844329997845622510",
                "252142715572402908901187060036733953190",
                "237564438796759203261298688318364737871",
                "97089816803747760140889456442159621211",
                "310065411857524286492453050997323757975",
                "250725797012653307360797396231295387257",
                "131163878657911096672473148539935635915",
                "117264011293165352508352013612060795388",
                "113319557767950227201667435929003031189",
                "247196066635683647125738117585919706587"
              ]
            },
            "id": "ASB-A-161718556-0d09ce00",
            "source": "https://android.googlesource.com/platform/packages/apps/Contacts/+/c987095255ee953de27ea1de360c44aa99b1b856",
            "deprecated": false,
            "signature_version": "v1",
            "target": {
              "file": "src/com/android/contacts/vcard/NotificationImportExportListener.java"
            },
            "signature_type": "Line"
          },
          {
            "digest": {
              "length": 1182.0,
              "function_hash": "75236388065158281181208974249965697022"
            },
            "id": "ASB-A-161718556-0e2bb4a3",
            "source": "https://android.googlesource.com/platform/packages/apps/Contacts/+/c987095255ee953de27ea1de360c44aa99b1b856",
            "deprecated": false,
            "signature_version": "v1",
            "target": {
              "file": "src/com/android/contacts/vcard/NotificationImportExportListener.java",
              "function": "constructProgressNotification"
            },
            "signature_type": "Function"
          },
          {
            "digest": {
              "length": 132.0,
              "function_hash": "189230997803026271871907289416866835087"
            },
            "id": "ASB-A-161718556-29d51d63",
            "source": "https://android.googlesource.com/platform/packages/apps/Contacts/+/c987095255ee953de27ea1de360c44aa99b1b856",
            "deprecated": false,
            "signature_version": "v1",
            "target": {
              "file": "src/com/android/contacts/vcard/NotificationImportExportListener.java",
              "function": "constructFinishNotification"
            },
            "signature_type": "Function"
          },
          {
            "digest": {
              "threshold": 0.9,
              "line_hashes": [
                "202981978073905480718588767237739344621",
                "32271363586515590834670012682067985969",
                "141065839833730008334381520302469227098",
                "95997991842400170705835048303676988509",
                "308777615474344538863808261569543881799",
                "156105878100784396055880831916350087355",
                "37856883597302656577897057055390010687"
              ]
            },
            "id": "ASB-A-161718556-4b327ee3",
            "source": "https://android.googlesource.com/platform/packages/apps/Contacts/+/c987095255ee953de27ea1de360c44aa99b1b856",
            "deprecated": false,
            "signature_version": "v1",
            "target": {
              "file": "src/com/android/contacts/vcard/ExportProcessor.java"
            },
            "signature_type": "Line"
          },
          {
            "digest": {
              "length": 605.0,
              "function_hash": "314744629540030522235289327547400741339"
            },
            "id": "ASB-A-161718556-d5cd1c1c",
            "source": "https://android.googlesource.com/platform/packages/apps/Contacts/+/c987095255ee953de27ea1de360c44aa99b1b856",
            "deprecated": false,
            "signature_version": "v1",
            "target": {
              "file": "src/com/android/contacts/vcard/NotificationImportExportListener.java",
              "function": "constructFinishNotificationWithFlags"
            },
            "signature_type": "Function"
          },
          {
            "digest": {
              "length": 582.0,
              "function_hash": "145243305442392071760106055747053560846"
            },
            "id": "ASB-A-161718556-e666f021",
            "source": "https://android.googlesource.com/platform/packages/apps/Contacts/+/c987095255ee953de27ea1de360c44aa99b1b856",
            "deprecated": false,
            "signature_version": "v1",
            "target": {
              "file": "src/com/android/contacts/vcard/NotificationImportExportListener.java",
              "function": "constructImportFailureNotification"
            },
            "signature_type": "Function"
          },
          {
            "digest": {
              "length": 534.0,
              "function_hash": "130297687207063583090026337891029240129"
            },
            "id": "ASB-A-161718556-eac84611",
            "source": "https://android.googlesource.com/platform/packages/apps/Contacts/+/c987095255ee953de27ea1de360c44aa99b1b856",
            "deprecated": false,
            "signature_version": "v1",
            "target": {
              "file": "src/com/android/contacts/vcard/NotificationImportExportListener.java",
              "function": "constructCancelNotification"
            },
            "signature_type": "Function"
          }
        ],
        "fixes": [
          "https://android.googlesource.com/platform/packages/apps/Contacts/+/c987095255ee953de27ea1de360c44aa99b1b856"
        ],
        "spl": "2020-10-01",
        "severity": "High",
        "types": [
          "ID"
        ]
      },
      "database_specific": {
        "source": "https://storage.googleapis.com/android-osv/ASB-A-161718556.json"
      }
    },
    {
      "package": {
        "name": "platform/packages/apps/Contacts",
        "ecosystem": "Android"
      },
      "ranges": [
        {
          "type": "ECOSYSTEM",
          "events": [
            {
              "introduced": "8.1:0"
            },
            {
              "fixed": "8.1:2020-10-01"
            }
          ]
        }
      ],
      "versions": [
        "8.1"
      ],
      "ecosystem_specific": {
        "vanir_signatures": [
          {
            "digest": {
              "length": 582.0,
              "function_hash": "145243305442392071760106055747053560846"
            },
            "id": "ASB-A-161718556-0de9582e",
            "source": "https://android.googlesource.com/platform/packages/apps/Contacts/+/c987095255ee953de27ea1de360c44aa99b1b856",
            "deprecated": false,
            "signature_version": "v1",
            "target": {
              "file": "src/com/android/contacts/vcard/NotificationImportExportListener.java",
              "function": "constructImportFailureNotification"
            },
            "signature_type": "Function"
          },
          {
            "digest": {
              "threshold": 0.9,
              "line_hashes": [
                "265459757555572881178699233291127079094",
                "60812962559590082934523123749345645043",
                "167040888878335923992851466778980321606",
                "153418463549277915684339073015306664892",
                "118590393605338840415226905877298273495",
                "105577276753299761639564766777262546437",
                "278865193731203354463286140238891295677",
                "253254045500681730404787849766746242475",
                "113319557767950227201667435929003031189",
                "316927172449663784366559757566195904792",
                "333337947583155990211250448361854000136",
                "28836924464386440050108688703898064745",
                "306920318955286885259803700138644869300",
                "314031430888562666018682401134473729408",
                "270092795657968106012931403719051269031",
                "60782195118607851514368958745589655521",
                "224030295843781021837919944750690718402",
                "222832699258903375801992179936160996253",
                "159249568054797100532107176016575160415",
                "336202263220887427585951217477442249902",
                "181745635321153148109250947362131073553",
                "171538180712525186546516452442274393809",
                "82531463143528495386421412927404111415",
                "212875570330439277501074646639077145133",
                "328102657362000247096844329997845622510",
                "252142715572402908901187060036733953190",
                "237564438796759203261298688318364737871",
                "97089816803747760140889456442159621211",
                "310065411857524286492453050997323757975",
                "250725797012653307360797396231295387257",
                "131163878657911096672473148539935635915",
                "117264011293165352508352013612060795388",
                "113319557767950227201667435929003031189",
                "247196066635683647125738117585919706587"
              ]
            },
            "id": "ASB-A-161718556-2c70ff5f",
            "source": "https://android.googlesource.com/platform/packages/apps/Contacts/+/c987095255ee953de27ea1de360c44aa99b1b856",
            "deprecated": false,
            "signature_version": "v1",
            "target": {
              "file": "src/com/android/contacts/vcard/NotificationImportExportListener.java"
            },
            "signature_type": "Line"
          },
          {
            "digest": {
              "length": 605.0,
              "function_hash": "314744629540030522235289327547400741339"
            },
            "id": "ASB-A-161718556-676da957",
            "source": "https://android.googlesource.com/platform/packages/apps/Contacts/+/c987095255ee953de27ea1de360c44aa99b1b856",
            "deprecated": false,
            "signature_version": "v1",
            "target": {
              "file": "src/com/android/contacts/vcard/NotificationImportExportListener.java",
              "function": "constructFinishNotificationWithFlags"
            },
            "signature_type": "Function"
          },
          {
            "digest": {
              "threshold": 0.9,
              "line_hashes": [
                "202981978073905480718588767237739344621",
                "32271363586515590834670012682067985969",
                "141065839833730008334381520302469227098",
                "95997991842400170705835048303676988509",
                "308777615474344538863808261569543881799",
                "156105878100784396055880831916350087355",
                "37856883597302656577897057055390010687"
              ]
            },
            "id": "ASB-A-161718556-71a3d145",
            "source": "https://android.googlesource.com/platform/packages/apps/Contacts/+/c987095255ee953de27ea1de360c44aa99b1b856",
            "deprecated": false,
            "signature_version": "v1",
            "target": {
              "file": "src/com/android/contacts/vcard/ExportProcessor.java"
            },
            "signature_type": "Line"
          },
          {
            "digest": {
              "length": 132.0,
              "function_hash": "189230997803026271871907289416866835087"
            },
            "id": "ASB-A-161718556-92cbd588",
            "source": "https://android.googlesource.com/platform/packages/apps/Contacts/+/c987095255ee953de27ea1de360c44aa99b1b856",
            "deprecated": false,
            "signature_version": "v1",
            "target": {
              "file": "src/com/android/contacts/vcard/NotificationImportExportListener.java",
              "function": "constructFinishNotification"
            },
            "signature_type": "Function"
          },
          {
            "digest": {
              "length": 534.0,
              "function_hash": "130297687207063583090026337891029240129"
            },
            "id": "ASB-A-161718556-946a4d4b",
            "source": "https://android.googlesource.com/platform/packages/apps/Contacts/+/c987095255ee953de27ea1de360c44aa99b1b856",
            "deprecated": false,
            "signature_version": "v1",
            "target": {
              "file": "src/com/android/contacts/vcard/NotificationImportExportListener.java",
              "function": "constructCancelNotification"
            },
            "signature_type": "Function"
          },
          {
            "digest": {
              "length": 630.0,
              "function_hash": "143117533060433941490794635742367359210"
            },
            "id": "ASB-A-161718556-a8cc649f",
            "source": "https://android.googlesource.com/platform/packages/apps/Contacts/+/c987095255ee953de27ea1de360c44aa99b1b856",
            "deprecated": false,
            "signature_version": "v1",
            "target": {
              "file": "src/com/android/contacts/vcard/ExportProcessor.java",
              "function": "doFinishNotificationWithShareAction"
            },
            "signature_type": "Function"
          },
          {
            "digest": {
              "length": 1182.0,
              "function_hash": "75236388065158281181208974249965697022"
            },
            "id": "ASB-A-161718556-eb317ede",
            "source": "https://android.googlesource.com/platform/packages/apps/Contacts/+/c987095255ee953de27ea1de360c44aa99b1b856",
            "deprecated": false,
            "signature_version": "v1",
            "target": {
              "file": "src/com/android/contacts/vcard/NotificationImportExportListener.java",
              "function": "constructProgressNotification"
            },
            "signature_type": "Function"
          }
        ],
        "fixes": [
          "https://android.googlesource.com/platform/packages/apps/Contacts/+/c987095255ee953de27ea1de360c44aa99b1b856"
        ],
        "spl": "2020-10-01",
        "severity": "High",
        "types": [
          "ID"
        ]
      },
      "database_specific": {
        "source": "https://storage.googleapis.com/android-osv/ASB-A-161718556.json"
      }
    },
    {
      "package": {
        "name": "platform/packages/apps/Contacts",
        "ecosystem": "Android"
      },
      "ranges": [
        {
          "type": "ECOSYSTEM",
          "events": [
            {
              "introduced": "9:0"
            },
            {
              "fixed": "9:2020-10-01"
            }
          ]
        }
      ],
      "versions": [
        "9"
      ],
      "ecosystem_specific": {
        "vanir_signatures": [
          {
            "digest": {
              "length": 132.0,
              "function_hash": "189230997803026271871907289416866835087"
            },
            "id": "ASB-A-161718556-2605c2fb",
            "source": "https://android.googlesource.com/platform/packages/apps/Contacts/+/c987095255ee953de27ea1de360c44aa99b1b856",
            "deprecated": false,
            "signature_version": "v1",
            "target": {
              "file": "src/com/android/contacts/vcard/NotificationImportExportListener.java",
              "function": "constructFinishNotification"
            },
            "signature_type": "Function"
          },
          {
            "digest": {
              "length": 1182.0,
              "function_hash": "75236388065158281181208974249965697022"
            },
            "id": "ASB-A-161718556-26971e9c",
            "source": "https://android.googlesource.com/platform/packages/apps/Contacts/+/c987095255ee953de27ea1de360c44aa99b1b856",
            "deprecated": false,
            "signature_version": "v1",
            "target": {
              "file": "src/com/android/contacts/vcard/NotificationImportExportListener.java",
              "function": "constructProgressNotification"
            },
            "signature_type": "Function"
          },
          {
            "digest": {
              "threshold": 0.9,
              "line_hashes": [
                "202981978073905480718588767237739344621",
                "32271363586515590834670012682067985969",
                "141065839833730008334381520302469227098",
                "95997991842400170705835048303676988509",
                "308777615474344538863808261569543881799",
                "156105878100784396055880831916350087355",
                "37856883597302656577897057055390010687"
              ]
            },
            "id": "ASB-A-161718556-38be3e29",
            "source": "https://android.googlesource.com/platform/packages/apps/Contacts/+/c987095255ee953de27ea1de360c44aa99b1b856",
            "deprecated": false,
            "signature_version": "v1",
            "target": {
              "file": "src/com/android/contacts/vcard/ExportProcessor.java"
            },
            "signature_type": "Line"
          },
          {
            "digest": {
              "length": 630.0,
              "function_hash": "143117533060433941490794635742367359210"
            },
            "id": "ASB-A-161718556-60723af8",
            "source": "https://android.googlesource.com/platform/packages/apps/Contacts/+/c987095255ee953de27ea1de360c44aa99b1b856",
            "deprecated": false,
            "signature_version": "v1",
            "target": {
              "file": "src/com/android/contacts/vcard/ExportProcessor.java",
              "function": "doFinishNotificationWithShareAction"
            },
            "signature_type": "Function"
          },
          {
            "digest": {
              "threshold": 0.9,
              "line_hashes": [
                "265459757555572881178699233291127079094",
                "60812962559590082934523123749345645043",
                "167040888878335923992851466778980321606",
                "153418463549277915684339073015306664892",
                "118590393605338840415226905877298273495",
                "105577276753299761639564766777262546437",
                "278865193731203354463286140238891295677",
                "253254045500681730404787849766746242475",
                "113319557767950227201667435929003031189",
                "316927172449663784366559757566195904792",
                "333337947583155990211250448361854000136",
                "28836924464386440050108688703898064745",
                "306920318955286885259803700138644869300",
                "314031430888562666018682401134473729408",
                "270092795657968106012931403719051269031",
                "60782195118607851514368958745589655521",
                "224030295843781021837919944750690718402",
                "222832699258903375801992179936160996253",
                "159249568054797100532107176016575160415",
                "336202263220887427585951217477442249902",
                "181745635321153148109250947362131073553",
                "171538180712525186546516452442274393809",
                "82531463143528495386421412927404111415",
                "212875570330439277501074646639077145133",
                "328102657362000247096844329997845622510",
                "252142715572402908901187060036733953190",
                "237564438796759203261298688318364737871",
                "97089816803747760140889456442159621211",
                "310065411857524286492453050997323757975",
                "250725797012653307360797396231295387257",
                "131163878657911096672473148539935635915",
                "117264011293165352508352013612060795388",
                "113319557767950227201667435929003031189",
                "247196066635683647125738117585919706587"
              ]
            },
            "id": "ASB-A-161718556-a5fde98f",
            "source": "https://android.googlesource.com/platform/packages/apps/Contacts/+/c987095255ee953de27ea1de360c44aa99b1b856",
            "deprecated": false,
            "signature_version": "v1",
            "target": {
              "file": "src/com/android/contacts/vcard/NotificationImportExportListener.java"
            },
            "signature_type": "Line"
          },
          {
            "digest": {
              "length": 605.0,
              "function_hash": "314744629540030522235289327547400741339"
            },
            "id": "ASB-A-161718556-ad39ac50",
            "source": "https://android.googlesource.com/platform/packages/apps/Contacts/+/c987095255ee953de27ea1de360c44aa99b1b856",
            "deprecated": false,
            "signature_version": "v1",
            "target": {
              "file": "src/com/android/contacts/vcard/NotificationImportExportListener.java",
              "function": "constructFinishNotificationWithFlags"
            },
            "signature_type": "Function"
          },
          {
            "digest": {
              "length": 582.0,
              "function_hash": "145243305442392071760106055747053560846"
            },
            "id": "ASB-A-161718556-ef018831",
            "source": "https://android.googlesource.com/platform/packages/apps/Contacts/+/c987095255ee953de27ea1de360c44aa99b1b856",
            "deprecated": false,
            "signature_version": "v1",
            "target": {
              "file": "src/com/android/contacts/vcard/NotificationImportExportListener.java",
              "function": "constructImportFailureNotification"
            },
            "signature_type": "Function"
          },
          {
            "digest": {
              "length": 534.0,
              "function_hash": "130297687207063583090026337891029240129"
            },
            "id": "ASB-A-161718556-f85f3b9b",
            "source": "https://android.googlesource.com/platform/packages/apps/Contacts/+/c987095255ee953de27ea1de360c44aa99b1b856",
            "deprecated": false,
            "signature_version": "v1",
            "target": {
              "file": "src/com/android/contacts/vcard/NotificationImportExportListener.java",
              "function": "constructCancelNotification"
            },
            "signature_type": "Function"
          }
        ],
        "fixes": [
          "https://android.googlesource.com/platform/packages/apps/Contacts/+/c987095255ee953de27ea1de360c44aa99b1b856"
        ],
        "spl": "2020-10-01",
        "severity": "High",
        "types": [
          "ID"
        ]
      },
      "database_specific": {
        "source": "https://storage.googleapis.com/android-osv/ASB-A-161718556.json"
      }
    },
    {
      "package": {
        "name": "platform/packages/apps/Contacts",
        "ecosystem": "Android"
      },
      "ranges": [
        {
          "type": "ECOSYSTEM",
          "events": [
            {
              "introduced": "10:0"
            },
            {
              "fixed": "10:2020-10-01"
            }
          ]
        }
      ],
      "versions": [
        "10"
      ],
      "ecosystem_specific": {
        "vanir_signatures": [
          {
            "digest": {
              "threshold": 0.9,
              "line_hashes": [
                "265459757555572881178699233291127079094",
                "60812962559590082934523123749345645043",
                "167040888878335923992851466778980321606",
                "153418463549277915684339073015306664892",
                "118590393605338840415226905877298273495",
                "105577276753299761639564766777262546437",
                "278865193731203354463286140238891295677",
                "253254045500681730404787849766746242475",
                "113319557767950227201667435929003031189",
                "316927172449663784366559757566195904792",
                "333337947583155990211250448361854000136",
                "28836924464386440050108688703898064745",
                "306920318955286885259803700138644869300",
                "314031430888562666018682401134473729408",
                "270092795657968106012931403719051269031",
                "60782195118607851514368958745589655521",
                "224030295843781021837919944750690718402",
                "222832699258903375801992179936160996253",
                "159249568054797100532107176016575160415",
                "336202263220887427585951217477442249902",
                "181745635321153148109250947362131073553",
                "171538180712525186546516452442274393809",
                "82531463143528495386421412927404111415",
                "212875570330439277501074646639077145133",
                "328102657362000247096844329997845622510",
                "252142715572402908901187060036733953190",
                "237564438796759203261298688318364737871",
                "97089816803747760140889456442159621211",
                "310065411857524286492453050997323757975",
                "250725797012653307360797396231295387257",
                "131163878657911096672473148539935635915",
                "117264011293165352508352013612060795388",
                "113319557767950227201667435929003031189",
                "247196066635683647125738117585919706587"
              ]
            },
            "id": "ASB-A-161718556-2ba874bd",
            "source": "https://android.googlesource.com/platform/packages/apps/Contacts/+/c987095255ee953de27ea1de360c44aa99b1b856",
            "deprecated": false,
            "signature_version": "v1",
            "target": {
              "file": "src/com/android/contacts/vcard/NotificationImportExportListener.java"
            },
            "signature_type": "Line"
          },
          {
            "digest": {
              "threshold": 0.9,
              "line_hashes": [
                "202981978073905480718588767237739344621",
                "32271363586515590834670012682067985969",
                "141065839833730008334381520302469227098",
                "95997991842400170705835048303676988509",
                "308777615474344538863808261569543881799",
                "156105878100784396055880831916350087355",
                "37856883597302656577897057055390010687"
              ]
            },
            "id": "ASB-A-161718556-58084371",
            "source": "https://android.googlesource.com/platform/packages/apps/Contacts/+/c987095255ee953de27ea1de360c44aa99b1b856",
            "deprecated": false,
            "signature_version": "v1",
            "target": {
              "file": "src/com/android/contacts/vcard/ExportProcessor.java"
            },
            "signature_type": "Line"
          },
          {
            "digest": {
              "length": 582.0,
              "function_hash": "145243305442392071760106055747053560846"
            },
            "id": "ASB-A-161718556-59994b0b",
            "source": "https://android.googlesource.com/platform/packages/apps/Contacts/+/c987095255ee953de27ea1de360c44aa99b1b856",
            "deprecated": false,
            "signature_version": "v1",
            "target": {
              "file": "src/com/android/contacts/vcard/NotificationImportExportListener.java",
              "function": "constructImportFailureNotification"
            },
            "signature_type": "Function"
          },
          {
            "digest": {
              "length": 132.0,
              "function_hash": "189230997803026271871907289416866835087"
            },
            "id": "ASB-A-161718556-6becfc38",
            "source": "https://android.googlesource.com/platform/packages/apps/Contacts/+/c987095255ee953de27ea1de360c44aa99b1b856",
            "deprecated": false,
            "signature_version": "v1",
            "target": {
              "file": "src/com/android/contacts/vcard/NotificationImportExportListener.java",
              "function": "constructFinishNotification"
            },
            "signature_type": "Function"
          },
          {
            "digest": {
              "length": 1182.0,
              "function_hash": "75236388065158281181208974249965697022"
            },
            "id": "ASB-A-161718556-6e7a645f",
            "source": "https://android.googlesource.com/platform/packages/apps/Contacts/+/c987095255ee953de27ea1de360c44aa99b1b856",
            "deprecated": false,
            "signature_version": "v1",
            "target": {
              "file": "src/com/android/contacts/vcard/NotificationImportExportListener.java",
              "function": "constructProgressNotification"
            },
            "signature_type": "Function"
          },
          {
            "digest": {
              "length": 534.0,
              "function_hash": "130297687207063583090026337891029240129"
            },
            "id": "ASB-A-161718556-7f727552",
            "source": "https://android.googlesource.com/platform/packages/apps/Contacts/+/c987095255ee953de27ea1de360c44aa99b1b856",
            "deprecated": false,
            "signature_version": "v1",
            "target": {
              "file": "src/com/android/contacts/vcard/NotificationImportExportListener.java",
              "function": "constructCancelNotification"
            },
            "signature_type": "Function"
          },
          {
            "digest": {
              "length": 630.0,
              "function_hash": "143117533060433941490794635742367359210"
            },
            "id": "ASB-A-161718556-9fbaeca0",
            "source": "https://android.googlesource.com/platform/packages/apps/Contacts/+/c987095255ee953de27ea1de360c44aa99b1b856",
            "deprecated": false,
            "signature_version": "v1",
            "target": {
              "file": "src/com/android/contacts/vcard/ExportProcessor.java",
              "function": "doFinishNotificationWithShareAction"
            },
            "signature_type": "Function"
          },
          {
            "digest": {
              "length": 605.0,
              "function_hash": "314744629540030522235289327547400741339"
            },
            "id": "ASB-A-161718556-f3dc8494",
            "source": "https://android.googlesource.com/platform/packages/apps/Contacts/+/c987095255ee953de27ea1de360c44aa99b1b856",
            "deprecated": false,
            "signature_version": "v1",
            "target": {
              "file": "src/com/android/contacts/vcard/NotificationImportExportListener.java",
              "function": "constructFinishNotificationWithFlags"
            },
            "signature_type": "Function"
          }
        ],
        "fixes": [
          "https://android.googlesource.com/platform/packages/apps/Contacts/+/c987095255ee953de27ea1de360c44aa99b1b856"
        ],
        "spl": "2020-10-01",
        "severity": "High",
        "types": [
          "ID"
        ]
      },
      "database_specific": {
        "source": "https://storage.googleapis.com/android-osv/ASB-A-161718556.json"
      }
    },
    {
      "package": {
        "name": "platform/packages/apps/Contacts",
        "ecosystem": "Android"
      },
      "ranges": [
        {
          "type": "ECOSYSTEM",
          "events": [
            {
              "introduced": "11:0"
            },
            {
              "fixed": "11:2020-10-01"
            }
          ]
        }
      ],
      "versions": [
        "11"
      ],
      "ecosystem_specific": {
        "vanir_signatures": [
          {
            "digest": {
              "threshold": 0.9,
              "line_hashes": [
                "265459757555572881178699233291127079094",
                "60812962559590082934523123749345645043",
                "167040888878335923992851466778980321606",
                "153418463549277915684339073015306664892",
                "118590393605338840415226905877298273495",
                "105577276753299761639564766777262546437",
                "278865193731203354463286140238891295677",
                "253254045500681730404787849766746242475",
                "113319557767950227201667435929003031189",
                "316927172449663784366559757566195904792",
                "333337947583155990211250448361854000136",
                "28836924464386440050108688703898064745",
                "306920318955286885259803700138644869300",
                "314031430888562666018682401134473729408",
                "270092795657968106012931403719051269031",
                "60782195118607851514368958745589655521",
                "224030295843781021837919944750690718402",
                "222832699258903375801992179936160996253",
                "159249568054797100532107176016575160415",
                "336202263220887427585951217477442249902",
                "181745635321153148109250947362131073553",
                "171538180712525186546516452442274393809",
                "82531463143528495386421412927404111415",
                "212875570330439277501074646639077145133",
                "328102657362000247096844329997845622510",
                "252142715572402908901187060036733953190",
                "237564438796759203261298688318364737871",
                "97089816803747760140889456442159621211",
                "310065411857524286492453050997323757975",
                "250725797012653307360797396231295387257",
                "131163878657911096672473148539935635915",
                "117264011293165352508352013612060795388",
                "113319557767950227201667435929003031189",
                "247196066635683647125738117585919706587"
              ]
            },
            "id": "ASB-A-161718556-16c00b27",
            "source": "https://android.googlesource.com/platform/packages/apps/Contacts/+/c987095255ee953de27ea1de360c44aa99b1b856",
            "deprecated": false,
            "signature_version": "v1",
            "target": {
              "file": "src/com/android/contacts/vcard/NotificationImportExportListener.java"
            },
            "signature_type": "Line"
          },
          {
            "digest": {
              "length": 534.0,
              "function_hash": "130297687207063583090026337891029240129"
            },
            "id": "ASB-A-161718556-4c77f06e",
            "source": "https://android.googlesource.com/platform/packages/apps/Contacts/+/c987095255ee953de27ea1de360c44aa99b1b856",
            "deprecated": false,
            "signature_version": "v1",
            "target": {
              "file": "src/com/android/contacts/vcard/NotificationImportExportListener.java",
              "function": "constructCancelNotification"
            },
            "signature_type": "Function"
          },
          {
            "digest": {
              "length": 582.0,
              "function_hash": "145243305442392071760106055747053560846"
            },
            "id": "ASB-A-161718556-4de05112",
            "source": "https://android.googlesource.com/platform/packages/apps/Contacts/+/c987095255ee953de27ea1de360c44aa99b1b856",
            "deprecated": false,
            "signature_version": "v1",
            "target": {
              "file": "src/com/android/contacts/vcard/NotificationImportExportListener.java",
              "function": "constructImportFailureNotification"
            },
            "signature_type": "Function"
          },
          {
            "digest": {
              "length": 630.0,
              "function_hash": "143117533060433941490794635742367359210"
            },
            "id": "ASB-A-161718556-75a6695e",
            "source": "https://android.googlesource.com/platform/packages/apps/Contacts/+/c987095255ee953de27ea1de360c44aa99b1b856",
            "deprecated": false,
            "signature_version": "v1",
            "target": {
              "file": "src/com/android/contacts/vcard/ExportProcessor.java",
              "function": "doFinishNotificationWithShareAction"
            },
            "signature_type": "Function"
          },
          {
            "digest": {
              "length": 1182.0,
              "function_hash": "75236388065158281181208974249965697022"
            },
            "id": "ASB-A-161718556-7adea742",
            "source": "https://android.googlesource.com/platform/packages/apps/Contacts/+/c987095255ee953de27ea1de360c44aa99b1b856",
            "deprecated": false,
            "signature_version": "v1",
            "target": {
              "file": "src/com/android/contacts/vcard/NotificationImportExportListener.java",
              "function": "constructProgressNotification"
            },
            "signature_type": "Function"
          },
          {
            "digest": {
              "threshold": 0.9,
              "line_hashes": [
                "202981978073905480718588767237739344621",
                "32271363586515590834670012682067985969",
                "141065839833730008334381520302469227098",
                "95997991842400170705835048303676988509",
                "308777615474344538863808261569543881799",
                "156105878100784396055880831916350087355",
                "37856883597302656577897057055390010687"
              ]
            },
            "id": "ASB-A-161718556-889dbbc8",
            "source": "https://android.googlesource.com/platform/packages/apps/Contacts/+/c987095255ee953de27ea1de360c44aa99b1b856",
            "deprecated": false,
            "signature_version": "v1",
            "target": {
              "file": "src/com/android/contacts/vcard/ExportProcessor.java"
            },
            "signature_type": "Line"
          },
          {
            "digest": {
              "length": 605.0,
              "function_hash": "314744629540030522235289327547400741339"
            },
            "id": "ASB-A-161718556-a3c0588b",
            "source": "https://android.googlesource.com/platform/packages/apps/Contacts/+/c987095255ee953de27ea1de360c44aa99b1b856",
            "deprecated": false,
            "signature_version": "v1",
            "target": {
              "file": "src/com/android/contacts/vcard/NotificationImportExportListener.java",
              "function": "constructFinishNotificationWithFlags"
            },
            "signature_type": "Function"
          },
          {
            "digest": {
              "length": 132.0,
              "function_hash": "189230997803026271871907289416866835087"
            },
            "id": "ASB-A-161718556-d9ade03b",
            "source": "https://android.googlesource.com/platform/packages/apps/Contacts/+/c987095255ee953de27ea1de360c44aa99b1b856",
            "deprecated": false,
            "signature_version": "v1",
            "target": {
              "file": "src/com/android/contacts/vcard/NotificationImportExportListener.java",
              "function": "constructFinishNotification"
            },
            "signature_type": "Function"
          }
        ],
        "fixes": [
          "https://android.googlesource.com/platform/packages/apps/Contacts/+/c987095255ee953de27ea1de360c44aa99b1b856"
        ],
        "spl": "2020-10-01",
        "severity": "High",
        "types": [
          "ID"
        ]
      },
      "database_specific": {
        "source": "https://storage.googleapis.com/android-osv/ASB-A-161718556.json"
      }
    }
  ],
  "schema_version": "1.6.0"
}