{
  "id": "ASB-A-156741968",
  "summary": "App zygotes leak AID_READPROC",
  "details": "In SpecializeCommon of com_android_internal_os_Zygote.cpp, there is a permissions bypass due to an incomplete cleanup. This could lead to local escalation of privilege in isolated processes with no additional execution privileges needed. User interaction is not needed for exploitation.",
  "aliases": [
    "A-156741968",
    "CVE-2020-0257"
  ],
  "modified": "2024-08-07T19:29:56.138304Z",
  "published": "2020-08-01T00:00:00Z",
  "references": [
    {
      "type": "ADVISORY",
      "url": "https://source.android.com/security/bulletin/2020-08-01"
    },
    {
      "type": "FIX",
      "url": "https://android.googlesource.com/platform/frameworks/base/+/b26c7160cd1dfba9224ba12dc075ac3c658b18c3"
    }
  ],
  "affected": [
    {
      "package": {
        "name": "platform/frameworks/base",
        "ecosystem": "Android"
      },
      "ranges": [
        {
          "type": "ECOSYSTEM",
          "events": [
            {
              "introduced": "10:0"
            },
            {
              "fixed": "10:2020-08-01"
            }
          ]
        }
      ],
      "versions": [
        "10"
      ],
      "ecosystem_specific": {
        "vanir_signatures": [
          {
            "digest": {
              "length": 440.0,
              "function_hash": "221580645694389668469652384512945746343"
            },
            "id": "ASB-A-156741968-47487d92",
            "source": "https://android.googlesource.com/platform/frameworks/base/+/b26c7160cd1dfba9224ba12dc075ac3c658b18c3",
            "deprecated": false,
            "signature_version": "v1",
            "target": {
              "file": "core/jni/com_android_internal_os_Zygote.cpp",
              "function": "SetGids"
            },
            "signature_type": "Function"
          },
          {
            "digest": {
              "length": 4101.0,
              "function_hash": "197577848572201397478683155651266247640"
            },
            "id": "ASB-A-156741968-af03e017",
            "source": "https://android.googlesource.com/platform/frameworks/base/+/b26c7160cd1dfba9224ba12dc075ac3c658b18c3",
            "deprecated": false,
            "signature_version": "v1",
            "target": {
              "file": "core/jni/com_android_internal_os_Zygote.cpp",
              "function": "SpecializeCommon"
            },
            "signature_type": "Function"
          },
          {
            "digest": {
              "threshold": 0.9,
              "line_hashes": [
                "156995358100940558694682874028509854541",
                "79154519901110546233218960467523212829",
                "32750675185595139678675839296213207882",
                "319198853492330949671304688986833750067",
                "168301897292866904821009824673942269918",
                "308126396784674618027389634183764262410",
                "82710596588014979945610629270948645285",
                "65695610563329677602036097542908687947",
                "154269463673747069418350979161716944582"
              ]
            },
            "id": "ASB-A-156741968-cb462bd3",
            "source": "https://android.googlesource.com/platform/frameworks/base/+/b26c7160cd1dfba9224ba12dc075ac3c658b18c3",
            "deprecated": false,
            "signature_version": "v1",
            "target": {
              "file": "core/jni/com_android_internal_os_Zygote.cpp"
            },
            "signature_type": "Line"
          }
        ],
        "fixes": [
          "https://android.googlesource.com/platform/frameworks/base/+/b26c7160cd1dfba9224ba12dc075ac3c658b18c3"
        ],
        "spl": "2020-08-01",
        "severity": "High",
        "types": [
          "EoP"
        ]
      },
      "database_specific": {
        "source": "https://storage.googleapis.com/android-osv/ASB-A-156741968.json"
      }
    }
  ],
  "schema_version": "1.6.0"
}