{
  "id": "ASB-A-168918351",
  "summary": "Improper Restriction of Operations within the Bounds of a Memory Buffer in Boot Kernel",
  "aliases": [
    "2723768",
    "A-168918351",
    "CVE-2020-11267"
  ],
  "modified": "2024-08-13T23:59:27.027065Z",
  "published": "2021-06-01T00:00:00Z",
  "references": [
    {
      "type": "ADVISORY",
      "url": "https://source.android.com/security/bulletin/2021-06-01"
    },
    {
      "type": "FIX",
      "url": "https://source.codeaurora.org/quic/la/kernel/msm-4.9/commit/?id=6b3e480f729f291ec9e89e9864582795f02ac1d9"
    },
    {
      "type": "FIX",
      "url": "https://source.codeaurora.org/quic/qsdk/oss/kernel/linux-msm/commit/?id=b2d624743de45b07bffc53224fa8987dd7199fae"
    },
    {
      "type": "FIX",
      "url": "https://source.codeaurora.org/quic/la/kernel/msm-3.18/commit/?id=4e921964bd0686950"
    }
  ],
  "affected": [
    {
      "package": {
        "name": ":linux_kernel:Qualcomm",
        "ecosystem": "Android"
      },
      "ranges": [
        {
          "type": "ECOSYSTEM",
          "events": [
            {
              "introduced": "SoCVersion:0"
            },
            {
              "fixed": "SoCVersion:2021-06-05"
            }
          ]
        }
      ],
      "versions": [
        "SoCVersion"
      ],
      "ecosystem_specific": {
        "vanir_signatures": [
          {
            "digest": {
              "threshold": 0.9,
              "line_hashes": [
                "27807572458294576387789401497626774264",
                "267641931814400063274906089222814617921",
                "246708058076058107013233833817244730766",
                "163375013450682240264296450394547537128"
              ]
            },
            "id": "ASB-A-168918351-12db76d0",
            "source": "https://git.codelinaro.org/clo/la/kernel/msm-4.9/commit/6b3e480f729f291ec9e89e9864582795f02ac1d9",
            "deprecated": false,
            "signature_version": "v1",
            "target": {
              "file": "drivers/crypto/msm/qce50.c"
            },
            "signature_type": "Line"
          },
          {
            "digest": {
              "length": 6484.0,
              "function_hash": "51837035638511523487462637886131347330"
            },
            "id": "ASB-A-168918351-27eb6474",
            "source": "https://git.codelinaro.org/clo/la/kernel/msm-3.18/commit/4e921964bd0686950",
            "deprecated": false,
            "signature_version": "v1",
            "target": {
              "file": "drivers/crypto/msm/qce50.c",
              "function": "_ce_setup_cipher"
            },
            "signature_type": "Function"
          },
          {
            "digest": {
              "length": 5667.0,
              "function_hash": "11379530170882268575717260028100720579"
            },
            "id": "ASB-A-168918351-59389859",
            "source": "https://git.codelinaro.org/clo/la/kernel/msm-3.18/commit/4e921964bd0686950",
            "deprecated": false,
            "signature_version": "v1",
            "target": {
              "file": "drivers/crypto/msm/qce.c",
              "function": "_ce_setup"
            },
            "signature_type": "Function"
          },
          {
            "digest": {
              "threshold": 0.9,
              "line_hashes": [
                "54329070027958999005205272285571363530",
                "104019112391681517520607194843475405489",
                "259005624746145431141271222800649260434",
                "299031839035701828036705935903534448828",
                "324855518141734184166004938584749245239"
              ]
            },
            "id": "ASB-A-168918351-5e00cafd",
            "source": "https://git.codelinaro.org/clo/la/kernel/msm-3.18/commit/4e921964bd0686950",
            "deprecated": false,
            "signature_version": "v1",
            "target": {
              "file": "drivers/crypto/msm/qce.c"
            },
            "signature_type": "Line"
          },
          {
            "digest": {
              "threshold": 0.9,
              "line_hashes": [
                "54329070027958999005205272285571363530",
                "27807572458294576387789401497626774264",
                "267641931814400063274906089222814617921",
                "246708058076058107013233833817244730766",
                "163375013450682240264296450394547537128"
              ]
            },
            "id": "ASB-A-168918351-8129cde1",
            "source": "https://git.codelinaro.org/clo/la/kernel/msm-3.18/commit/4e921964bd0686950",
            "deprecated": false,
            "signature_version": "v1",
            "target": {
              "file": "drivers/crypto/msm/qce50.c"
            },
            "signature_type": "Line"
          },
          {
            "digest": {
              "length": 6484.0,
              "function_hash": "51837035638511523487462637886131347330"
            },
            "id": "ASB-A-168918351-ff082e7d",
            "source": "https://git.codelinaro.org/clo/la/kernel/msm-4.9/commit/6b3e480f729f291ec9e89e9864582795f02ac1d9",
            "deprecated": false,
            "signature_version": "v1",
            "target": {
              "file": "drivers/crypto/msm/qce50.c",
              "function": "_ce_setup_cipher"
            },
            "signature_type": "Function"
          }
        ],
        "fixes": [
          "https://source.codeaurora.org/quic/la/kernel/msm-4.9/commit/?id=6b3e480f729f291ec9e89e9864582795f02ac1d9",
          "https://source.codeaurora.org/quic/la/kernel/msm-3.18/commit/?id=4e921964bd0686950"
        ],
        "spl": "2021-06-05",
        "severity": "High",
        "types": [
          "Unknown"
        ]
      },
      "database_specific": {
        "source": "https://storage.googleapis.com/android-osv/ASB-A-168918351.json"
      }
    },
    {
      "package": {
        "name": "oss/kernel/linux-msm",
        "ecosystem": "Android"
      },
      "ranges": [
        {
          "type": "ECOSYSTEM",
          "events": [
            {
              "introduced": "SoCVersion:0"
            },
            {
              "fixed": "SoCVersion:2021-06-05"
            }
          ]
        }
      ],
      "versions": [
        "SoCVersion"
      ],
      "ecosystem_specific": {
        "vanir_signatures": [
          {
            "digest": {
              "threshold": 0.9,
              "line_hashes": [
                "104019112391681517520607194843475405489",
                "259005624746145431141271222800649260434",
                "299031839035701828036705935903534448828",
                "324855518141734184166004938584749245239"
              ]
            },
            "id": "ASB-A-168918351-38cd2acb",
            "source": "https://git.codelinaro.org/clo/qsdk/oss/kernel/linux-msm/commit/b2d624743de45b07bffc53224fa8987dd7199fae",
            "deprecated": false,
            "signature_version": "v1",
            "target": {
              "file": "drivers/crypto/msm/qce.c"
            },
            "signature_type": "Line"
          },
          {
            "digest": {
              "length": 5667.0,
              "function_hash": "11379530170882268575717260028100720579"
            },
            "id": "ASB-A-168918351-a9b7c599",
            "source": "https://git.codelinaro.org/clo/qsdk/oss/kernel/linux-msm/commit/b2d624743de45b07bffc53224fa8987dd7199fae",
            "deprecated": false,
            "signature_version": "v1",
            "target": {
              "file": "drivers/crypto/msm/qce.c",
              "function": "_ce_setup"
            },
            "signature_type": "Function"
          }
        ],
        "fixes": [
          "https://source.codeaurora.org/quic/qsdk/oss/kernel/linux-msm/commit/?id=b2d624743de45b07bffc53224fa8987dd7199fae"
        ],
        "spl": "2021-06-05",
        "severity": "High",
        "types": [
          "Unknown"
        ]
      },
      "database_specific": {
        "source": "https://storage.googleapis.com/android-osv/ASB-A-168918351.json"
      }
    }
  ],
  "schema_version": "1.6.0"
}