{
  "id": "ASB-A-201645790",
  "summary": "Selinux Fix to allow CTS Listening Ports Test to work android.appsecurity.cts.ListeningPortsTest#testNoRemotelyAccessibleListeningUdpPorts ",
  "details": "In the policies of adbd.te, there was a logic error which caused the CTS Listening Ports Test to report invalid results. This could lead to local information disclosure with no additional execution privileges needed. User interaction is not needed for exploitation.",
  "aliases": [
    "A-201645790",
    "CVE-2021-39700"
  ],
  "modified": "2024-08-07T19:30:04.564283Z",
  "published": "2022-05-01T00:00:00Z",
  "references": [
    {
      "type": "ADVISORY",
      "url": "https://source.android.com/security/bulletin/2022-05-01"
    },
    {
      "type": "FIX",
      "url": "https://android.googlesource.com/platform/system/sepolicy/+/ac15c76a51cebb2114f80f6fc2863fc671e7e2c4"
    }
  ],
  "affected": [
    {
      "package": {
        "name": "platform/system/sepolicy",
        "ecosystem": "Android"
      },
      "ranges": [
        {
          "type": "ECOSYSTEM",
          "events": [
            {
              "introduced": "10:0"
            },
            {
              "fixed": "10:2022-05-01"
            }
          ]
        }
      ],
      "versions": [
        "10"
      ],
      "ecosystem_specific": {
        "fixes": [
          "https://android.googlesource.com/platform/system/sepolicy/+/f7727ace663ac830b303e2fb2ae6c61dd5152db5"
        ],
        "spl": "2022-05-01",
        "severity": "Moderate",
        "types": [
          "ID"
        ]
      },
      "database_specific": {
        "source": "https://storage.googleapis.com/android-osv/ASB-A-201645790.json"
      }
    },
    {
      "package": {
        "name": "platform/system/sepolicy",
        "ecosystem": "Android"
      },
      "ranges": [
        {
          "type": "ECOSYSTEM",
          "events": [
            {
              "introduced": "11:0"
            },
            {
              "fixed": "11:2022-05-01"
            }
          ]
        }
      ],
      "versions": [
        "11"
      ],
      "ecosystem_specific": {
        "fixes": [
          "https://android.googlesource.com/platform/system/sepolicy/+/1a6b37d838459b3d46cc06e31bc3c2bf5e7c387f"
        ],
        "spl": "2022-05-01",
        "severity": "Moderate",
        "types": [
          "ID"
        ]
      },
      "database_specific": {
        "source": "https://storage.googleapis.com/android-osv/ASB-A-201645790.json"
      }
    },
    {
      "package": {
        "name": "platform/system/sepolicy",
        "ecosystem": "Android"
      },
      "ranges": [
        {
          "type": "ECOSYSTEM",
          "events": [
            {
              "introduced": "12:0"
            },
            {
              "fixed": "12:2022-05-01"
            }
          ]
        }
      ],
      "versions": [
        "12"
      ],
      "ecosystem_specific": {
        "fixes": [
          "https://android.googlesource.com/platform/system/sepolicy/+/fe0705ba4244377159731a80e180bd6ae0be4861"
        ],
        "spl": "2022-05-01",
        "severity": "Moderate",
        "types": [
          "ID"
        ]
      },
      "database_specific": {
        "source": "https://storage.googleapis.com/android-osv/ASB-A-201645790.json"
      }
    }
  ],
  "schema_version": "1.6.0"
}