{
  "id": "ASB-A-156021269",
  "summary": "Bluetooth mutable pending intents in notifications",
  "details": "In setNotification of SapServer.java, there is a possible permission bypass due to a PendingIntent error. This could lead to local information disclosure with User execution privileges needed. User interaction is not needed for exploitation.",
  "aliases": [
    "A-156021269",
    "CVE-2020-0410"
  ],
  "modified": "2024-08-07T19:30:11.219802Z",
  "published": "2020-10-01T00:00:00Z",
  "references": [
    {
      "type": "ADVISORY",
      "url": "https://source.android.com/security/bulletin/2020-10-01"
    },
    {
      "type": "FIX",
      "url": "https://android.googlesource.com/platform/packages/apps/Bluetooth/+/4e9aefd2167cffd745d92abe4c7ce3b2bdbd91ff"
    }
  ],
  "affected": [
    {
      "package": {
        "name": "platform/packages/apps/Bluetooth",
        "ecosystem": "Android"
      },
      "ranges": [
        {
          "type": "ECOSYSTEM",
          "events": [
            {
              "introduced": "8.0:0"
            },
            {
              "fixed": "8.0:2020-10-01"
            }
          ]
        }
      ],
      "versions": [
        "8.0"
      ],
      "ecosystem_specific": {
        "vanir_signatures": [
          {
            "digest": {
              "length": 3142.0,
              "function_hash": "197900126845587824394117090079378270627"
            },
            "id": "ASB-A-156021269-6de86636",
            "source": "https://android.googlesource.com/platform/packages/apps/Bluetooth/+/4e9aefd2167cffd745d92abe4c7ce3b2bdbd91ff",
            "deprecated": false,
            "signature_version": "v1",
            "target": {
              "file": "src/com/android/bluetooth/sap/SapServer.java",
              "function": "setNotification"
            },
            "signature_type": "Function"
          },
          {
            "digest": {
              "threshold": 0.9,
              "line_hashes": [
                "144029841568908408176958828052010481441",
                "305624968972022862758798491584251603702",
                "147220089984050424096213671662241802959",
                "282390294194296649121608924362399303020"
              ]
            },
            "id": "ASB-A-156021269-b5211175",
            "source": "https://android.googlesource.com/platform/packages/apps/Bluetooth/+/4e9aefd2167cffd745d92abe4c7ce3b2bdbd91ff",
            "deprecated": false,
            "signature_version": "v1",
            "target": {
              "file": "src/com/android/bluetooth/sap/SapServer.java"
            },
            "signature_type": "Line"
          }
        ],
        "fixes": [
          "https://android.googlesource.com/platform/packages/apps/Bluetooth/+/4e9aefd2167cffd745d92abe4c7ce3b2bdbd91ff"
        ],
        "spl": "2020-10-01",
        "severity": "High",
        "types": [
          "ID"
        ]
      },
      "database_specific": {
        "source": "https://storage.googleapis.com/android-osv/ASB-A-156021269.json"
      }
    },
    {
      "package": {
        "name": "platform/packages/apps/Bluetooth",
        "ecosystem": "Android"
      },
      "ranges": [
        {
          "type": "ECOSYSTEM",
          "events": [
            {
              "introduced": "8.1:0"
            },
            {
              "fixed": "8.1:2020-10-01"
            }
          ]
        }
      ],
      "versions": [
        "8.1"
      ],
      "ecosystem_specific": {
        "vanir_signatures": [
          {
            "digest": {
              "threshold": 0.9,
              "line_hashes": [
                "144029841568908408176958828052010481441",
                "305624968972022862758798491584251603702",
                "147220089984050424096213671662241802959",
                "282390294194296649121608924362399303020"
              ]
            },
            "id": "ASB-A-156021269-1a6f915a",
            "source": "https://android.googlesource.com/platform/packages/apps/Bluetooth/+/4e9aefd2167cffd745d92abe4c7ce3b2bdbd91ff",
            "deprecated": false,
            "signature_version": "v1",
            "target": {
              "file": "src/com/android/bluetooth/sap/SapServer.java"
            },
            "signature_type": "Line"
          },
          {
            "digest": {
              "length": 3142.0,
              "function_hash": "197900126845587824394117090079378270627"
            },
            "id": "ASB-A-156021269-9b7bb242",
            "source": "https://android.googlesource.com/platform/packages/apps/Bluetooth/+/4e9aefd2167cffd745d92abe4c7ce3b2bdbd91ff",
            "deprecated": false,
            "signature_version": "v1",
            "target": {
              "file": "src/com/android/bluetooth/sap/SapServer.java",
              "function": "setNotification"
            },
            "signature_type": "Function"
          }
        ],
        "fixes": [
          "https://android.googlesource.com/platform/packages/apps/Bluetooth/+/4e9aefd2167cffd745d92abe4c7ce3b2bdbd91ff"
        ],
        "spl": "2020-10-01",
        "severity": "High",
        "types": [
          "ID"
        ]
      },
      "database_specific": {
        "source": "https://storage.googleapis.com/android-osv/ASB-A-156021269.json"
      }
    },
    {
      "package": {
        "name": "platform/packages/apps/Bluetooth",
        "ecosystem": "Android"
      },
      "ranges": [
        {
          "type": "ECOSYSTEM",
          "events": [
            {
              "introduced": "9:0"
            },
            {
              "fixed": "9:2020-10-01"
            }
          ]
        }
      ],
      "versions": [
        "9"
      ],
      "ecosystem_specific": {
        "vanir_signatures": [
          {
            "digest": {
              "length": 3142.0,
              "function_hash": "197900126845587824394117090079378270627"
            },
            "id": "ASB-A-156021269-5fdc5d07",
            "source": "https://android.googlesource.com/platform/packages/apps/Bluetooth/+/4e9aefd2167cffd745d92abe4c7ce3b2bdbd91ff",
            "deprecated": false,
            "signature_version": "v1",
            "target": {
              "file": "src/com/android/bluetooth/sap/SapServer.java",
              "function": "setNotification"
            },
            "signature_type": "Function"
          },
          {
            "digest": {
              "threshold": 0.9,
              "line_hashes": [
                "144029841568908408176958828052010481441",
                "305624968972022862758798491584251603702",
                "147220089984050424096213671662241802959",
                "282390294194296649121608924362399303020"
              ]
            },
            "id": "ASB-A-156021269-c1a30efb",
            "source": "https://android.googlesource.com/platform/packages/apps/Bluetooth/+/4e9aefd2167cffd745d92abe4c7ce3b2bdbd91ff",
            "deprecated": false,
            "signature_version": "v1",
            "target": {
              "file": "src/com/android/bluetooth/sap/SapServer.java"
            },
            "signature_type": "Line"
          }
        ],
        "fixes": [
          "https://android.googlesource.com/platform/packages/apps/Bluetooth/+/4e9aefd2167cffd745d92abe4c7ce3b2bdbd91ff"
        ],
        "spl": "2020-10-01",
        "severity": "High",
        "types": [
          "ID"
        ]
      },
      "database_specific": {
        "source": "https://storage.googleapis.com/android-osv/ASB-A-156021269.json"
      }
    },
    {
      "package": {
        "name": "platform/packages/apps/Bluetooth",
        "ecosystem": "Android"
      },
      "ranges": [
        {
          "type": "ECOSYSTEM",
          "events": [
            {
              "introduced": "10:0"
            },
            {
              "fixed": "10:2020-10-01"
            }
          ]
        }
      ],
      "versions": [
        "10"
      ],
      "ecosystem_specific": {
        "vanir_signatures": [
          {
            "digest": {
              "threshold": 0.9,
              "line_hashes": [
                "144029841568908408176958828052010481441",
                "305624968972022862758798491584251603702",
                "147220089984050424096213671662241802959",
                "282390294194296649121608924362399303020"
              ]
            },
            "id": "ASB-A-156021269-54726431",
            "source": "https://android.googlesource.com/platform/packages/apps/Bluetooth/+/4e9aefd2167cffd745d92abe4c7ce3b2bdbd91ff",
            "deprecated": false,
            "signature_version": "v1",
            "target": {
              "file": "src/com/android/bluetooth/sap/SapServer.java"
            },
            "signature_type": "Line"
          },
          {
            "digest": {
              "length": 3142.0,
              "function_hash": "197900126845587824394117090079378270627"
            },
            "id": "ASB-A-156021269-91753870",
            "source": "https://android.googlesource.com/platform/packages/apps/Bluetooth/+/4e9aefd2167cffd745d92abe4c7ce3b2bdbd91ff",
            "deprecated": false,
            "signature_version": "v1",
            "target": {
              "file": "src/com/android/bluetooth/sap/SapServer.java",
              "function": "setNotification"
            },
            "signature_type": "Function"
          }
        ],
        "fixes": [
          "https://android.googlesource.com/platform/packages/apps/Bluetooth/+/4e9aefd2167cffd745d92abe4c7ce3b2bdbd91ff"
        ],
        "spl": "2020-10-01",
        "severity": "High",
        "types": [
          "ID"
        ]
      },
      "database_specific": {
        "source": "https://storage.googleapis.com/android-osv/ASB-A-156021269.json"
      }
    },
    {
      "package": {
        "name": "platform/packages/apps/Bluetooth",
        "ecosystem": "Android"
      },
      "ranges": [
        {
          "type": "ECOSYSTEM",
          "events": [
            {
              "introduced": "11:0"
            },
            {
              "fixed": "11:2020-10-01"
            }
          ]
        }
      ],
      "versions": [
        "11"
      ],
      "ecosystem_specific": {
        "vanir_signatures": [
          {
            "digest": {
              "threshold": 0.9,
              "line_hashes": [
                "144029841568908408176958828052010481441",
                "305624968972022862758798491584251603702",
                "147220089984050424096213671662241802959",
                "282390294194296649121608924362399303020"
              ]
            },
            "id": "ASB-A-156021269-2ec092f2",
            "source": "https://android.googlesource.com/platform/packages/apps/Bluetooth/+/4e9aefd2167cffd745d92abe4c7ce3b2bdbd91ff",
            "deprecated": false,
            "signature_version": "v1",
            "target": {
              "file": "src/com/android/bluetooth/sap/SapServer.java"
            },
            "signature_type": "Line"
          },
          {
            "digest": {
              "length": 3142.0,
              "function_hash": "197900126845587824394117090079378270627"
            },
            "id": "ASB-A-156021269-5e27e971",
            "source": "https://android.googlesource.com/platform/packages/apps/Bluetooth/+/4e9aefd2167cffd745d92abe4c7ce3b2bdbd91ff",
            "deprecated": false,
            "signature_version": "v1",
            "target": {
              "file": "src/com/android/bluetooth/sap/SapServer.java",
              "function": "setNotification"
            },
            "signature_type": "Function"
          }
        ],
        "fixes": [
          "https://android.googlesource.com/platform/packages/apps/Bluetooth/+/4e9aefd2167cffd745d92abe4c7ce3b2bdbd91ff"
        ],
        "spl": "2020-10-01",
        "severity": "High",
        "types": [
          "ID"
        ]
      },
      "database_specific": {
        "source": "https://storage.googleapis.com/android-osv/ASB-A-156021269.json"
      }
    }
  ],
  "schema_version": "1.6.0"
}