{
  "id": "ASB-A-168722551",
  "summary": "Use After Free in Graphics",
  "aliases": [
    "2744826",
    "A-168722551",
    "CVE-2020-11239"
  ],
  "modified": "2024-08-14T00:12:02.149725Z",
  "published": "2021-01-01T00:00:00Z",
  "references": [
    {
      "type": "ADVISORY",
      "url": "https://source.android.com/security/bulletin/2021-01-01"
    },
    {
      "type": "FIX",
      "url": "https://source.codeaurora.org/quic/la/kernel/msm-3.18/commit/?id=20e2434473b259b40b590099da9fbce02a37cc8a"
    }
  ],
  "affected": [
    {
      "package": {
        "name": ":linux_kernel:Qualcomm",
        "ecosystem": "Android"
      },
      "ranges": [
        {
          "type": "ECOSYSTEM",
          "events": [
            {
              "introduced": "SoCVersion:0"
            },
            {
              "fixed": "SoCVersion:2021-01-05"
            }
          ]
        }
      ],
      "versions": [
        "SoCVersion"
      ],
      "ecosystem_specific": {
        "vanir_signatures": [
          {
            "digest": {
              "length": 1641.0,
              "function_hash": "169276433938748865245871685995680492078"
            },
            "id": "ASB-A-168722551-1e63a400",
            "source": "https://git.codelinaro.org/clo/la/kernel/msm-3.18/commit/20e2434473b259b40b590099da9fbce02a37cc8a",
            "deprecated": false,
            "signature_version": "v1",
            "target": {
              "file": "drivers/gpu/msm/kgsl.c",
              "function": "kgsl_ioctl_gpuobj_import"
            },
            "signature_type": "Function"
          },
          {
            "digest": {
              "threshold": 0.9,
              "line_hashes": [
                "86614049439407660843233847770693110122",
                "211579441303765366667168112633910232007",
                "161624896116145632642792889636091825470",
                "48902796023580907403498410733016575391",
                "13767541613358243352834186764762840313",
                "183505637783281245082078742057229559083",
                "74913381607544586813251903176794454593",
                "46879327972854963402136090816393973476",
                "195122887112889868108212979492638988665"
              ]
            },
            "id": "ASB-A-168722551-59b2d48d",
            "source": "https://git.codelinaro.org/clo/la/kernel/msm-3.18/commit/20e2434473b259b40b590099da9fbce02a37cc8a",
            "deprecated": false,
            "signature_version": "v1",
            "target": {
              "file": "drivers/gpu/msm/kgsl.c"
            },
            "signature_type": "Line"
          },
          {
            "digest": {
              "length": 2593.0,
              "function_hash": "81332400631861348309942328792770234866"
            },
            "id": "ASB-A-168722551-9c29df11",
            "source": "https://git.codelinaro.org/clo/la/kernel/msm-3.18/commit/20e2434473b259b40b590099da9fbce02a37cc8a",
            "deprecated": false,
            "signature_version": "v1",
            "target": {
              "file": "drivers/gpu/msm/kgsl.c",
              "function": "kgsl_ioctl_map_user_mem"
            },
            "signature_type": "Function"
          }
        ],
        "fixes": [
          "https://source.codeaurora.org/quic/la/kernel/msm-3.18/commit/?id=20e2434473b259b40b590099da9fbce02a37cc8a"
        ],
        "spl": "2021-01-05",
        "severity": "High",
        "types": [
          "Unknown"
        ]
      },
      "database_specific": {
        "source": "https://storage.googleapis.com/android-osv/ASB-A-168722551.json"
      }
    }
  ],
  "schema_version": "1.6.0"
}