{
  "id": "ASB-A-147104886",
  "summary": "Use After Free Issue in Data",
  "aliases": [
    "2525999",
    "A-147104886",
    "CVE-2019-14117"
  ],
  "modified": "2024-08-13T23:59:25.969940Z",
  "published": "2020-09-01T00:00:00Z",
  "references": [
    {
      "type": "ADVISORY",
      "url": "https://source.android.com/security/bulletin/2020-09-01"
    },
    {
      "type": "FIX",
      "url": "https://source.codeaurora.org/quic/la/kernel/msm-4.14/commit/?id=06d7c43e7e4e224ab96bb1e069d495a8dd95c60a"
    }
  ],
  "affected": [
    {
      "package": {
        "name": ":linux_kernel:Qualcomm",
        "ecosystem": "Android"
      },
      "ranges": [
        {
          "type": "ECOSYSTEM",
          "events": [
            {
              "introduced": "SoCVersion:0"
            },
            {
              "fixed": "SoCVersion:2020-09-05"
            }
          ]
        }
      ],
      "versions": [
        "SoCVersion"
      ],
      "ecosystem_specific": {
        "vanir_signatures": [
          {
            "digest": {
              "length": 210.0,
              "function_hash": "150776064712953313068618326435476441193"
            },
            "id": "ASB-A-147104886-64d1c880",
            "source": "https://git.codelinaro.org/clo/la/kernel/msm-4.14/commit/06d7c43e7e4e224ab96bb1e069d495a8dd95c60a",
            "deprecated": false,
            "signature_version": "v1",
            "target": {
              "file": "drivers/net/ethernet/qualcomm/rmnet/rmnet_map_data.c",
              "function": "rmnet_free_agg_pages"
            },
            "signature_type": "Function"
          },
          {
            "digest": {
              "length": 291.0,
              "function_hash": "212071095574515623102454136743772106935"
            },
            "id": "ASB-A-147104886-a1e51f12",
            "source": "https://git.codelinaro.org/clo/la/kernel/msm-4.14/commit/06d7c43e7e4e224ab96bb1e069d495a8dd95c60a",
            "deprecated": false,
            "signature_version": "v1",
            "target": {
              "file": "drivers/net/ethernet/qualcomm/rmnet/rmnet_map_data.c",
              "function": "__rmnet_alloc_agg_pages"
            },
            "signature_type": "Function"
          },
          {
            "digest": {
              "threshold": 0.9,
              "line_hashes": [
                "104138887594953507767401553783629610907",
                "136812559530399313715732413137897077169",
                "209592009222787846992970944388263396385",
                "184335448991208375650765126289759126974",
                "329630122361117825274810447443372657456",
                "56081610480775260424944702694575029485",
                "132458459816362634229565480460670061180",
                "303001675357277962489189415578771832975"
              ]
            },
            "id": "ASB-A-147104886-c7b9bd5e",
            "source": "https://git.codelinaro.org/clo/la/kernel/msm-4.14/commit/06d7c43e7e4e224ab96bb1e069d495a8dd95c60a",
            "deprecated": false,
            "signature_version": "v1",
            "target": {
              "file": "drivers/net/ethernet/qualcomm/rmnet/rmnet_map_data.c"
            },
            "signature_type": "Line"
          }
        ],
        "fixes": [
          "https://source.codeaurora.org/quic/la/kernel/msm-4.14/commit/?id=06d7c43e7e4e224ab96bb1e069d495a8dd95c60a"
        ],
        "spl": "2020-09-05",
        "severity": "High",
        "types": [
          "Unknown"
        ]
      },
      "database_specific": {
        "source": "https://storage.googleapis.com/android-osv/ASB-A-147104886.json"
      }
    }
  ],
  "schema_version": "1.6.0"
}